% Model:              argon_gec_ccp_2_oggeo.mph
% Version:            COMSOL 6.2.0.290
% Date:               Jun 19 2026, 15:36
% Dimension:          2
% Nodes:              1520
% Expressions:        15
% Description:        Electron density, period averaged
% Length unit:        m
% R                       Z                        ptp.neav (1/m^3) @ P0=1  ptp.neav (1/m^3) @ P0=2  ptp.neav (1/m^3) @ P0=3  ptp.neav (1/m^3) @ P0=4  ptp.neav (1/m^3) @ P0=5  ptp.neav (1/m^3) @ P0=6  ptp.neav (1/m^3) @ P0=7  ptp.neav (1/m^3) @ P0=8  ptp.neav (1/m^3) @ P0=9  ptp.neav (1/m^3) @ P0=10 ptp.neav (1/m^3) @ P0=11 ptp.neav (1/m^3) @ P0=12 ptp.neav (1/m^3) @ P0=13 ptp.neav (1/m^3) @ P0=14 ptp.neav (1/m^3) @ P0=14.883
0.10098717948717947       0.06290468750000001      2.3187454439940106E11    4.5032598353498145E11    6.37928182710921E11      8.045981247018774E11     9.55493120752202E11      1.0955056017405966E12    1.2272793313513901E12    1.3510364522774365E12    1.4699465071436348E12    1.5836375781500342E12    1.6937770726677192E12    1.8007200855749001E12    1.905727557613368E12     2.0083331564365688E12    2.0967589748415852E12
0.1016                    0.0629046875             1.8833996875712738E11    3.6006696116703436E11    5.047772891063322E11     6.330489897153662E11     7.486769748443132E11     8.549369448693279E11     9.547640904479705E11     1.0485243829059081E12    1.138398855586874E12     1.224420757508518E12     1.3079783964600178E12    1.3890789876325283E12    1.4686930526658926E12    1.54656131799103E12      1.6137351659490288E12
0.10098717948717949       0.0635                   1.8919825774123682E11    3.616673016398054E11     5.070319752029968E11     6.358407966256624E11     7.519628325372837E11     8.58698506570635E11      9.589697366294607E11     1.0531396120812877E12    1.1434117732958628E12    1.2298063929822715E12    1.3137083420112825E12    1.3951404578689429E12    1.4750839750593818E12    1.5532754152027341E12    1.6207317434513108E12
0.10160000000000001       0.0635                   1.639146885180627E11     3.1318991885277655E11    4.3942793032214154E11    5.505358046420193E11     6.50627757907031E11      7.431625930147574E11     8.29993850894603E11      9.114024512306483E11     9.895436241164604E11     1.0642411999411572E12    1.1366117979703254E12    1.206876285105032E12     1.2758951405480762E12    1.3434723691731292E12    1.4018133943412612E12
0.10098717948717946       0.061714062499999986     3.1925250526358203E11    6.340225007812914E11     9.078509036908448E11     1.1555919723176724E12    1.3812257366275708E12    1.590128203008797E12     1.7875372370706008E12    1.9735496651674138E12    2.1519976465213977E12    2.322887766932061E12     2.489021758223235E12     2.6500776684148965E12    2.8079593518712686E12    2.9616158086831E12       3.09349896685666E12
0.1016                    0.0617140625             2.3301261869881012E11    4.4350523897898975E11    6.213450776511648E11     7.778611493168823E11     9.188409279088005E11     1.0491197819241997E12    1.1713634309293328E12    1.286005588297303E12     1.3960037604698245E12    1.5011616860469795E12    1.6030685095436833E12    1.702016844334041E12     1.7992253796296055E12    1.8944052995953823E12    1.976607766773266E12
0.09958644688644686       0.0629046875             3.336991126603184E11     6.638348723544437E11     9.517668944311497E11     1.2120340896904854E12    1.449542222444574E12     1.669576725475766E12     1.877498523334914E12     2.0733231512568755E12    2.2616066962424204E12    2.441739586871414E12     2.616300366040427E12     2.785274697982692E12     2.950915844049214E12     3.1124690848609014E12    3.2512715158897485E12
0.0995864468864469        0.0635                   2.4128780508128067E11    4.588807218531224E11     6.426465858388458E11     8.044396764528635E11     9.502074638039856E11     1.0848523520495167E12    1.211190662066445E12     1.3296578231981155E12    1.4433839525971052E12    1.5521369508736978E12    1.6575132445704958E12    1.7598121644375427E12    1.8603152843218333E12    1.9587542981940303E12    2.0437806822269924E12
0.10098717948717947       0.059928125              4.488705987048337E11     9.057622913823308E11     1.311101679409358E12     1.6766174618867007E12    2.011182028372924E12     2.3235270984461177E12    2.618324111325859E12     2.895844537573239E12     3.16222179122162E12      3.4163848933294883E12    3.6619261033879136E12    3.8999625200461323E12    4.132900463062094E12     4.359312076674956E12     4.553833624978138E12
0.1016                    0.059928125              2.899063064256693E11     5.486848765563924E11     7.661486613698021E11     9.585090169746603E11     1.1318087825106343E12    1.291151076571744E12     1.440816489541131E12     1.5814909520129905E12    1.7163469300443806E12    1.8454725510635254E12    1.9709624118296199E12    2.092880416819804E12     2.212672102937322E12     2.329999654435279E12     2.4313764613056396E12
0.09739780219780213       0.0629046875             4.903349120009977E11     9.925557047397826E11     1.439284567841229E12     1.8422942026337576E12    2.21191311505251E12      2.557468842805226E12     2.883104781903342E12     3.188487413424607E12     3.482955928912409E12     3.764228248997875E12     4.0349337023744214E12    4.296421340526048E12     4.553047317356468E12     4.802695682912904E12     5.017210353311178E12
0.09739780219780218       0.0635                   3.084126753240876E11     5.827745772835448E11     8.135321690624392E11     1.0175506995619753E12    1.2014621491333552E12    1.3706870972130254E12    1.5296989409077532E12    1.6790965608119158E12    1.8224522139498914E12    1.9597618353392012E12    2.093143169570214E12     2.2227439950268525E12    2.3500975259364453E12    2.474854923642383E12     2.5826882073046416E12
0.10098717948717945       0.05754687499999998      6.153312086757048E11     1.261390849282016E12     1.838816283391674E12     2.3651240084401553E12    2.8480137158156196E12    3.2966795347012236E12    3.719863260085083E12     4.1187889277302925E12    4.50032764874469E12      4.864630426267619E12     5.217117478868323E12     5.558437573542516E12     5.892963849690172E12     6.219171905834185E12     6.499963700577629E12
0.1016                    0.057546875000000004     3.5072658895697894E11    6.587114462649397E11     9.179369413457861E11     1.1458656629384272E12    1.351239713280611E12     1.5411904643345806E12    1.719615556842751E12     1.887278370616466E12     2.048298908274239E12     2.2025052915827686E12    2.352156435938554E12     2.4977645661466016E12    2.6410839709637095E12    2.781806952663938E12     2.9036935071310903E12
0.09442124542124541       0.0629046875             6.931604866297848E11     1.4270291454396035E12    2.0854731227863462E12    2.6872535236489023E12    3.238191387261457E12     3.749380853446902E12     4.233578896761147E12     4.690664325454383E12     5.128889645673465E12     5.548755276399195E12     5.956749784479983E12     6.350931664837182E12     6.736219030009836E12     7.11118000805522E12      7.433217809816123E12
0.09442124542124541       0.0635                   3.7907518754325757E11    7.112266668990267E11     9.911290952597391E11     1.2378038107304297E12    1.4601386265454421E12    1.665667100183782E12     1.858957492112694E12     2.0406096555723032E12    2.215179607667894E12     2.3824606977821855E12    2.5449565942754507E12    2.7031372718753887E12    2.8585783259078916E12    3.011205000153035E12     3.143459399733649E12
0.10098717948717946       0.054570312499999996     8.120593206230525E11     1.681802696655251E12     2.466914902312114E12     3.1799755696007085E12    3.8339937510392266E12    4.449628390769367E12     5.030997653419124E12     5.579649405934041E12     6.105712885977607E12     6.609543231706799E12     7.098731512784421E12     7.574461445722483E12     8.04232794691513E12      8.498991114943406E12     8.89024140991216E12
0.1016                    0.054570312499999996     4.107069208810349E11     7.66842102052738E11      1.0654108575302302E12    1.3295105994651487E12    1.5677608473067844E12    1.787507546003195E12     1.994424326552664E12     2.189434325287603E12     2.376812044008472E12     2.556648655940197E12     2.7317296032138916E12    2.9022760676138906E12    3.0702560763511055E12    3.235349848332964E12     3.3784169387170005E12
0.09065677655677654       0.0629046875             9.25870403795232E11      1.9246382798285515E12    2.8307625165187607E12    3.656919574662647E12     4.417668188019914E12     5.131557430362421E12     5.809730125210525E12     6.44844907226045E12      7.065449529971854E12     7.655453179081545E12     8.228470100009046E12     8.785334822281209E12     9.329032178929646E12     9.86153844770108E12      1.0320334526029213E13
0.09065677655677656       0.0635                   4.45708354509226E11      8.321629971222195E11     1.1576260264652378E12    1.4456874607115803E12    1.7057444155143276E12    1.9458279781290393E12    2.172113849142348E12     2.3852201686807207E12    2.590025172960896E12     2.786480442181185E12     2.977712065649655E12     3.1640893867504263E12    3.3472463399769243E12    3.5270679843454834E12    3.6829477594479546E12
0.10098717948717947       0.0509984375             1.0320962700145438E12    2.1517152481696138E12    3.1619965638795234E12    4.0931854305222437E12    4.951465239446291E12     5.753750949966297E12     6.516557634214168E12     7.239698543948199E12     7.938610743802111E12     8.608642859014696E12     9.26047807224384E12      9.892234471191988E12     1.0514021977389969E13    1.1121676710603236E13    1.164487821976362E13
0.1016                    0.0509984375             4.6549939125455273E11    8.628483184798931E11     1.1969044864005435E12    1.4911794962914717E12    1.7570330907746853E12    2.0036920071144863E12    2.236297552162426E12     2.45545228982622E12      2.666447508476851E12     2.8689520927630684E12    3.0658645004387314E12    3.2578591796366636E12    3.447223702120804E12     3.633654849027303E12     3.795532033991221E12
0.08610439560439562       0.0629046875             1.1564569471753923E12    2.417796223611463E12     3.5643410861648027E12    4.618706175700488E12     5.590954764862114E12     6.502560294328167E12     7.373205151604018E12     8.19669269108464E12      8.987969442653984E12     9.743339304080666E12     1.0478620758793016E13    1.1189885188128031E13    1.1890153250080732E13    1.2569995382366828E13    1.3154496408391277E13
0.08610439560439562       0.0635                   5.012284206078638E11     9.31906597610929E11      1.2956411927182417E12    1.616770516571528E12     1.906847795356304E12     2.1757157326754863E12    2.429243047048861E12     2.66790442954663E12      2.89748405475708E12      3.117652279387319E12     3.3317738421092275E12    3.54061081228245E12      3.7458789606191196E12    3.947670192545623E12     4.1228316177888667E12
0.10098717948717945       0.046831249999999984     1.258274233342016E12     2.619524815811961E12     3.861125335785374E12     4.994119386317343E12     6.042516689962887E12     7.036989656566857E12     7.985132681148625E12     8.882180232582463E12     9.746243991346184E12     1.0569753116157447E13    1.137211337460023E13     1.214909932417744E13     1.2915845013285807E13    1.3664443019784002E13    1.42986992537302E13
0.1016                    0.04683125               5.1312009967586237E11    9.4528276470984E11       1.3073827681119553E12    1.6282008036924414E12    1.918609905536927E12     2.1874345736309949E12    2.4413852231467676E12    2.6811386568614688E12    2.9118681298542344E12    3.1336228366529697E12    3.3497633973863545E12    3.5606657890815005E12    3.7687914266665073E12    3.9738049822393145E12    4.1518340291241636E12
0.08076410256410256       0.0629046875             1.3362349868123784E12    2.7931728317623843E12    4.120377975758785E12     5.333015072518878E12     6.456063309683105E12     7.520100078319899E12     8.526106936460821E12     9.473959239108945E12     1.0389207849496717E13    1.12605799103233E13      1.2104590630457932E13    1.2926085313702297E13    1.373093625269315E13     1.4508040308528768E13    1.5170240769611832E13
0.08076410256410256       0.0635                   5.406882968872675E11     1.0025860932500764E12    1.391873727921772E12     1.7363233792247183E12    2.0477501725735881E12    2.3359207885574023E12    2.6077708223415522E12    2.863981210075897E12     3.1102685452749624E12    3.3465855061705786E12    3.5766750212025884E12    3.8012098846916367E12    4.0220208253108657E12    4.2389181944354976E12    4.427048055934789E12
0.10098717948717946       0.042068749999999995     1.4810948116720972E12    3.0823373608100356E12    4.535499415745801E12     5.88305035021873E12      7.14052998851991E12      8.321718126748954E12     9.444809279109223E12     1.0506222738614264E13    1.1532426118825564E13    1.2517629477026906E13    1.3462913983271244E13    1.437155235134335E13     1.5261658094309936E13    1.6128787311329686E13    1.6871139062166625E13
0.1016                    0.04206875               5.506591748647803E11     1.0059312730087692E12    1.387915514796679E12     1.7250462712774934E12    2.0305637449784114E12    2.314672291550378E12     2.5830967065889565E12    2.8362339469905713E12    3.0801753866369062E12    3.314752538214637E12     3.5430093838712036E12    3.765990422623509E12     3.9864234687320215E12    4.203772001788835E12     4.3925341969553535E12
0.07463589743589742       0.06290468749999999      1.4077703140662056E12    2.942592009723553E12     4.334404271216969E12     5.617142274366073E12     6.808981399951541E12     7.927269877294865E12     8.986143839715564E12     9.99182620541434E12      1.0953667535816443E13    1.1873584078369146E13    1.2770395554800773E13    1.3638855064743795E13    1.4470501350883695E13    1.5282256854981734E13    1.598152874890648E13
0.07463589743589744       0.0635                   5.562669767536997E11     1.0279123545830455E12    1.4252316379470376E12    1.775613994020849E12     2.0922971442764797E12    2.386014358103748E12     2.662920774247836E12     2.923668874243813E12     3.1744309526018677E12    3.414987910361334E12     3.6490174415668843E12    3.8774832017111646E12    4.102192441705182E12     4.323199526013299E12     4.515091261423943E12
0.10098717948717945       0.03790156249999998      1.6486849061200828E12    3.421167409296443E12     5.044680831492051E12     6.549042861687373E12     7.948060888919604E12     9.267693203806787E12     1.0523347039890848E13    1.1713306043117041E13    1.2842455774601855E13    1.3911883090147043E13    1.4945290729490244E13    1.5949461720162736E13    1.6940819159291021E13    1.790270633058665E13     1.872091706577254E13
0.1016                    0.0379015625             5.754187234455145E11     1.044719157402291E12     1.4369029242106648E12    1.785167249625716E12     2.1008960050846445E12    2.3933652820304844E12    2.670068451799193E12     2.9315673158253486E12    3.183488647263931E12     3.426219835322023E12     3.662851457927801E12     3.894010971653726E12     4.122781470166485E12     4.347970951115831E12     4.54293872286933E12
0.06929560439560441       0.0629046875             1.3310070566290684E12    2.771486733652384E12     4.0816286274188047E12    5.27712211293835E12      6.383524423507511E12     7.432013755814841E12     8.424697044514589E12     9.359503331795111E12     1.0262732874142447E13    1.1122261811699451E13    1.1953931503940238E13    1.2763729210743057E13    1.3562027262108705E13    1.4331807198693592E13    1.4986854124428889E13
0.0692956043956044        0.0635                   5.4420289591991754E11    1.0033161300779869E12    1.3887449373706013E12    1.729225291507872E12     2.036886541920173E12     2.321427011434026E12     2.589770214412991E12     2.842740590996498E12     3.085893631459998E12     3.319250746275389E12     3.5464795795428833E12    3.768268452509094E12     3.986575998193402E12     4.2009055421058877E12    4.38676611349328E12
0.10098717948717949       0.0343296875             1.778850450073678E12     3.6927153932182725E12    5.448384113264715E12     7.090844016798014E12     8.614735711228586E12     1.004428672868663E13     1.1409167182797025E13    1.2670952206854791E13    1.3884324310417744E13    1.5051830560221008E13    1.6181384638605193E13    1.7271409954882086E13    1.8346160665541145E13    1.93816854392193E13      2.0258596022506008E13
0.10159999999999998       0.0343296875             5.909616734804524E11     1.0665469308679492E12    1.465194279466475E12     1.8174133594312761E12    2.1366282056965977E12    2.433881307549649E12     2.7151584702579395E12    2.9807255202437593E12    3.2369454611189717E12    3.4837909698419614E12    3.723796285771546E12     3.9582939952346406E12    4.190801888380368E12     4.418879957471921E12     4.616462719961479E12
0.06474322344322345       0.06290468750000001      1.1439091517665308E12    2.36859675265389E12      3.472954985334492E12     4.485147290904194E12     5.418774686158739E12     6.29166309128757E12      7.123159807147589E12     7.911218809923007E12     8.6680351010903545E12    9.39318576767125E12      1.0095566599176963E13    1.0779951882958703E13    1.1449214793127629E13    1.210324174662882E13     1.2664378560619115E13
0.06474322344322345       0.0635                   5.080503386775824E11     9.354339715316407E11     1.2936368418053923E12    1.608562928837723E12     1.8926959309237666E12    2.1557942476159158E12    2.40365351882832E12      2.6370121398550957E12    2.8613770754141587E12    3.076631448739908E12     3.2859632065126353E12    3.490234066425113E12     3.6912211966175747E12    3.888691293498098E12     4.060005971284626E12
0.10098717948717945       0.031353125              1.8761833494027166E12    3.886504648358E12        5.7491083905222705E12    7.4769974606903125E12    9.076683180659918E12     1.059569736954642E13     1.2007949519141652E13    1.3341631241906428E13    1.4629004577162248E13    1.5857476131356049E13    1.7038084878421246E13    1.8180626699668434E13    1.9309604788713504E13    2.038592327988755E13     2.1304193231789668E13
0.10159999999999998       0.031353125              6.020473875286473E11     1.0835427328575354E12    1.4857598580846082E12    1.8433412164267458E12    2.1675864077856074E12    2.4682027682688936E12    2.7530680079714854E12    3.0226870057125435E12    3.2825610793706606E12    3.5331602027369536E12    3.7772331731149966E12    4.0156897507142573E12    4.252056007083985E12     4.482751624633201E12     4.683317522269651E12
0.06097875457875458       0.06290468749999999      8.98297894659868E11      1.8367013837092683E12    2.6771396754792314E12    3.4340319237285356E12    4.128689038951469E12     4.779779067265253E12     5.395575096852077E12     5.974141396981351E12     6.531636931181995E12     7.063659578711497E12     7.578473307768625E12     8.078187355466978E12     8.569124105991712E12     9.048298210233006E12     9.45956405316714E12
0.06097875457875458       0.0635                   4.5243873774623364E11    8.350649160249833E11     1.1541913794317102E12    1.4351580344914272E12    1.688353022170846E12     1.9216794420054866E12    2.1412735487656445E12    2.348100753824259E12     2.5466922489011094E12    2.737222420110583E12     2.922676965876806E12     3.103512816175374E12     3.281381831481803E12     3.455784192715207E12     3.6067987546708823E12
0.10098717948717946       0.028971874999999998     1.9476254425193074E12    4.0405318026834004E12    5.976964769850853E12     7.783916591015711E12     9.46245554006189E12      1.1028901740701838E13    1.2499169951655492E13    1.3892560224517219E13    1.5232835500623688E13    1.6510231958205004E13    1.7742195894953664E13    1.8936507799700438E13    2.0112823560237496E13    2.1222997529293746E13    2.2184350815532188E13
0.1016                    0.028971874999999998     6.092407205837701E11     1.0927021688721093E12    1.4982969769084622E12    1.856358766524247E12     2.1811147719161145E12    2.4840895176845015E12    2.771078988711314E12     3.0422787785765703E12    3.303910542815519E12     3.5558709145560776E12    3.800663516959365E12     4.0400138504676675E12    4.2772045596774863E12    4.508448852211569E12     4.710340593589912E12
0.0580021978021978        0.06290468749999997      6.521633356883445E11     1.3117989078430398E12    1.89390722021807E12      2.422053432388478E12     2.9051639765824336E12    3.3522717281347285E12    3.7730726165867676E12    4.169154592228165E12     4.549855917012984E12     4.914325893700222E12     5.267854277169724E12     5.610775045452453E12     5.944746034218042E12     6.267732866974553E12     6.544933591163606E12
0.0580021978021978        0.0635                   3.823577118869868E11     7.087601133269844E11     9.813164650687172E11     1.220150311262375E12     1.4350433770429915E12    1.6334155613730618E12    1.8196547400350156E12    1.9946685925462368E12    2.1626823380553186E12    2.3236171820860063E12    2.4799438389321245E12    2.6322635330350107E12    2.7819421026158213E12    2.928623140328286E12     3.0555633416953677E12
0.10098717948717949       0.027185937500000004     1.9952756332869365E12    4.134358949101876E12     6.127061400906346E12     7.968111050410374E12     9.681382731445643E12     1.1278479858466236E13    1.278809126270499E13     1.4214524668859822E13    1.5585414272798066E13    1.6888229987233465E13    1.814322166710141E13     1.936183972643986E13     2.0557027508700824E13    2.168600392823205E13     2.2677017314442895E13
0.10159999999999998       0.0271859375             6.143518699045483E11     1.101381540478763E12     1.5082024979366143E12    1.8700769583533093E12    2.1985439081085513E12    2.5030794271271445E12    2.7920340364727188E12    3.0656420888811973E12    3.3291846833688877E12    3.583290018082578E12     3.830891374186328E12     4.072961551100407E12     4.312186117634905E12     4.545512618369103E12     4.749444056553706E12
0.05581355311355312       0.06290468750000001      4.4497840128795325E11    8.744528713047253E11     1.249443123640601E12     1.5850576731841494E12    1.8910092978545417E12    2.1764057231470688E12    2.445128149717528E12     2.6981058874237705E12    2.941058538148791E12     3.172735341919689E12     3.397033365464702E12     3.6147939827242744E12    3.8281019522326885E12    4.035613008604147E12     4.2138413728961826E12
0.05581355311355311       0.0635                   3.076109478956556E11     5.740914799908236E11     7.963924236264149E11     9.921824328791465E11     1.1683351125132456E12    1.330239848602134E12     1.4822225748783145E12    1.6251434332700598E12    1.762077019308074E12     1.8931743628130876E12    2.020640046437951E12     2.1447228343768625E12    2.2665703093702207E12    2.385680853116733E12     2.4885170520416543E12
0.10098717948717947       0.02599531249999999      2.02567908256976E12      4.20435246781652E12      6.226547045365756E12     8.108047990078664E12     9.861854928249266E12     1.147839880173162E13     1.301418797716648E13     1.4467793317061014E13    1.5860873332624627E13    1.718590425322841E13     1.8468416525005652E13    1.971430835865853E13     2.0929927972045215E13    2.2084093612614676E13    2.3099948271607594E13
0.10159999999999998       0.0259953125             6.171295076141475E11     1.103906534538502E12     1.512645830103569E12     1.8731047721542876E12    2.200230769274003E12     2.505881071183845E12     2.795524925986088E12     3.069201120605445E12     3.333088680657382E12     3.5871518457317812E12    3.8340642371789736E12    4.075612827959528E12     4.3141326424228057E12    4.54745487776437E12      4.75171416177198E12
0.054412820512820516      0.06290468749999999      3.046716565097735E11     5.827599104642164E11     8.190713546654485E11     1.0296595767103981E12    1.2204020006211729E12    1.3965089999257368E12    1.562278207915021E12     1.718409111911314E12     1.8678959817876523E12    2.0109110666417485E12    2.1499497721881045E12    2.285143747917862E12     2.4176491531985137E12    2.5468924487284116E12    2.6581852511202856E12
0.054412820512820516      0.0635                   2.4424196666627768E11    4.570833654508434E11     6.354109312223066E11     7.916602626147451E11     9.322043195924802E11     1.0620680665587966E12    1.1838542050661611E12    1.2981522945505388E12    1.4077279944086348E12    1.5124941913227622E12    1.614136803282551E12     1.7130755696209033E12    1.8102438586790383E12    1.9053218021971504E12    1.9874343617059004E12
0.10098717948717947       0.02540000000000001      2.0391051791900964E12    4.226222191500517E12     6.266581812718938E12     8.149437269873693E12     9.904003481259623E12     1.1530015054634104E13    1.3075298806066201E13    1.4535102206347008E13    1.59346086754905E13      1.7264015620275656E13    1.8547973606344637E13    1.9796435441575027E13    2.101211083251147E13     2.217199326932157E13     2.3192998680996438E13
0.10160000000000001       0.025400000000000002     6.187893962682747E11     1.1079783885190757E12    1.516485969643817E12     1.8801531673474731E12    2.210367906610443E12     2.5164200306286626E12    2.8069285797870513E12    3.0820194781047793E12    3.346869419985618E12     3.602308257533611E12     3.8513517694387466E12    4.094887061673948E12     4.3348673884859736E12    4.569759778524162E12     4.775250921411733E12
0.0538                    0.0629046875             2.4347316467799768E11    4.5562092269812146E11    6.334028449807142E11     7.891127377429548E11     9.291721812513922E11     1.0586418809362192E12    1.1800511606246704E12    1.2939806368503342E12    1.403190568149392E12     1.5076052728202148E12    1.6089042089567966E12    1.7075131881372156E12    1.8043804140680068E12    1.8991609178700454E12    1.9810075217942705E12
0.0538                    0.0635                   2.122258364224766E11     3.9758540554271484E11    5.522627641545261E11     6.886798864757504E11     8.114262289079208E11     9.241768206599215E11     1.0300361107263307E12    1.1295847363063455E12    1.224890903489013E12     1.3161047144254424E12    1.404802847833588E12     1.4911226653420767E12    1.5758401589013428E12    1.6586241684793762E12    1.7300551105655066E12
0.10098717948717945       0.024881632653061224     2.0520720190603052E12    4.2600159836024067E12    6.310847973015613E12     8.218584080348052E12     9.997115136534418E12     1.163205537331291E13     1.3189357790893787E13    1.466288975997848E13     1.6072476127747844E13    1.7414175073758451E13    1.8715048225562125E13    1.9980095709053074E13    2.1207233292908992E13    2.2382639255021434E13    2.3414838864251137E13
0.10159999999999998       0.024881632653061224     6.196308633313992E11     1.10738812713101E12      1.517059699147334E12     1.8781965358051436E12    2.205999289683106E12     2.5125161255241226E12    2.8029873254017085E12    3.077459488446964E12     3.342048266340061E12     3.596793644999884E12     3.844408413870805E12     4.086690728213093E12     4.3254695496932075E12    4.559689710171522E12     4.764809454542109E12
0.0538                    0.0617140625             3.002741558179292E11     5.606900336523844E11     7.777957407725198E11     9.691360160010043E11     1.1412147996832964E12    1.299300369911391E12     1.4477623457814624E12    1.5873878288898342E12    1.72110257044122E12      1.8490856431352498E12    1.9735408110414858E12    2.0946847266394553E12    2.21364029508431E12      2.3299749592125483E12    2.4304290207509106E12
0.054412820512820516      0.0617140625             4.298473171181004E11     8.43102187149839E11      1.2033394725000942E12    1.5253914385335835E12    1.8187254462533447E12    2.0926873077336533E12    2.350812848998442E12     2.59346537979293E12      2.8257627184022573E12    3.047574186813767E12     3.262692202425898E12     3.4716214122059004E12    3.676246282847399E12     3.875652215336833E12     4.047038291527173E12
0.10098717948717947       0.024276870748299317     2.063860630457552E12     4.2780469984864995E12    6.344750093299086E12     8.251420487238472E12     1.0026148700686344E13    1.1671198037740672E13    1.3236469149910385E13    1.4714848507575402E13    1.6129682186130676E13    1.7475150068026598E13    1.8777110280681285E13    2.0043752192928945E13    2.1268596885095316E13    2.2450114570478695E13    2.348522822909794E13
0.1016                    0.02427687074829932      6.2138879803302E11       1.1118184418267842E12    1.521427987318534E12     1.8861106961207083E12    2.2172918328321055E12    2.5243014355310825E12    2.815723630448315E12     3.091655116578828E12     3.357248267626079E12     3.6134360937410176E12    3.8632761875409575E12    4.107638974051308E12     4.3479328427485127E12    4.583880389002737E12     4.790306747078814E12
0.0538                    0.059928125              3.709624672984519E11     6.875602875348625E11     9.517543980197535E11     1.1828620927735789E12    1.390662468922081E12     1.5827468165998345E12    1.763044432244823E12     1.932373066748771E12     2.0948472109295178E12    2.250381232609323E12     2.401386063900976E12     2.548562756207482E12     2.6934202283185757E12    2.835366812643429E12     2.9581254665761953E12
0.0544128205128205        0.059928124999999985     6.20188495470769E11      1.2449269076957207E12    1.795312842471912E12     2.2939864800417886E12    2.7486286198836387E12    3.170031382879345E12     3.568206540337194E12     3.9432006680046543E12    4.301537233701254E12     4.642145253918064E12     4.972935560260517E12     5.29345292990602E12      5.607279768021853E12     5.912418752108244E12     6.174022954318326E12
0.10098717948717947       0.023585714285714283     2.0803546526879043E12    4.319581169344248E12     6.400626605168418E12     8.336472477125816E12     1.0136627197622623E13    1.1795440897569443E13    1.3375506696013348E13    1.4869936869821908E13    1.6297021828565646E13    1.7657598176331348E13    1.8979359714131555E13    2.0264643427503625E13    2.1500814462064277E13    2.2702460300079164E13    2.3749789019425285E13
0.10159999999999998       0.023585714285714286     6.222636574652744E11     1.1111506394487837E12    1.5217715444540154E12    1.8837830403535923E12    2.212442265068145E12     2.519870163209523E12     2.8112343607940303E12    3.0865581044204497E12    3.351892583500779E12     3.60740559169269E12      3.8558434554077593E12    4.0989663080617983E12    4.337970821817406E12     4.57338449857261E12      4.779374117097626E12
0.0538                    0.05754687499999999      4.4619257767565686E11    8.217450918180242E11     1.1335547892588562E12    1.4081513650434802E12    1.655372504598597E12     1.8830143785773289E12    2.0973182470569412E12    2.299245513765167E12     2.4931530714281396E12    2.679261375340463E12     2.8603849841041187E12    3.037124675859987E12     3.2111541274468604E12    3.381809064972599E12     3.5295842982797095E12
0.054412820512820516      0.057546874999999977     8.722540687601501E11     1.779407516725225E12     2.5887686508388003E12    3.3170251166707656E12    3.981695090513349E12     4.603712892176128E12     5.191038794094894E12     5.743578062393941E12     6.274596875056491E12     6.780375843122492E12     7.267892579114777E12     7.74237302317379E12      8.209770463532015E12     8.664121638806161E12     9.054009436542902E12
0.10098717948717942       0.022808163265306124     2.0936315095300737E12    4.3404516091117456E12    6.438330236260444E12     8.374304278311784E12     1.0170517788688984E13    1.1841085838783186E13    1.3430181716929402E13    1.4930202681081219E13    1.636389933916157E13     1.773019747891625E13     1.9054020577593113E13    2.034144947287741E13     2.1574263029116844E13    2.2785388904194934E13    2.3835098859271992E13
0.10159999999999997       0.02280816326530612      6.243602941207593E11     1.1161460522297566E12    1.5269530851197112E12    1.892729293707588E12     2.2249517193963774E12    2.5330420011682197E12    2.825491213580423E12     3.102374316133928E12     3.3688226232545215E12    3.6258776037753916E12    3.8766374103262305E12    4.1219551546386963E12    4.3625225161167036E12    4.599959008425049E12     4.807317941834097E12
0.0538                    0.054570312499999996     5.2189618016755255E11    9.538586189163422E11     1.313983237380229E12     1.6299963274560637E12    1.9152331176796997E12    2.1798746755404539E12    2.429225957713184E12     2.6640316251672725E12    2.8899495886363184E12    3.1069597709820405E12    3.3179265217796636E12    3.524020975331578E12     3.72734220370897E12      3.9271045759211694E12    4.100297399037511E12
0.054412820512820516      0.054570312499999996     1.1874943028208655E12    2.453077487813677E12     3.588807468757872E12     4.629856188867829E12     5.588745141125113E12     6.484682125187817E12     7.337549706032151E12     8.143412329972173E12     8.92060897385743E12      9.671797729972707E12     1.0398966548685678E13    1.1106313261439906E13    1.1803012836112059E13    1.2481007359767111E13    1.3062706866980928E13
0.10098717948717945       0.02194421768707483      2.1118647047155955E12    4.3857236667115073E12    6.4995168454784E12       8.466874819874214E12     1.0290015446549072E13    1.1975520459344898E13    1.358059368801785E13     1.5097299974033963E13    1.6545473815458895E13    1.7928205707833914E13    1.927218171109871E13     2.057904712250352E13     2.18228506478682E13      2.305714186747996E13     2.4118627116157035E13
0.10159999999999998       0.02194421768707483      6.252660954187806E11     1.1154899517975305E12    1.5272345132145977E12    1.8903215601306416E12    2.220024123504136E12     2.528515968600702E12     2.8209161208075312E12    3.09720582849816E12      3.3634167545063325E12    3.619812765227516E12     3.869194060144229E12     4.1132889600208286E12    4.352528962935218E12     4.589547153783416E12     4.796409374186546E12
0.0538                    0.0509984375             5.971594880435167E11     1.0857839195408435E12    1.4929815113297515E12    1.85346956222145E12      2.1795620842629348E12    2.4811098916062993E12    2.76591501533362E12      3.034719622338842E12     3.293245891555352E12     3.5418673398388306E12    3.784032818526241E12     4.0205777838406704E12    4.253483500944501E12     4.482535013749095E12     4.681340618039019E12
0.054412820512820516      0.050998437499999986     1.568394349085325E12     3.260114311407798E12     4.801565212468862E12     6.217398567784598E12     7.532690159643318E12     8.784087914391896E12     9.97603920827449E12      1.110348038508991E13     1.21904935845651E13      1.3217329608072092E13    1.42104210789692E13      1.5165926003502443E13    1.6097350162395746E13    1.7004629436056328E13    1.778243487162028E13
0.10098717948717946       0.02099387755102041      2.1255821245470244E12    4.407321509025231E12     6.538055076118943E12     8.505757096091765E12     1.0325076255494707E13    1.2022297111795375E13    1.363664234688856E13     1.5159148801968549E13    1.6615509771043707E13    1.800331821910588E13     1.9348922557419668E13    2.0658093862102176E13    2.1898491781788445E13    2.314276250905814E13     2.420631991480601E13
0.10159999999999998       0.020993877551020404     6.27451514452289E11      1.12060554169632E12      1.5326089816442E12       1.899491297871049E12     2.232779508632442E12     2.541968431414569E12     2.8354751910158906E12    3.113330344695215E12     3.380693960232072E12     3.638638539998563E12     3.890358250984029E12     4.1366854185966943E12    4.377515741472995E12     4.616713392173673E12     4.824957773573777E12
0.0538                    0.04683125               6.774207752666995E11     1.2236295551155334E12    1.6815430154462432E12    2.0851454364094766E12    2.4503167383704424E12    2.7897975833260186E12    3.1102130025045557E12    3.412034150799063E12     3.702425487437765E12     3.981484828680351E12     4.252807632897103E12     4.517823361553482E12     4.778685417787395E12     5.03570081214033E12      5.259037147941429E12
0.054412820512820516      0.04683124999999999      2.0304852874428037E12    4.246118224838354E12     6.284174074091902E12     8.191959694364418E12     9.970514852064246E12     1.1627541243777496E13    1.3184367208396979E13    1.4640804020837057E13    1.6038700728741482E13    1.7374399246120443E13    1.8663307038566035E13    1.9911930865148137E13    2.112697921959785E13     2.231160197829159E13     2.3327288922213285E13
0.10098717948717943       0.019957142857142847     2.1435312561341016E12    4.451992635402024E12     6.598005778177059E12     8.596828816189072E12     1.0442813956759264E13    1.2154228409677162E13    1.3784005771284346E13    1.532329331959201E13     1.6794240617214402E13    1.8196859631446605E13    1.9561950764241016E13    2.089049745332272E13     2.21428999033424E13      2.340914412319605E13     2.4484617631681348E13
0.10159999999999998       0.019957142857142857     6.283036464693694E11     1.1198862228196147E12    1.532769655178313E12     1.896975072575827E12     2.2277680842505347E12    2.53733316072595E12      2.8307822504942695E12    3.108041318003085E12     3.3751629177584434E12    3.632420131524928E12     3.8827610088418145E12    4.1278532990181587E12    4.367358247324766E12     4.606141203817675E12     4.813854921493497E12
0.0538                    0.042068749999999995     7.719973221419962E11     1.386438339914742E12     1.8995433537764521E12    2.353635464468887E12     2.763992885453354E12     3.1432694996624697E12    3.5015671806445723E12    3.839440459063603E12     4.1641233821856846E12    4.47640070528253E12      4.780515066448395E12     5.077533791338864E12     5.369556768955536E12     5.657125071723547E12     5.9070135803585625E12
0.054412820512820516      0.042068749999999995     2.6483196513086187E12    5.573756958985063E12     8.321811960781345E12     1.0856263586281383E13    1.3155108643009316E13    1.5312687592240857E13    1.7352560441312023E13    1.927144266007109E13     2.1110730170707754E13    2.2863077373976637E13    2.4549248389572367E13    2.617640883369249E13     2.7752480357446035E13    2.9293593041292816E13    3.061903574276924E13
0.10098717948717947       0.018834013605442172     2.155680670711587E12     4.4702044577690625E12    6.631322115097857E12     8.628566347876588E12     1.0469336567547164E13    1.2190930089735023E13    1.3828604917050986E13    1.537315476223478E13     1.6850596844178965E13    1.825634124092854E13     1.96216047868933E13      2.0951511620381645E13    2.220220815494984E13     2.3474076566168387E13    2.4552226099251734E13
0.10159999999999998       0.018834013605442176     6.303527892192603E11     1.1247531170572004E12    1.5378411887857441E12    1.9057308694775457E12    2.240006828508342E12     2.5502034468978193E12    2.844693074174144E12     3.123455378590731E12     3.3916848029326274E12    3.650432313652953E12     3.9030649596197593E12    4.150356360053207E12     4.391499862328342E12     4.63239970723895E12      4.841534052303426E12
0.0538                    0.0379015625             8.802662888970183E11     1.5688182043333882E12    2.1434863882590789E12    2.6472981469354834E12    3.101714161542549E12     3.523738485645677E12     3.921894310075808E12     4.296536568599577E12     4.656756051331341E12     5.003028229956198E12     5.33977574527129E12      5.6687956168825205E12    5.992743687308403E12     6.312095133821598E12     6.589790296576069E12
0.054412820512820516      0.037901562500000006     3.3885201131803467E12    7.225298090453492E12     1.0775737738156928E13    1.4008344953260863E13    1.698991272010311E13     1.9765105354837938E13    2.2390594105027004E13    2.4858983592975152E13    2.722297887237291E13     2.9480137287267188E13    3.1660922689649426E13    3.376792273595917E13     3.5821339726750164E13    3.781596195717803E13     3.951612820906523E13
0.10098717948717943       0.017624489795918366     2.1710204621495764E12    4.509174823624114E12     6.682416675013691E12     8.707710491987982E12     1.0572999351737355E13    1.2306093874409035E13    1.3956699513053738E13    1.5516306333178338E13    1.7005493286207107E13    1.842380229553073E13     1.9806430627776926E13    2.1154147922921984E13    2.241903723644522E13     2.3706054218451945E13    2.4797879991875223E13
0.10159999999999997       0.017624489795918366     6.309716150484037E11     1.1237106145846123E12    1.5375577494474534E12    1.9027316283358806E12    2.234483562608332E12     2.5449658006618115E12    2.839317644106205E12     3.117416666041472E12     3.385322356233758E12     3.6433000108717188E12    3.8944831920431655E12    4.140468223035027E12     4.3803534999863677E12    4.62058226245861E12      4.829214552556478E12
0.0538                    0.0343296875             1.008876859682422E12     1.7860367994566438E12    2.428182674995845E12     2.9931872659406255E12    3.5022199472684307E12    3.9719512879446875E12    4.415543196964818E12     4.833642512727281E12     5.235337819764251E12     5.622214465451249E12     5.999446852442682E12     6.368195580307805E12     6.731182405550748E12     7.088559949370786E12     7.399315390862928E12
0.054412820512820516      0.03432968750000002      4.3579163890466055E12    9.326500564945402E12     1.3840005462216861E13    1.7961460980755797E13    2.175354991187828E13     2.531637658442974E13     2.868787603341426E13     3.186732072163121E13     3.492698708811007E13     3.785544536313652E13     4.0690282443369086E13    4.343762940656435E13     4.611503707808786E13     4.870769860237325E13     5.093317902641661E13
0.10098717948717947       0.016328571428571418     2.179195277833932E12     4.518313080555499E12     6.70205055475179E12      8.7211967242690625E12    1.0577972370653445E13    1.2317548230844846E13    1.397251948020397E13     1.5533959606738521E13    1.7026202932892158E13    1.8444609627435992E13    1.9824131658270027E13    2.1170303015443586E13    2.243455462699549E13     2.371922164335332E13     2.4814769626710906E13
0.10159999999999998       0.01632857142857142      6.326467470122582E11     1.1279600743344087E12    1.541843010008718E12     1.9104663186289268E12    2.24548539217652E12      2.5564415753686274E12    2.8516830116628853E12    3.13114449386124E12      3.400040005024852E12     3.6593930303895854E12    3.912730081196417E12     4.160808423891535E12     4.402414530349016E12     4.644427980981783E12     4.854537355733112E12
0.0538                    0.031353124999999996     1.1678471838028047E12    2.0471160588485564E12    2.7730078948995176E12    3.405489379683874E12     3.974404019538375E12     4.50284080961236E12      5.001266881080509E12     5.470129785282296E12     5.921115454554741E12     6.355306670165479E12     6.777944716886997E12     7.191292127910352E12     7.598969724444829E12     8.000931696803737E12     8.35081634059831E12
0.054412820512820516      0.031353124999999996     5.714080281753647E12     1.214216607951386E13     1.796587640366552E13     2.3341043659329434E13    2.8319766596247082E13    3.298385167318401E13     3.741894896362494E13     4.16279414068095E13      4.569087311072879E13     4.959516087694881E13     5.338977137253465E13     5.704437704570057E13     6.06338424291752E13      6.413463199705869E13     6.712692014727348E13
0.10098717948717949       -0.0381                  1.8851792713456265E11    3.583062699791282E11     5.0192314256546136E11    6.284374730329727E11     7.42680755206157E11      8.482694122769296E11     9.474576606183214E11     1.0405860616560199E12    1.130044375788063E12     1.2155848549468208E12    1.298533085548245E12     1.3791069770257034E12    1.4581816651494976E12    1.5357149177377874E12    1.602650457422184E12
0.10160000000000001       -0.0381                  1.6345491003012946E11    3.112366863096005E11     4.3574356702548376E11    5.4617181287554626E11    6.459504537071222E11     7.375562700423541E11     8.236937276006454E11     9.046294598906362E11     9.822556537608668E11     1.0565908192287333E12    1.1288517786500344E12    1.1990306199317405E12    1.2678711604607734E12    1.335335594127351E12     1.3935595283031587E12
0.10098717948717946       -0.037504687499999995    2.3088223829130365E11    4.464241398748935E11     6.306088259107146E11     7.954157588175753E11     9.451651932521627E11     1.0829620121418147E12    1.2128969255187705E12    1.3351876125286245E12    1.4526076370659224E12    1.565064277594945E12     1.6743570634153843E12    1.7804605461407786E12    1.8845532940936091E12    1.9864510865430176E12    2.074220813672057E12
0.1016                    -0.037504687499999995    1.8764850197657578E11    3.566664744286094E11     4.996393856145297E11     6.255680421195126E11     7.39271850202616E11      8.443796927886722E11     9.431154649905966E11     1.0358149952960946E12    1.1248689750759768E12    1.2100170803936606E12    1.292580782794124E12     1.372789455574794E12     1.4515128922545305E12    1.5287034658057632E12    1.595341945739397E12
0.10098717948717949       0.014946258503401363     2.1891319260456504E12    4.545273658062877E12     6.734719642057978E12     8.775961244778536E12     1.0652803905566422E13    1.2398754215218162E13    1.4061886757200852E13    1.5633513776715955E13    1.7133348656212438E13    1.8560599487281184E13    1.9953406219410047E13    2.131346195032667E13     2.2590831468299695E13    2.388400429844877E13     2.499270649036759E13
0.1016                    0.014946258503401361     6.327943090586073E11     1.1262292374112068E12    1.540646719821352E12     1.9064207840504067E12    2.238785073066631E12     2.5498384145919023E12    2.8447610981623193E12    3.1233945635815137E12    3.3918049417537656E12    3.6502371403113813E12    3.9019543720693184E12    4.1485734923447617E12    4.388926330717351E12     4.62988325059087E12      4.839465960292444E12
0.0538                    0.028971874999999998     1.3586454774785435E12    2.36148198960949E12      3.1817393795680786E12    3.900469218412241E12     4.546510208139717E12     5.142194233486484E12     5.70487465053382E12      6.235170110159386E12     6.74470940789195E12      7.2364292360258955E12    7.716474212386172E12     8.186264010811109E12     8.649351285103627E12     9.105777970460031E12     9.503226306688584E12
0.054412820512820516      0.028971875000000015     7.67231467616872E12      1.60917336831116E13      2.3835844771890113E13    3.097631798961451E13     3.761892648467821E13     4.394267343122554E13     4.9980506329325195E13    5.572251884258627E13     6.127649626414725E13     6.661259099915655E13     7.179022914427592E13     7.687311926776117E13     8.185518215484994E13     8.668741584796239E13     9.083600990873358E13
0.10098717948717946       -0.0363140625            3.168549172801589E11     6.239036476879407E11     8.9162070206054E11       1.131583111149118E12     1.3506028937333572E12    1.5543884677000732E12    1.746918460490554E12     1.9281481348293022E12    2.1026621454465637E12    2.2693359696422524E12    2.430818285176494E12     2.5876602932857876E12    2.741490570343113E12     2.891885819573839E12     3.0211292908308057E12
0.1016                    -0.036314062499999994    2.3236593004370935E11    4.407308966451837E11     6.161839543226217E11     7.716823142492654E11     9.121258914001375E11     1.0411175940765442E12    1.1623770078174155E12    1.2763378029688054E12    1.385638010158382E12     1.4902754741185647E12    1.5919684967989102E12    1.6907346518495537E12    1.7876571013554397E12    1.8826540288986113E12    1.9646526647127156E12
0.09958644688644688       -0.038099999999999995    2.4059572938204208E11    4.559039765924925E11     6.372295643103523E11     7.978275574329581E11     9.428852899393806E11     1.0762011524771263E12    1.2015129634368E12       1.3192343567321877E12    1.4321623705037578E12    1.540320323439495E12     1.645441615746791E12     1.7475225554526152E12    1.8476666743007144E12    1.9458136159065593E12    2.03056637649674E12
0.09958644688644687       -0.03750468749999999     3.311332442234634E11     6.530336995702255E11     9.343754251938467E11     1.186317993961757E12     1.416667049608564E12     1.6311998209730266E12    1.8338597998673044E12    2.024582687461637E12     2.2081992126345464E12    2.3839285726905337E12    2.554056518786563E12     2.7188177806231655E12    2.880161186513215E12     3.037798913207493E12     3.17334615616243E12
0.10098717948717943       0.013477551020408155     2.1903116283629287E12    4.538985815939944E12     6.731006353013931E12     8.758216203602084E12     1.0620826712065795E13    1.2366900827859523E13    1.4028256768589186E13    1.5595591705891605E13    1.7093162322354799E13    1.8515739443903562E13    1.9900120506944535E13    2.1253057679756496E13    2.2524989131510336E13    2.381111565379299E13     2.4920043141127227E13
0.10159999999999997       0.013477551020408157     6.338262531771237E11     1.1294536124472217E12    1.543609891791879E12     1.9124833802779585E12    2.2477841227855303E12    2.5590517663426704E12    2.854616208515937E12     3.1343869920878296E12    3.4035887029921562E12    3.6632166756225186E12    3.9168678933678086E12    4.1653556852216875E12    4.407299045772382E12     4.649722797696446E12     4.860666096201216E12
0.0538                    0.0271859375             1.5796774866940981E12    2.7174308630211646E12    3.649874475902656E12     4.458229107907067E12     5.184037336547798E12     5.8586417440801875E12    6.4949066859698E12       7.093255727034289E12     7.669005913386453E12     8.224252797391952E12     8.764996195670959E12     9.294635639108107E12     9.817887336638197E12     1.0334483280935545E13    1.07849967367813E13
0.054412820512820516      0.02718593750000001      1.0641866657752059E13    2.2387172467868633E13    3.3342019081485168E13    4.370524051443212E13     5.349052455919702E13     6.279764873984002E13     7.174592177178844E13     8.030710743070111E13     8.861400117000305E13     9.663432363910367E13     1.0445518217444117E14    1.1202419391813266E14    1.1948234643688362E14    1.267823739963723E14     1.3307352477155975E14
0.10098717948717947       -0.034528125             4.450342504514535E11     8.918558759553451E11     1.2851135017280518E12    1.642485339622438E12     1.9701586117458247E12    2.273894557842873E12     2.5606078877331694E12    2.8312144758383193E12    3.091230209182974E12     3.339635825008858E12     3.580525830786855E12     3.8133017139387383E12    4.041711424830095E12     4.264386181752272E12     4.4548818425723545E12
0.1016                    -0.03452812499999999     2.8906234718526355E11    5.4424429001604114E11    7.594263344567432E11     9.488359320848898E11     1.119709112955904E12     1.2776574085470122E12    1.4260151154928574E12    1.5654126840295125E12    1.6993596986700967E12    1.8274820613073918E12    1.9517781529941982E12    2.0726112597681594E12    2.1913410841072527E12    2.3078986015721377E12    2.4086508693799136E12
0.0973978021978022        -0.038099999999999995    3.0765994178440405E11    5.784817338865107E11     8.06894021482635E11      1.0081102818439409E12    1.1897283341796187E12    1.357595802486155E12     1.5153493719182952E12    1.663564945781894E12     1.8059801790330518E12    1.9423361164149724E12    2.0747250004236333E12    2.203445528120471E12     2.3298317625585425E12    2.4538766897856562E12    2.561185279378617E12
0.09739780219780217       -0.037504687499999974    4.8585336240543506E11    9.763020863824019E11     1.4093766662181323E12    1.8027649397525872E12    2.163660942080953E12     2.499169428893141E12     2.8163484299141274E12    3.113755590278662E12     3.3997115479161763E12    3.673820423764014E12     3.9399379156870347E12    4.196557311012817E12     4.44718311797787E12      4.6914983443611E12       4.901353115525896E12
0.10098717948717943       0.011922448979591833     2.1916015450167454E12    4.547074603339026E12     6.73507383825026E12      8.774785733056205E12     1.0650294207399463E13    1.2394866808881006E13    1.4056662837978602E13    1.5627180012385564E13    1.7125976415070596E13    1.855187443486947E13     1.994342153371284E13     2.1303420417388164E13    2.258030874126904E13     2.3872463052355984E13    2.4987793582742207E13
0.10159999999999998       0.011922448979591832     6.332214767628616E11     1.1265897233954802E12    1.5409389138755276E12    1.9066932382490483E12    2.2390616242590186E12    2.5501232005986465E12    2.8450667620379087E12    3.123740304841392E12     3.392197784796015E12     3.6506741475712E12       3.902463835306307E12     4.149181030924954E12     4.389573888059653E12     4.630679408979439E12     4.840804434938673E12
0.0538                    0.0259953125             1.8178752403989973E12    3.112442642551391E12     4.164094067091547E12     5.082846775336679E12     5.907038739560929E12     6.6660707856327705E12    7.382899547121345E12     8.05826180402399E12      8.707110667968522E12     9.334449263194994E12     9.947350063263977E12     1.054761051682138E13     1.114009242743281E13     1.1724457900517896E13    1.2233838289743645E13
0.054412820512820516      0.0259953125             1.7659827710234867E13    3.788338274342647E13     5.722230393130566E13     7.544647303608094E13     9.25636263077315E13      1.0893213169049708E14    1.246241448664286E14     1.3958721314691455E14    1.5409403981976506E14    1.681189379559525E14     1.8177108506935425E14    1.949882122439282E14     2.0777789172406003E14    2.201342374417535E14     2.3070683747811097E14
0.10098717948717946       -0.032146874999999984    6.084075610064507E11     1.2334433544345989E12    1.7927459342962402E12    2.298347059971426E12     2.761707776272057E12     3.1956960638370938E12    3.6049655096672344E12    3.989835290141514E12     4.3602724491627827E12    4.71262425480788E12      5.053053332813664E12     5.381777243506084E12     5.704229843393708E12     6.019542865329571E12     6.290444270450011E12
0.1016                    -0.032146875             3.503707814295479E11     6.561045146902042E11     9.128314453651154E11     1.1400215147355984E12    1.3451615581759536E12    1.5339779605473203E12    1.7116533584161436E12    1.878892806999432E12     2.039501177442158E12     2.1934815126795361E12    2.3432960865225874E12    2.489040171472891E12     2.6323312438733057E12    2.773146462052546E12     2.895051319292256E12
0.09442124542124541       -0.038099999999999995    3.788354894008682E11     7.085027342817104E11     9.857685771883441E11     1.2313228856288315E12    1.4531383246260483E12    1.6575049955678289E12    1.8499131908441506E12    2.0310698107040042E12    2.205124813352446E12     2.372102235180093E12     2.5346251301179707E12    2.6929245935433003E12    2.8484193709822266E12    3.0010567978586807E12    3.133265882917501E12
0.09442124542124539       -0.03750468749999999     6.849814758729647E11     1.3941147117214985E12    2.030659933562202E12     2.6080628592503433E12    3.136435721097678E12     3.6302090165655396E12    4.096456769325411E12     4.536443132022287E12     4.960222900662845E12     5.364429788948963E12     5.756254821566578E12     6.136753512273299E12     6.50866078393529E12      6.869979531602965E12     7.180508070999763E12
0.10098717948717945       0.010453741496598635     2.183488707158784E12     4.520700533931932E12     6.701226571583155E12     8.717006794127456E12     1.0570913691766082E13    1.2307419469892857E13    1.3959388586925145E13    1.5518009446803795E13    1.7007734573696852E13    1.842306007229588E13     1.9799728417509938E13    2.1145037061805504E13    2.2407103054301477E13    2.3690203134978434E13    2.479644655042058E13
0.10159999999999998       0.010453741496598636     6.334047097060902E11     1.1285301423050657E12    1.5422299367282754E12    1.910711966513756E12     2.245657538773241E12     2.5566026254348926E12    2.851877692670258E12     3.131418767365133E12     3.4004181687028984E12    3.659879552571494E12     3.913376423048069E12     4.1616492894444287E12    4.403321210165431E12     4.645661754489675E12     4.856759035034984E12
0.0538                    0.025400000000000002     2.06959284261874E12      3.5124454888273325E12    4.688314702295388E12     5.703446058468738E12     6.6134128037104795E12    7.459344669390962E12     8.256749247062813E12     9.006423751430492E12     9.727911658611908E12     1.042461347145385E13     1.1103243456076873E13    1.1768747710223158E13    1.2427171418829229E13    1.307765992409625E13     1.3645612706920727E13
0.054412820512820516      0.02540000000000001      3.714959936619643E13     8.233678581526802E13     1.2500856091937784E14    1.647244110737482E14     2.0122391470894784E14    2.3524587032172297E14    2.673029168736056E14     2.9742544522100744E14    3.261461484078003E14     3.537250581408584E14     3.803020270292354E14     4.056192887276486E14     4.295430315743271E14     4.5208519317835675E14    4.710904802766485E14
0.10098717948717947       -0.029170312500000004    8.030960488118909E11     1.6490055844726926E12    2.406737766802076E12     3.1002831788820815E12    3.736791825347215E12     4.3298541587466064E12    4.892625781459922E12     5.423375098697069E12     5.933865131124584E12     6.420979645484236E12     6.8951917901939375E12    7.357824913493524E12     7.8109272897124E12       8.2542243696451455E12    8.635052569052014E12
0.1016                    -0.029170312499999997    4.1062464413923566E11    7.633663583374386E11     1.0600500307612178E12    1.3214417887446636E12    1.5574995781334524E12    1.776199288811773E12     1.9822029358419958E12    2.1762185564497463E12    2.3630010526032397E12    2.542161633480227E12     2.7163165983774043E12    2.886106877277048E12     3.0532753185787656E12    3.217878497225941E12     3.3606816209109756E12
0.09065677655677655       -0.038099999999999995    4.4604498985222125E11    8.290367592415858E11     1.1521380748765452E12    1.4374370605626035E12    1.6953434664714944E12    1.9342412189686711E12    2.1594170726768005E12    2.3715791680837173E12    2.5757277635771353E12    2.7716054895950425E12    2.9620598820537773E12    3.147839020845957E12     3.3303576796169077E12    3.5098781806301084E12    3.6656171682863125E12
0.09065677655677652       -0.03750468749999998     9.143819108798284E11     1.8827444328312625E12    2.7537474997702266E12    3.552170008239914E12     4.288253046668575E12     4.975382282809281E12     5.626965471581608E12     6.243240629451596E12     6.836514900656988E12     7.406058521802679E12     7.959445948110805E12     8.497805470541444E12     9.02515885222273E12      9.539438342662113E12     9.981774575939543E12
0.10098717948717947       0.009071428571428578     2.1763876107400852E12    4.510866818393219E12     6.678366593696976E12     8.697697868237652E12     1.0558024837333635E13    1.228594533415201E13     1.393169804085189E13     1.5486742330618838E13    1.697197478981253E13     1.8385720999347246E13    1.976421579017583E13     2.1110054409725023E13    2.237039906219293E13     2.3656089586798516E13    2.4760256718699133E13
0.1016                    0.009071428571428569     6.320357456418074E11     1.1245035881222605E12    1.5381005593320383E12    1.903144852271116E12     2.2348375617569033E12    2.5452885486400806E12    2.839644302171009E12     3.1177996218184814E12    3.385788783030949E12     3.6438484437515E12       3.895185960547388E12     4.141364445921811E12     4.3812298862637163E12    4.621881922678824E12     4.831721181843303E12
0.10098717948717947       -0.025598437500000005    1.0189253971316718E12    2.099021572745088E12     3.073834204667943E12     3.96310000032709E12      4.782861789582188E12     5.552724594177972E12     6.28393688927971E12      6.975728002908255E12     7.64468494708415E12      8.286879627991738E12     8.909622001219225E12     9.515490009206738E12     1.0112162900963926E13    1.0694628761259807E13    1.1196252565257416E13
0.1016                    -0.025598437499999998    4.662475036484406E11     8.61931584090253E11      1.1938266655147524E12    1.4878459868483843E12    1.7538794250941304E12    1.999635617005574E12     2.231718184112109E12     2.4507554362611973E12    2.661529511504826E12     2.8641991776194814E12    3.0616225126364453E12    3.254214056752334E12     3.443936593846546E12     3.630825784742051E12     3.793084597139776E12
0.08610439560439562       -0.038099999999999995    5.020236139948501E11     9.295285827907288E11     1.2898058402819407E12    1.6090890998102708E12    1.8980077867950188E12    2.1651123794091484E12    2.4172740940856943E12    2.6550777591180884E12    2.8838341201131055E12    3.1036061441052046E12    3.3175763243575664E12    3.526406738587383E12     3.7314502220379272E12    3.9331668919626206E12    4.108254388154618E12
0.08610439560439562       -0.03750468749999999     1.1393754437720164E12    2.349284018314713E12     3.447124085889427E12     4.447628317512917E12     5.369928432972774E12     6.237742743335447E12     7.064435007603951E12     7.84842787390223E12      8.604510331082264E12     9.326262798948455E12     1.0023209652332799E13    1.0702010884350314E13    1.1366729977321135E13    1.2015130432231828E13    1.2572554093325545E13
0.10098717948717947       0.007775510204081624     2.1616944653041682E12    4.470451945466895E12     6.623491281466813E12     8.612495300549341E12     1.0446479422543404E13    1.216069666399162E13     1.3791235622723166E13    1.5328955971830596E13    1.6800300018898277E13    1.8199379214451785E13    1.9558666557832707E13    2.0884713252814973E13    2.2127610498726492E13    2.339789293782968E13     2.448757399084846E13
0.10159999999999998       0.007775510204081625     6.31595567196501E11      1.1255605804539172E12    1.5382218281860823E12    1.9057819333270015E12    2.2398598265141426E12    2.549963376120529E12     2.84444869410465E12      3.123299816597592E12     3.3916687796147983E12    3.6505819238299263E12    3.9034545215733203E12    4.1510502786002803E12    4.3922076441443667E12    4.633694625764614E12     4.844228802039389E12
0.05304999999999997       0.024881632653061224     1.5973953088815176E13    3.32685985749379E13      4.9330360178099086E13    6.425939011136829E13     7.82675383048061E13      9.166829741376211E13     1.0454181119407903E14    1.1686809300939053E14    1.2886996528511808E14    1.4042031036685338E14    1.5167476312125606E14    1.626797140389221E14     1.7354577529097434E14    1.8421651352354903E14    1.9345893695487325E14
0.0538                    0.024881632653061224     2.93890181520693E13      6.272469257886947E13     9.337026280251584E13     1.2159673396772189E14    1.4749133451791875E14    1.71669481555249E14      1.9455626603056578E14    2.1619225701116188E14    2.3696670252342866E14    2.5633396371146434E14    2.7468360024171266E14    2.922421916448984E14     3.0933216741195594E14    3.2586383832357525E14    3.399420659396787E14
0.05304999999999999       0.0254                   2.2137080484363086E12    3.7450355848235815E12    4.981189755921964E12     6.057773450676667E12     7.021667008666909E12     7.908282713189528E12     8.744645404271137E12     9.532284866320361E12     1.0288894215249367E13    1.10212662620155E13      1.1736942051090275E13    1.2438404791979459E13    1.3131954549295027E13    1.3816425152600592E13    1.4413556635477055E13
0.10098717948717947       -0.021431250000000006    1.2435765773012737E12    2.565712956278374E12     3.7605990329699985E12    4.858159702220568E12     5.872926726215258E12     6.82548047293825E12      7.736810807640338E12     8.600898889427753E12     9.432770672870006E12     1.023013171014177E13     1.1001214287216492E13    1.175406611026197E13     1.2492616762282348E13    1.3215573741233908E13    1.3838447061380475E13
0.1016                    -0.02143125              5.1397191520660236E11    9.428158242143118E11     1.3030554913600059E12    1.6209053971903557E12    1.9087722329038557E12    2.1764729467419575E12    2.429423989181343E12     2.6680948917671367E12    2.8981815506778325E12    3.1193512143759526E12    3.334450095830766E12     3.5445917003305884E12    3.751908619213406E12     3.956467283716091E12     4.1343056852081826E12
0.08076410256410256       -0.038099999999999995    5.415510924579445E11     9.979689627373138E11     1.382870940291171E12     1.7226733254808176E12    2.0301348606375698E12    2.315566148850003E12     2.585011170754768E12     2.838958708781121E12     3.08350576719477E12      3.318370769235437E12     3.546792175653698E12     3.7698426701001816E12    3.988838246932596E12     4.2046825319227476E12    4.392251345139244E12
0.08076410256410256       -0.037504687499999995    1.3140854441694792E12    2.711340194376543E12     3.9727096838190396E12    5.129495313543619E12     6.198964189149333E12     7.203884826206591E12     8.16212046448481E12      9.06144140503915E12      9.92772885437817E12      1.0759909652645148E13    1.1564324918119553E13    1.2344841817920334E13    1.3110325104640094E13    1.3861016113106186E13    1.4502434886906484E13
0.10098717948717946       0.006565986394557816     2.1494447931574268E12    4.449554218236819E12     6.584242866646425E12     8.571440666304782E12     1.0408076843544668E13    1.2109551906289113E13    1.3729984867603717E13    1.5260787989781594E13    1.6723607115436371E13    1.811802608726207E13     1.9475862014424375E13    2.07989251161977E13      2.2041041320207527E13    2.3305141453703887E13    2.4390648323354676E13
0.10159999999999998       0.006565986394557817     6.297473182606274E11     1.1207959807111487E12    1.5332020695835288E12    1.8971049730640408E12    2.227709538300007E12     2.5371381758419585E12    2.8305086772228774E12    3.107779333773121E12     3.3749576127852974E12    3.6322851440441323E12    3.8827604607108633E12    4.1280747897470586E12    4.3674729774616353E12    4.606773114322715E12     4.815823362014423E12
0.052299999999999985      0.024881632653061224     1.4387948763411342E13    2.9789290800478055E13    4.398342765674656E13     5.724131298029869E13     6.963391632149376E13     8.135890106486822E13     9.258661093455817E13     1.0332240054425461E14    1.1372792510090664E14    1.2378985827916666E14    1.3361809366639878E14    1.4321050230852512E14    1.526659667304328E14     1.6193895882229125E14    1.699598735269996E14
0.0523                    0.0254                   2.30494663819964E12      3.8826459160452563E12    5.16131839649787E12      6.261479947645504E12     7.245307273248996E12     8.158556244568915E12     9.018034588714145E12     9.825456338934787E12     1.0601968548287357E13    1.1352442993435115E13    1.208329189435275E13     1.2799938008348697E13    1.3509343256337094E13    1.420986171489448E13     1.4821574371494652E13
0.10098717948717945       -0.016668749999999993    1.4622295893538682E12    3.0061938098118086E12    4.406158663005055E12     5.688728826780587E12     6.882941681477196E12     8.014532849736813E12     9.091385573788074E12     1.0105139621062555E13    1.108597532291895E13     1.2027609028607756E13    1.2939515940910516E13    1.3815605332780146E13    1.467294618141194E13     1.5504510622097578E13    1.6217531241895254E13
0.10159999999999998       -0.016668749999999996    5.5184970145019E11       1.0053736101958457E12    1.3847603273006917E12    1.7213938156652205E12    2.0268326914461191E12    2.309806860664244E12     2.577539799739401E12     2.8304428284669727E12    3.0740287640985146E12    3.308687592797855E12     3.5374197389901772E12    3.760923939962046E12     3.9816946318005723E12    4.1995316035668477E12    4.3887408701448315E12
0.07463589743589744       -0.038099999999999995    5.58269359256536E11      1.0259020292675099E12    1.4187368430442485E12    1.7662801359595872E12    2.080847658556779E12     2.372098223687873E12     2.647191292442842E12     2.9065546888625474E12    3.156250684594323E12     3.3962816867501826E12    3.630081136179122E12     3.8583880795002153E12    4.082591066548286E12     4.30350329163358E12      4.49552841530326E12
0.07463589743589741       -0.037504687499999995    1.3818889671287302E12    2.8403925283479683E12    4.157536190303641E12     5.358065414978685E12     6.4688706515941E12       7.520759870382554E12     8.515471541322676E12     9.452713836364637E12     1.0363247543446846E13    1.12284432667823E13      1.2065062044198943E13    1.2880034178450502E13    1.3681251414186332E13    1.4456360111983098E13    1.511351809367472E13
0.10098717948717946       0.005442857142857139     2.1312426601757136E12    4.402004726578892E12     6.518822682138241E12     8.47242230926689E12      1.0280381665625027E13    1.1965126382419852E13    1.3567496806245396E13    1.5079351504790672E13    1.6524974295702762E13    1.790190636311918E13     1.923798355308652E13     2.0539103751886914E13    2.1766598443725164E13    2.3007055369640875E13    2.407737777831387E13
0.10159999999999998       0.005442857142857139     6.289433048365712E11     1.1213739928013914E12    1.532671885291997E12     1.8990103605714507E12    2.231948011303318E12     2.5409124309341484E12    2.8343203388857896E12    3.1122175102558276E12    3.3796963407762114E12    3.6378133817032744E12    3.8897725888046997E12    4.136455883443955E12     4.377316416346615E12     4.617106244587781E12     4.826744656643544E12
0.051549999999999985      0.024881632653061217     1.3815501129964928E13    2.840266524541305E13     4.186328708949209E13     5.4331673763210055E13    6.595814129288086E13     7.702125104645086E13     8.759128106509367E13     9.76840161308668E13      1.074678450903764E14     1.1691610659269673E14    1.2611795814165766E14    1.3509411146180973E14    1.4394260546202088E14    1.5262232848346556E14    1.6013209533829553E14
0.05155                   0.0254                   2.4071506503848228E12    4.0487736627608413E12    5.368272320113655E12     6.514693529946208E12     7.53910697561867E12      8.480224547921237E12     9.366759853481133E12     1.020116200287725E13     1.1002280355073828E13    1.1777951842333496E13    1.2535713953065123E13    1.3278380003863777E13    1.4012993200396031E13    1.4737757388537322E13    1.5370006611075354E13
0.10098717948717946       -0.012501562499999999    1.6304145758802932E12    3.3549041033210933E12    4.917577509114485E12     6.373599331853124E12     7.730157652182475E12     9.000255095239605E12     1.0208111039085906E13    1.135601227396634E13     1.245872030625543E13     1.3499680151124586E13    1.4502457808943996E13    1.5474818288806322E13    1.6434577171878857E13    1.7370171472250045E13    1.816685437288101E13
0.1016                    -0.0125015625            5.760599995437373E11     1.0415098904985135E12    1.4314211050968975E12    1.7759639216019158E12    2.0885376669072705E12    2.379603996327127E12     2.6549472407298096E12    2.9149955360130205E12    3.1659058424999287E12    3.407600421250753E12     3.642828047109307E12     3.8728703576830303E12    4.1005806598036255E12    4.325211380108744E12     4.519996014819115E12
0.0692956043956044        -0.038099999999999995    5.498470892387109E11     1.0097779512077849E12    1.396603796680054E12     1.7377059914715142E12    2.0463348214737024E12    2.332963530983885E12     2.603716592917114E12     2.8590325157294478E12    3.1049838453985635E12    3.34135103903075E12      3.57139696000082E12      3.7959940239147915E12    4.016698700853147E12     4.234340834681014E12     4.423668571442113E12
0.06929560439560441       -0.037504687499999974    1.3112052865490938E12    2.6951042845211963E12    3.942176016929863E12     5.084027335793114E12     6.139135416067136E12     7.130133015890329E12     8.077302978186169E12     8.966557996959139E12     9.82251879447004E12      1.0644918041790818E13    1.144153808678708E13     1.2213474710993963E13    1.2971140799925486E13    1.3714267026519771E13    1.4353828624498117E13
0.10098717948717945       0.004406122448979589     2.1164953415900686E12    4.376284203410747E12     6.472433805417169E12     8.421990281696297E12     1.0231070291096182E13    1.190123960884564E13     1.3491944128063205E13    1.4996305219098635E13    1.643233816064046E13     1.7801985749253867E13    1.9134731888736508E13    2.0431804296565824E13    2.1661556864276906E13    2.288957989599343E13     2.3955338418867625E13
0.10159999999999998       0.004406122448979586     6.26872516445702E11      1.1162674646779253E12    1.5272776376371724E12    1.8898397171957256E12    2.2191712689016694E12    2.527367474624788E12     2.81956111532206E12      3.0957751184464116E12    3.361985315225142E12     3.6183935963559414E12    3.8678331695716865E12    4.112096062601876E12     4.3512082986739604E12    4.58857348459646E12      4.796586650371545E12
0.05079999999999999       0.024881632653061224     1.3757360711187488E13    2.8244706266231074E13    4.152240441758501E13     5.394148286562683E13     6.5534327043556875E13    7.647530983977947E13     8.693594476649522E13     9.694167133801747E13     1.0662606389288697E14    1.1599427633265267E14    1.25162530574249E14      1.3410665045356053E14    1.4291709934941094E14    1.515553232475772E14     1.5902671163662234E14
0.0508                    0.025400000000000002     2.4963430758382466E12    4.180078395825108E12     5.53891770305203E12      6.705474948016253E12     7.746933089911907E12     8.712650227831124E12     9.620571589619828E12     1.047313360299771E13     1.1292684789834162E13    1.2085100055344986E13    1.285669777839563E13     1.3613319040846287E13    1.4362607213019148E13    1.5102338826589951E13    1.57483742941487E13
0.10098717948717946       -0.008929687500000002    1.7577664980888884E12    3.6093501138363047E12    5.30473976065458E12      6.875378309044151E12     8.33323866386863E12      9.70822938612619E12      1.1021816393712303E13    1.2249231812798336E13    1.341586620773004E13     1.453621507519439E13     1.5620700768256506E13    1.6670711257243264E13    1.7704992430610094E13    1.8705065548115375E13    1.955206898910849E13
0.10159999999999998       -0.0089296875            5.917580299307483E11     1.0656832782519164E12    1.4614206366936936E12    1.8133346851439727E12    2.132726785438637E12     2.4286923364322256E12    2.7090823210076226E12    2.974342936118813E12     3.230019032214766E12     3.4768261233398755E12    3.7174284737513926E12    3.952557062279244E12     4.185502344812424E12     4.414314910771854E12     4.612261587270712E12
0.06474322344322345       -0.038099999999999995    5.1894516183490784E11    9.58794757564167E11      1.328846979674701E12     1.6566642667980486E12    1.9535979552346675E12    2.2284635772334146E12    2.4883905627989062E12    2.7337990487227734E12    2.970096666402219E12     3.1974227434208223E12    3.419059520041856E12     3.63539476223867E12      3.848017046548007E12     4.057463440123657E12     4.239634509420544E12
0.06474322344322345       -0.03750468749999998     1.132697771549391E12     2.3265985095809834E12    3.406331573119694E12     4.3892438815014844E12    5.296123365869621E12     6.1490887557279E12       6.961665035616703E12     7.732177834571188E12     8.477649527436973E12     9.189022250998385E12     9.879680893439373E12     1.0549231454621049E13    1.1206815559692867E13    1.1847227917352125E13    1.239921665323699E13
0.10098717948717945       0.003455782312925168     2.0973162607012012E12    4.327221029197696E12     6.404724263504474E12     8.320293480540778E12     1.0100324550176396E13    1.1752663917239053E13    1.3324635816943346E13    1.4809538824253041E13    1.6229672713378854E13    1.758018985284741E13     1.8889494994279117E13    2.0164073326515207E13    2.1380981102949156E13    2.2581899923191215E13    2.363213873012007E13
0.10159999999999998       0.003455782312925172     6.259163573795703E11     1.1166838561477212E12    1.5265027142628445E12    1.89153685847351E12      2.2232682858635347E12    2.530980782481599E12     2.823198404519707E12     3.100019079752372E12     3.3665262651898574E12    3.6237124208301187E12    3.8746718793910723E12    4.1203291539733286E12    4.360999540479204E12     4.598881883369309E12     4.807443890461042E12
0.049953333333333315      0.02488163265306121      1.3876565747109291E13    2.8383715231031613E13    4.17301007527073E13      5.410343093045474E13     6.567234965905172E13     7.667268503695697E13     8.718020820251783E13     9.722053645161523E13     1.0694915590788862E14    1.1634224589830019E14    1.2553388864579956E14    1.3451052409195234E14    1.4335910045799138E14    1.520425195187363E14     1.5956165777373434E14
0.04995333333333332       0.0254                   2.603073621409179E12     4.3513696067278296E12    5.750896789577113E12     6.96419497261936E12      8.046764851630863E12     9.040527070980977E12     9.975709448406566E12     1.0855568021921396E13    1.1700047683153041E13    1.2517927759272055E13    1.3316830980339355E13    1.4099930835202746E13    1.4874913532709348E13    1.563941018319072E13     1.6306387111667104E13
0.10098717948717946       -0.005953125000000007    1.8579794459083792E12    3.8227747698983438E12    5.624245213686762E12     7.308103258552607E12     8.86875186233448E12      1.033594438219393E13     1.1721447118299717E13    1.3012438098114139E13    1.4260672745942809E13    1.545747016758526E13     1.6611345434136762E13    1.7727023785183332E13    1.8828177604466312E13    1.9880942436853043E13    2.0773332015588188E13
0.10159999999999998       -0.005953125000000002    6.021898796171499E11     1.079630833292362E12     1.4796876762775017E12    1.8332242945814897E12    2.153870187518288E12     2.4529720104586E12       2.7362500498037764E12    3.0041074885305713E12    3.262772200667466E12     3.512164350074501E12     3.754601897717783E12     3.9916725574844507E12    4.2268437232401455E12    4.456865607439016E12     4.656620442484182E12
0.06097875457875458       -0.038099999999999995    4.680980670890657E11     8.732310273043284E11     1.2166931913900647E12    1.5208768548224707E12    1.7968536333507417E12    2.0534895550864053E12    2.2962625963184736E12    2.525492844824599E12     2.746505931953787E12     2.959090713586382E12     3.1661736817889585E12    3.368381327679495E12     3.567213370021184E12     3.7632444425393223E12    3.933829659798206E12
0.060978754578754596      -0.037504687499999974    8.871789296511626E11     1.8258182540633853E12    2.675331599576689E12     3.45528095316004E12      4.1774224587294067E12    4.853935265175183E12     5.500122799183009E12     6.109782769107274E12     6.698832514179499E12     7.265404257395277E12     7.816367269975252E12     8.351211191853199E12     8.876583517103248E12     9.392606988588307E12     9.83827526974923E12
0.10098717948717942       0.002591836734693873     2.0823852403606724E12    4.301419057144203E12     6.358140802592976E12     8.270268984024611E12     1.0051810838884217E13    1.1689766100119475E13    1.3250282945901422E13    1.4727211832546914E13    1.6139536200735023E13    1.7483599335526062E13    1.8788857941556613E13    2.0059396139260035E13    2.1279322217059418E13    2.246801858840166E13     2.351312548500433E13
0.10159999999999997       0.0025918367346938723    6.238357138574937E11     1.1115617055402634E12    1.5211524565409443E12    1.8823560380554375E12    2.210393071320338E12     2.5173060363010044E12    2.8082923494077407E12    3.083409378375645E12     3.3486730002840576E12    3.604132662148921E12     3.852528870625658E12     4.09569847418056E12      4.33455845043252E12      4.570061379287782E12     4.776862082087077E12
0.04892842105263157       0.024881632653061224     1.4227163373883139E13    2.910356410730181E13     4.2736088161451195E13    5.54692776732428E13      6.741080627163702E13     7.868707630815897E13     8.94702393306434E13      9.980139055453238E13     1.0980690322531923E14    1.194712782185277E14     1.2896804839698064E14    1.3825233725146678E14    1.4739981323744244E14    1.563760038624995E14     1.641482806519495E14
0.04892842105263157       0.0254                   2.7218031401838784E12    4.525661541458011E12     5.974704264560964E12     7.215980877961151E12     8.322389628405281E12     9.347298111786791E12     1.031000298940818E13     1.1213761568753725E13    1.2082204573081904E13    1.2922295487341129E13    1.3740305223501855E13    1.4542615199192467E13    1.5337562378087764E13    1.612230296231021E13     1.6807784501163344E13
0.10098717948717946       -0.0035718750000000013   1.9281060855055933E12    3.962610975351958E12     5.843686008591035E12     7.585705628366778E12     9.19896599028839E12      1.0727853056246342E13    1.2148865444760139E13    1.3496143774692887E13    1.479536652924407E13     1.603522108864452E13     1.7227107529716457E13    1.8381402182885473E13    1.952105430268737E13     2.0599356595884023E13    2.152688556247273E13
0.1016                    -0.003571875000000002    6.097859066013384E11     1.0921898807884696E12    1.494990854778099E12     1.853526754538911E12     2.1790475007554229E12    2.4808454908927173E12    2.767068902155625E12     3.038144800902898E12     3.29946395294593E12      3.5517045120450337E12    3.797423910226081E12     4.0376136680934775E12    4.275593421040217E12     4.507491773900895E12     4.709620744612495E12
0.05800219780219781       -0.038099999999999995    3.9927614487944977E11    7.55146079564746E11      1.0589826696152534E12    1.3307029989798396E12    1.5781754499678586E12    1.8078585950464895E12    2.025565853841187E12     2.2314818339930757E12    2.4300509869431494E12    2.6213072975896704E12    2.8080139307820635E12    2.9904235488573574E12    3.1697048821689746E12    3.3462377362443276E12    3.4997402254844805E12
0.058002197802197814      -0.037504687499999974    6.16506263708884E11      1.2506334287358442E12    1.8274743926112979E12    2.358506054751181E12     2.851124021260729E12     3.3172468191155264E12    3.7619960981472866E12    4.184083861693654E12     4.593873327673392E12     4.988203928095588E12     5.372619246683577E12     5.747583902363238E12     6.113846991599989E12     6.472786788717715E12     6.783286805618479E12
0.10098717948717945       0.001814285714285714     2.0642978984808755E12    4.255060303271355E12     6.294254907952076E12     8.174050869473755E12     9.925502405628906E12     1.1547894914071135E13    1.3090564571152639E13    1.454860166497646E13     1.594650361635092E13     1.727378012696203E13     1.8556691371548527E13    1.9804843979485855E13    2.1010664123934688E13    2.217457517038584E13     2.3203243547183387E13
0.10159999999999998       0.0018142857142857082    6.22901583953076E11      1.1120733189276904E12    1.520464125127736E12     1.8842908910771138E12    2.214914816603621E12     2.5214448219524443E12    2.812520914464971E12     3.0882727986630474E12    3.353838920877756E12     3.61010355763737E12      3.860076713417919E12     4.104703683026786E12     4.3451673107776055E12    4.581394662960733E12     4.788735705862228E12
0.04772526315789472       0.024881632653061217     1.4717182923414174E13    3.002724254306887E13     4.4133658038671016E13    5.720936252259439E13     6.948925803927316E13     8.118434093997245E13     9.236356510799411E13     1.0307343434240358E14    1.1347242283875116E14    1.2351982559347578E14    1.3337694050651731E14    1.4301240987713566E14    1.52514690021385E14      1.6185126342729056E14    1.6994806985763356E14
0.04772526315789473       0.0254                   2.8659383786077446E12    4.751115637815722E12     6.252612505980737E12     7.550817062835148E12     8.707041033663327E12     9.767745059233016E12     1.0764922952261195E13    1.1702819346522639E13    1.2602712275956238E13    1.3474706330090816E13    1.4326291129785217E13    1.5161277882880266E13    1.5988125103907383E13    1.680377301781569E13     1.7515547264450578E13
0.10098717948717946       -0.0017859375000000035   1.9794841173832385E12    4.078802543044206E12     6.016344635376188E12     7.822607169796816E12     9.501626424778553E12     1.106559980653792E13     1.2536006293124383E13    1.3928838983210426E13    1.5268685497826396E13    1.6545650369523117E13    1.7776797212586895E13    1.897170136931228E13     2.0145400903084996E13    2.1250078324913016E13    2.2215202626619957E13
0.10159999999999998       -0.0017859375000000024   6.142079055759968E11     1.0971241602116809E12    1.502202308321753E12     1.8597235386395466E12    2.1841751268219277E12    2.487261347909601E12     2.7745484557221797E12    3.0463046333626934E12    3.3086702789197866E12    3.561455254972422E12     3.807090094343151E12     4.0474316508121406E12    4.28536709375826E12      4.517460615366529E12     4.720427145728001E12
0.055813553113553106      -0.038099999999999995    3.2202788639465314E11    6.123162272317164E11     8.625522427872925E11     1.0861979226456188E12    1.2902535540901562E12    1.480860744622514E12     1.661596972902482E12     1.8325049545769973E12    1.9974998999360393E12    2.15628077418733E12      2.311079615439647E12     2.46232335331384E12      2.611003439951306E12     2.757352388236091E12     2.884512704015931E12
0.05581355311355312       -0.037504687499999974    3.826875626016795E11     7.500383992099144E11     1.0749471528403839E12    1.3722561290335447E12    1.6468907772921924E12    1.904814448261547E12     2.1508312447918926E12    2.3843230610060005E12    2.609959523745366E12     2.8274808244608086E12    3.039755764776138E12     3.246701294551255E12     3.449801003580166E12     3.648500270210937E12     3.820141495865576E12
0.10098717948717945       0.0011231292517006747    2.0508850811768306E12    4.232818782390141E12     6.252911697880977E12     8.131804134649576E12     9.88365711381138E12      1.1497110083018922E13    1.3030167802558762E13    1.448149200767786E13     1.5872474317973402E13    1.7195252279871291E13    1.847655780108395E13     1.9722311573334953E13    2.0930151956114727E13    2.2086018287169566E13    2.310967542267059E13
0.10159999999999998       0.001123129251700676     6.209609191322007E11     1.1071516719705942E12    1.515417030455661E12     1.8753589923615518E12    2.2021595347574683E12    2.507849297784667E12     2.797681734064206E12     3.071752283185221E12     3.3361409788233174E12    3.59075476574349E12      3.8382374654838994E12    4.0804421225460874E12    4.319071036234194E12     4.553178388956161E12     4.758705522672156E12
0.046343859649122784      0.024881632653061217     1.5398407022633434E13    3.144122565866663E13     4.617421917209858E13     5.997984551651272E13     7.29723927757912E13      8.527386977584142E13     9.705518482154144E13     1.083819897832304E14     1.1937365605280984E14    1.3005753149409238E14    1.4055320104293397E14    1.5080576124187747E14    1.609143842509952E14     1.7084980404489256E14    1.7946859253894756E14
0.0463438596491228        0.0254                   3.021495311344528E12     4.976455179457742E12     6.537484103107841E12     7.871548082389989E12     9.058132094935117E12     1.015624139611727E13     1.118679851727832E13     1.2154098314743338E13    1.3083190773802537E13    1.3982721727856484E13    1.4858502762423838E13    1.5717788700976219E13    1.6569727700760197E13    1.7410741473115096E13    1.814557336577189E13
0.10098717948717946       -5.953124999999991E-4    2.008132124845845E12     4.133469186427108E12     6.106865251962657E12     7.928282101649615E12     9.62200652816297E12      1.1203735976301906E13    1.269651064860135E13     1.4108361215663834E13    1.54669959305885E13      1.6758407667837438E13    1.8002119440973715E13    1.9210324193274477E13    2.0392626718281582E13    2.150915921363661E13     2.249453337092457E13
0.10159999999999998       -5.953125000000027E-4    6.17646097616935E11      1.104080510100925E12     1.5101936107659167E12    1.8719514512846943E12    2.200628239047384E12     2.5052523790737207E12    2.7944194119078623E12    3.0683297948580137E12    3.332212620310477E12     3.5868329860304775E12    3.8350093840501416E12    4.07772933641295E12      4.317397217937463E12     4.551313965850298E12     4.756134608628768E12
0.05441282051282051       -0.038099999999999995    2.6672301115837695E11    5.0529564498161914E11    7.097595645097131E11     8.930180645432814E11     1.0600069448028785E12    1.214995084850832E12     1.3618952183759475E12    1.5006769582091494E12    1.6342619768964978E12    1.7628418908762214E12    1.8883659470145654E12    2.0108865809938376E12    2.131248381460069E12     2.2494227572788276E12    2.3519272520407065E12
0.0544128205128205        -0.03750468749999998     1.3900619978084436E11    2.5719199326812228E11    3.583868381499766E11     4.4796904179679974E11    5.290065907922988E11     6.051663095834983E11     6.768530735508281E11     7.433257680345214E11     8.063542138080956E11     8.661315752726586E11     9.237412287529684E11     9.790718034923629E11     1.0333592145510757E12    1.0857299471136005E12    1.1303912971965532E12
0.10098717948717943       5.183673469387721E-4     2.0351898786709424E12    4.191846320628111E12     6.197173871358692E12     8.046264543085364E12     9.767470326825062E12     1.1368423363255352E13    1.2885029293595041E13    1.4318999850762309E13    1.5696840355828074E13    1.7005167896060521E13    1.8267266729538996E13    1.949387864907419E13     2.0687706080755207E13    2.1823828841920914E13    2.283098407260004E13
0.10159999999999998       5.183673469387705E-4     6.202147223908973E11     1.1080129356919604E12    1.5151834227261372E12    1.8780151332985913E12    2.207727135714428E12     2.5132908756098667E12    2.8034078588821973E12    3.078234891801974E12     3.3429566474389146E12    3.5983889185900093E12    3.8474644496987026E12    4.0911426794459375E12    4.3312927924290493E12    4.566338868714585E12     4.772351706736995E12
0.04478421052631577       0.024881632653061217     1.6170235992643785E13    3.2940524866647785E13    4.843335514376372E13     6.288374559311971E13     7.6498891127521E13       8.95102728830203E13      1.0198183261937747E14    1.1398955327439383E14    1.2567829197288756E14    1.370861752103563E14     1.4822482009945156E14    1.5911552343076647E14    1.698666921008566E14     1.8045188206407597E14    1.8965258780019475E14
0.04478421052631578       0.0254                   3.201047549369002E12     5.248970632862867E12     6.869528567023174E12     8.266645014944895E12     9.508045107973654E12     1.0646308457514367E13    1.1715475572153832E13    1.2720905825284062E13    1.3685163031001223E13    1.4620290685840373E13    1.5533298940073041E13    1.6428998157054148E13    1.7316564728972574E13    1.8192175350242945E13    1.8956502860116145E13
0.1009871794871795        3.2165242691561955E-18   2.0247444295121023E12    4.1762510393135854E12    6.166109419077465E12     8.018233233197703E12     9.743627012769734E12     1.1339167406302623E13    1.2849688958950639E13    1.4279976770808475E13    1.5652736798356455E13    1.6958757420257344E13    1.8221433145895676E13    1.9448008003313465E13    2.064404427405283E13     2.1776626496226637E13    2.277871948217222E13
0.10160000000000001       0                        6.184838233263639E11     1.1033773881692073E12    1.5104650315167368E12    1.8693497321764207E12    2.1951066216581553E12    2.499747816596088E12     2.788569987825146E12     3.061726724660347E12     3.3253598960287715E12    3.5792840659084673E12    3.826061193744942E12     4.0675577326577847E12    4.3060066905543115E12    4.539255072358785E12     4.743765446806549E12
0.0538                    -0.0381                  2.023855949941761E10     3.8632258910847664E10    5.503642635686521E10     7.035571906565112E10     8.474595098938725E10     9.897798471575117E10     1.1274154066370898E11    1.2550833315770387E11    1.3775437674575394E11    1.494392960359223E11     1.6075131526742612E11    1.7155858303390768E11    1.8239771917294995E11    1.929008557327589E11     2.0177644562577066E11
0.0538                    -0.037504687499999995    6.01135016087206E10      1.0672508997585368E11    1.4563917955522772E11    1.794049556670716E11     2.091480807894614E11     2.365337956638669E11     2.6154362788612048E11    2.8408996042314276E11    3.048186986251657E11     3.239436900671305E11     3.4204651591924207E11    3.589334338625131E11     3.752685440306187E11     3.9056376273073865E11    4.0325142617655774E11
0.04304631578947368       0.024881632653061217     1.7080311919417877E13    3.482068220839343E13     5.116723562393517E13     6.661005373147104E13     8.120101217676978E13     9.507383291685317E13     1.084191917516038E14     1.2132624664436438E14    1.3394462679496133E14    1.4624567401603247E14    1.5829418308921594E14    1.7008395856789388E14    1.8172428823480088E14    1.9319324629566656E14    2.0317060776265278E14
0.04304631578947368       0.0254                   3.3900531509225605E12    5.515351629670125E12     7.199593427053432E12     8.635109107252741E12     9.908647789738736E12     1.108625451597879E13     1.2190697522604414E13    1.3227379972767064E13    1.422257757091025E13     1.5186797445598455E13    1.6125676993695396E13    1.7047550879043287E13    1.796210831481739E13     1.8865001380498477E13    1.9654080414232664E13
0.0538                    -0.036314062499999994    9.217232473951717E10     1.480871909988875E11     1.8841202254355847E11    2.196527965916774E11     2.453462637400516E11     2.677037055923997E11     2.8786982141820544E11    3.056096869496171E11     3.215959125297158E11     3.363432914761686E11     3.500563278331922E11     3.629946407819038E11     3.754023982303556E11     3.8701981690502057E11    3.968663635731447E11
0.05441282051282048       -0.03631406249999998     1.6664697736000717E11    2.976188418619853E11     4.040275717826128E11     4.952936992754122E11     5.755182583224735E11     6.483730455309872E11     7.16186421908564E11      7.781035541266855E11     8.357177593576805E11     8.899750823213169E11     9.419054821191414E11     9.91506374333117E11      1.0395980141048369E12    1.0853893540709441E12    1.1242604861027808E12
0.04113017543859647       0.024881632653061213     1.801119111843298E13     3.662508967384198E13     5.388747592363444E13     7.0142678350007375E13    8.553412949569195E13     1.0031040302764433E14    1.1456655265754625E14    1.2841551097216623E14    1.419824097373266E14     1.5518289836042147E14    1.681060825357939E14     1.807678413400242E14     1.932905475649E14        2.056547113562545E14     2.1643267299809894E14
0.041130175438596484      0.0254                   3.6002972839712744E12    5.822348515634013E12     7.566375833778468E12     9.064742960176979E12     1.0392485978861648E13    1.1609505624553463E13    1.2752041991389793E13    1.3826555987052955E13    1.4856366303389158E13    1.5855566578729236E13    1.6831464355147426E13    1.778974489803735E13     1.8739899637034656E13    1.9677338578346613E13    2.0495801723087316E13
0.0538                    -0.03452812499999999     1.206185098724233E11     1.9519750815493082E11    2.5002995079620322E11    2.948957612573406E11     3.328970057590504E11     3.6628995343859393E11    3.967187591958864E11     4.2413582419619165E11    4.496267201231362E11     4.7306425176882056E11    4.9504257085867706E11    5.1572452894076624E11    5.3506947322110803E11    5.533878976327347E11     5.684846948828481E11
0.054412820512820495      -0.03452812499999998     2.4139740525581836E11    4.359389929195546E11     5.962783197724113E11     7.344809467237236E11     8.570969649406569E11     9.69937437998141E11      1.0757137607439761E12    1.1731167542048074E12    1.2655642235155679E12    1.352293903650962E12     1.4347542741050115E12    1.5136829596894983E12    1.5891884071600938E12    1.661598664821696E12     1.7224335054498994E12
0.0390357894736842        0.024881632653061213     1.900508982492789E13     3.8654763891557016E13    5.6857143545531055E13    7.419452396784567E13     9.069202207620216E13     1.0646451739576462E14    1.2175627847538664E14    1.3671311565006611E14    1.5133557270409897E14    1.6560214564463816E14    1.796334925041845E14     1.9339129222577625E14    2.0699724395231688E14    2.204453960456063E14     2.322052145288266E14
0.039035789473684204      0.0254                   3.815943087102398E12     6.113815616815383E12     7.917941894849408E12     9.450163109499705E12     1.080555151575312E13     1.205812968961939E13     1.323254114028919E13     1.4335190560896262E13    1.5392701330690053E13    1.641804481142752E13     1.741714608087532E13     1.8399207274204883E13    1.9374000179466125E13    2.033641096568429E13     2.117755689717927E13
0.0538                    -0.032146875             1.7709078635456067E11    2.932979869754142E11     3.804506775395546E11     4.518621534589937E11     5.1314922222747235E11    5.675224710303485E11     6.164234268978024E11     6.603200655976617E11     7.010739148616282E11     7.386393344881847E11     7.737697346560627E11     8.067327502176685E11     8.38140773614789E11      8.677661367287754E11     8.925474334847631E11
0.054412820512820495      -0.03214687499999999     3.8997495594750415E11    7.400241027469122E11     1.0384783291086881E12    1.3061366953540457E12    1.5493304146101584E12    1.7739732552127131E12    1.985547885138806E12     2.1828051124794822E12    2.371252688083246E12     2.5500317048761006E12    2.722012212101612E12     2.8871642319079297E12    3.047485644541213E12     3.201655134867665E12     3.3320478501356772E12
0.03676315789473684       0.024881632653061224     1.9927389426391418E13    4.039336939829897E13     5.9495572152074195E13    7.759882607897561E13     9.489770917287917E13     1.1161971871011477E14    1.2789698557351103E14    1.4381637961816953E14    1.5943222423711784E14    1.7469160075611403E14    1.8968569741757225E14    2.0440085389114403E14    2.190182515839993E14     2.33524684902129E14      2.4623715272492694E14
0.03676315789473684       0.0254                   4.0481300857889185E12    6.436517900574913E12     8.292493231633111E12     9.879885180202424E12     1.1282196108021756E13    1.2567501574625375E13    1.37739158864679E13      1.490868949727215E13     1.5995307582781836E13    1.705047574886194E13     1.8081783673600973E13    1.9095771200981156E13    2.0101750628974367E13    2.1094318303301418E13    2.1960869056250527E13
0.0538                    -0.029170312499999997    2.6639343989311877E11    4.50430204750457E11      5.939452880578403E11     7.136561546320565E11     8.166225035850344E11     9.081253832262434E11     9.92022855488925E11      1.068017441389436E12     1.1389941105731284E12    1.2046848778215613E12    1.2665134707837888E12    1.3251200586907805E12    1.3811486949901213E12    1.4343260825542395E12    1.4786545654340452E12
0.054412820512820495      -0.029170312499999976    6.614685409088574E11     1.317514778076681E12     1.9161073566151943E12    2.466913943235023E12     2.9801892761477305E12    3.47004392085185E12      3.940180800031525E12     4.3843083112625444E12    4.814656812955066E12     5.225374858706001E12     5.622542014654503E12     6.009188240194901E12     6.388525256154144E12     6.756750342143959E12     7.070120276656649E12
0.03431228070175438       0.024881632653061224     2.082403869749667E13     4.216836390319693E13     6.205578719684341E13     8.112882905774473E13     9.944993266323545E13     1.1710611914001745E14    1.3435660143925981E14    1.51303039087172E14      1.679425398347846E14     1.842579817841091E14     2.003686194680253E14     2.162351794452118E14     2.3198556455283362E14    2.4761687488949653E14    2.6134175647662697E14
0.03431228070175438       0.0254                   4.280174173174457E12     6.732933505970057E12     8.637403427835454E12     1.0247425554948316E13    1.1666869976797908E13    1.2978393679427576E13    1.4208009912924348E13    1.536289863856621E13     1.6469672176229229E13    1.754373844152626E13     1.8591362816506527E13    1.9622650881509242E13    2.0646895467467348E13    2.165809649261537E13     2.2541630445625527E13
0.0538                    -0.025598437499999998    3.9477149028081744E11    6.705722054097272E11     8.846448602513151E11     1.0630676115971289E12    1.2174473207602185E12    1.355920594243041E12     1.4820224717154607E12    1.5969712219449702E12    1.7042144651543977E12    1.8031806803823875E12    1.8962536053252625E12    1.984431258350524E12     2.0689984341126475E12    2.1494508510184978E12    2.2165586152498765E12
0.054412820512820516      -0.025598437499999977    1.123123320580694E12     2.304989394220468E12     3.406373030304344E12     4.44818098353796E12      5.427334358892779E12     6.360327384402611E12     7.260115473251673E12     8.121080966485253E12     8.95808454622068E12      9.759466594778441E12     1.0539927900098832E13    1.1301478573217986E13    1.205052343990212E13     1.278112596136602E13     1.3403903917282623E13
0.03168315789473683       0.024881632653061217     2.1559084965954203E13    4.3439775720698586E13    6.3955655424571336E13    8.354703997531716E13     1.0243523725559314E14    1.2083800924445608E14    1.3883055067354789E14    1.565610399063842E14     1.740274789355622E14     1.9118168792388125E14    2.0815208045714084E14    2.2484276126544322E14    2.4145111354521144E14    2.579859475787761E14     2.7255312133277247E14
0.03168315789473684       0.0254                   4.523278907626252E12     7.051285303274537E12     8.992963445605264E12     1.064479154068782E13     1.2098817849761273E13    1.3431851131327809E13    1.468311980831509E13     1.5860677646201467E13    1.6987533965005152E13    1.808274659356775E13     1.9154318005242133E13    2.0209623655074504E13    2.125729823943703E13     2.22909460865324E13      2.319301570142502E13
0.0538                    -0.02143125              5.657363497642213E11     9.489051845262415E11     1.2455373419912307E12    1.493249853990956E12     1.7079632296364424E12    1.9003881715439556E12    2.0758275210900972E12    2.234438916065571E12     2.3824877657527524E12    2.5198164137300454E12    2.6492005715379277E12    2.771438231388887E12     2.888466186844181E12     2.999825879984378E12     3.092562742362922E12
0.054412820512820516      -0.02143124999999998     1.819038545249948E12     3.7580400268862583E12    5.590201686652999E12     7.305979621575579E12     8.934988704971387E12     1.0512806881611684E13    1.203657679509775E13     1.348467247322494E13     1.4899957575502324E13    1.6263886473522758E13    1.7595334359545957E13    1.8895997337423824E13    2.0178487364284023E13    2.14345991333725E13      2.250770085205407E13
0.02887578947368419       0.024881632653061217     2.2200969486189406E13    4.4601198597926086E13    6.554379695259918E13     8.577692836862739E13     1.053707049445177E14     1.2439573089943881E14    1.4301422541938628E14    1.614820811336036E14     1.7968777813857925E14    1.9765717574945503E14    2.154757491440084E14     2.3302337831037134E14    2.5049794935810866E14    2.6791672439746197E14    2.832900002277085E14
0.028875789473684205      0.0254                   4.760768353024746E12     7.334919644590173E12     9.309033369994281E12     1.0968886420408588E13    1.2426819368495002E13    1.3774060265732635E13    1.5037619743525998E13    1.6225079107155082E13    1.7362392643988252E13    1.8467307830630895E13    1.9546324760257E13       2.0610424173282297E13    2.1668102319408992E13    2.2712215755037062E13    2.362399951627735E13
0.0538                    -0.016668749999999996    7.904832437667041E11     1.3112567532023594E12    1.7142193272333362E12    2.050541494327651E12     2.339581552860428E12     2.598280848958869E12     2.8346523088659795E12    3.048828914795771E12     3.248583547252702E12     3.432730266980441E12     3.605592658209324E12     3.7689888986994355E12    3.92520868433207E12      4.0736275006140454E12    4.1976150181839253E12
0.054412820512820516      -0.01666874999999999     2.915506949931795E12     6.070044739221631E12     9.047431382745068E12     1.1902007043188486E13    1.4604669931352074E13    1.7198538644881164E13    1.9735806754425707E13    2.216817703382821E13     2.4550089007328594E13    2.6831542570299832E13    2.9041349743569062E13    3.1201557844290547E13    3.3298997990649266E13    3.53386656502731E13      3.708072440337188E13
0.025890175438596476      0.024881632653061217     2.2633723343748402E13    4.515204111651605E13     6.631039096306775E13     8.66532087895968E13      1.0640310647172939E14    1.2575982857948408E14    1.447049882901114E14     1.6355364333962328E14    1.8219094196129434E14    2.0061012173152644E14    2.188677515976222E14     2.3686362096660556E14    2.548141959491127E14     2.7274886165423328E14    2.8862190156290025E14
0.025890175438596487      0.0254                   5.003987609145943E12     7.633788858455361E12     9.62871381332073E12      1.1315789136468508E13    1.2795346350492861E13    1.4152422702008586E13    1.5427278337810096E13    1.662726609323537E13     1.7775120411936938E13    1.889219442790287E13     1.9986448555000023E13    2.106624255081397E13     2.2139228482276137E13    2.3197737112732242E13    2.4120971556203957E13
0.0538                    -0.012501562499999997    1.0444962378558002E12    1.7163848900019526E12    2.2337855175654985E12    2.6633610645930527E12    3.034361205097507E12     3.364320955653023E12     3.664562491807829E12     3.935891312862336E12     4.188833995972395E12     4.422741485355666E12     4.642949457810739E12     4.851943160838576E12     5.053065629270964E12     5.244378208512918E12     5.404680476987724E12
0.054412820512820516      -0.012501562499999988    4.307754253518304E12     8.967717983627715E12     1.3432562737211271E13    1.7655399223023363E13    2.1697667414505695E13    2.562190367309637E13     2.9395245376026953E13    3.2935404805407094E13    3.6388513807796836E13    3.970625750073645E13     4.29330721510801E13      4.609564431075249E13     4.924593737702287E13     5.233178218340309E13     5.4982832583867734E13
0.02272631578947368       0.02488163265306122      2.2960412182800492E13    4.558148143250842E13     6.674279608855848E13     8.731221999555873E13     1.0734260480989022E14    1.2685849789003098E14    1.460107140902492E14     1.6515255721064512E14    1.840870744193917E14     2.0285506411175812E14    2.2152295349097275E14    2.399290859654007E14     2.582893249148761E14     2.766485494322989E14     2.9291521545200575E14
0.02272631578947368       0.0254                   5.235797963996336E12     7.892202510507631E12     9.904319902372604E12     1.158653421904987E13     1.3058899965295527E13    1.4419997178920395E13    1.5698292926506225E13    1.6899228097714826E13    1.804915707074294E13     1.9168229398256277E13    2.0262550962879812E13    2.1343980178741633E13    2.2419917085987883E13    2.3481897493689215E13    2.4408733127008195E13
0.0538                    -0.008929687499999997    1.3395876062886943E12    2.1775127209434585E12    2.816173601602984E12     3.344664219262793E12     3.7971579027955454E12    4.200281649239787E12     4.566858902140752E12     4.898939283130103E12     5.210790175647208E12     5.499485308166625E12     5.770646692630094E12     6.026709425157919E12     6.271801355135369E12     6.504550983011151E12     6.698038551099611E12
0.054412820512820516      -0.008929687499999991    6.170317482842891E12     1.286569207180826E13     1.9205925975314004E13    2.530356309415122E13     3.0994845766993418E13    3.638494347758109E13     4.16049950917597E13      4.661982647087356E13     5.155046051027695E13     5.631413264821068E13     6.097017734238058E13     6.551673428486774E13     6.999818278915038E13     7.437211950783917E13     7.809469636408842E13
0.01938421052631579       0.024881632653061217     2.3093865827934785E13    4.5459287151652164E13    6.645056587783161E13     8.675231778346889E13     1.0653489927885988E14    1.2594713166416636E14    1.4502453972399172E14    1.641097698358712E14     1.830372150567897E14     2.0179398814303597E14    2.2043284994781434E14    2.3882343395592672E14    2.5718522512250972E14    2.7557908644588044E14    2.9190869634442706E14
0.01938421052631579       0.0254                   5.465684827589164E12     8.158938399117538E12     1.0178487841108219E13    1.187686637679747E13     1.3361649568217826E13    1.4724521880526916E13    1.6007061988550646E13    1.7213133833402947E13    1.836676564870377E13     1.949183437013425E13     2.0595301896261336E13    2.168645009046022E13     2.2771761909107875E13    2.384229112410251E13     2.4775593172908184E13
0.0538                    -0.005953124999999992    1.7009173036296409E12    2.7230539531658687E12    3.4878902591591724E12    4.1190764741660337E12    4.657460436852279E12     5.134372351237657E12     5.569756672913771E12     5.965002346615258E12     6.33280510805815E12      6.669808028882503E12     6.985155914678497E12     7.281834240489154E12     7.564838647078355E12     7.833000723966012E12     8.055049665193699E12
0.054412820512820516      -0.005953124999999978    8.706972536656269E12     1.7953391981205727E13    2.6636081999815133E13    3.4619802400072055E13    4.212574653814752E13     4.9370074540048086E13    5.641451534458271E13     6.3150907216045086E13    6.973154734589089E13     7.600650325000169E13     8.208003008189731E13     8.798413302913888E13     9.379196859343647E13     9.945101948364656E13     1.042477288306404E14
0.015863859649122805      0.02488163265306122      2.3166457343945867E13    4.534278460227251E13     6.604464837582258E13     8.627176150635658E13     1.0601056481449136E14    1.2527164135106089E14    1.4419131327923894E14    1.6320851780244303E14    1.8206570836688106E14    2.0076803835223634E14    2.1942051463214562E14    2.3781911766753397E14    2.5617750902989016E14    2.745747729333686E14     2.909124619022183E14
0.015863859649122805      0.0254                   5.673704779141386E12     8.376579844830389E12     1.0402635147108287E13    1.208823738469439E13     1.3559793108990855E13    1.4921195521793486E13    1.6202219923990152E13    1.7404082892833914E13    1.855505151430645E13     1.9677998229953633E13    2.0777429408272344E13    2.1866054332077227E13    2.295007768185659E13     2.4019905274230273E13    2.4953277107043035E13
0.0538                    -0.0035718750000000013   2.1668670467178477E12    3.3697231367507637E12    4.25110806819596E12      4.962727897984109E12     5.564787132735513E12     6.098181477238607E12     6.578094255307419E12     7.007916714416326E12     7.406263889109364E12     7.766713149249266E12     8.101133032818466E12     8.413791175551156E12     8.711159770267648E12     8.992104627246023E12     9.221768931583537E12
0.054412820512820495      -0.0035718749999999913   1.2467023389582768E13    2.4982725905869062E13    3.602452174265536E13     4.627831392433417E13     5.579605198977124E13     6.479949218585872E13     7.340346250258269E13     8.150639388095081E13     8.93273757307821E13      9.666313747329911E13     1.0369387982503288E14    1.104406851399676E14     1.170122201161349E14     1.2335342033196986E14    1.286338534695563E14
0.012165263157894738      0.02488163265306122      2.311161413550381E13     4.4860433537054336E13    6.5247345232551625E13    8.500544071458145E13     1.0429494653186698E14    1.232614951423635E14     1.4186269376407906E14    1.6057980976387422E14    1.7917501989334E14       1.976025262677344E14     2.1592064099530772E14    2.3401532983202703E14    2.5207861842787634E14    2.702043943776395E14     2.863219555394665E14
0.012165263157894738      0.0254                   5.864326333637788E12     8.588882376142656E12     1.0614455313515799E13    1.231048195590392E13     1.3790496270222342E13    1.5150376249381111E13    1.6432517143839348E13    1.7636209065990926E13    1.8787937866953863E13    1.991425386068347E13     2.1019923927146766E13    2.211521355734977E13     2.3205442822522766E13    2.428074815518013E13     2.5218073859185613E13
0.0538                    -0.0017859374999999972   2.818863814366264E12     4.2119850760674194E12    5.151201931512062E12     5.8800414239056455E12    6.46820571129846E12      6.966589278094937E12     7.396348752707788E12     7.768220692636351E12     8.10466681973135E12      8.396136831552413E12     8.657306000120477E12     8.892454951506516E12     9.111050614372834E12     9.312601886332086E12     9.47252558593709E12
0.054412820512820495      -0.0017859374999999943   1.8499007997780086E13    3.4501670429154637E13    4.738726060236812E13     5.8391132045177195E13    6.793523007019176E13     7.646622174817842E13     8.41383104815484E13      9.101040864651883E13     9.742404545574144E13     1.0307497664601062E14    1.0824574396521872E14    1.1298678919709117E14    1.1747311441007289E14    1.216822143459215E14     1.2499200783639047E14
0.008288421052631579      0.024881632653061224     2.3073231097148586E13    4.459193234259962E13     6.466911629510825E13     8.42868193667356E13      1.034579889493133E14     1.2219924440555622E14    1.4056113732292386E14    1.591072937204026E14     1.7751626603703778E14    1.9576874809288534E14    2.139422888567431E14     2.319080678246974E14     2.4982188805841984E14    2.6779600061277553E14    2.837757750244328E14
0.008288421052631579      0.0254                   6.01334905606033E12      8.735215433616128E12     1.076216685975405E13     1.244285302624192E13     1.3908449167186625E13    1.5265527754717838E13    1.6544770491523299E13    1.774294793474006E13     1.8890879248258816E13    2.00138791899433E13      2.111408204722627E13     2.220510005681928E13     2.3292117852039797E13    2.4364863639374438E13    2.5300719867781066E13
0.0538                    -5.953124999999971E-4    3.9141293998698677E12    5.461176847650779E12     6.306765357498708E12     6.92579234554283E12      7.417343441350388E12     7.790767111237775E12     8.115639935992314E12     8.409985605536578E12     8.687112211488817E12     8.934494663676705E12     9.177029810635121E12     9.408062531824201E12     9.63017715453238E12      9.845302845926883E12     1.0004171020566383E13
0.05441282051282053       -5.953124999999905E-4    3.158389414721211E13     5.37249886933993E13      6.841301784957686E13     8.014181771491348E13     8.996428239155438E13     9.825521663400038E13     1.0559905293138047E14    1.1222471456723172E14    1.1854132701647402E14    1.2421502754616989E14    1.296204417995775E14     1.3475635059259531E14    1.3976342285156997E14    1.446231207205159E14     1.485047791705337E14
0.004233333333333331      0.02488163265306122      2.298574224529306E13     4.417677160322007E13     6.402602131066287E13     8.32756135024903E13      1.0207151304967058E14    1.20576366618705E14      1.3868704090991214E14    1.5697415859731375E14    1.751479528158157E14     1.9314248491421497E14    2.110177172347602E14     2.286874219426969E14     2.463214138587491E14     2.640305534761683E14     2.79789641060511E14
0.004233333333333333      0.0254                   6.119991187627551E12     8.854462529826393E12     1.087839767781596E13     1.2569225023019666E13    1.4043774000464023E13    1.5399546135117584E13    1.6679703071252371E13    1.7879811616633484E13    1.9028610741463137E13    2.015450600479796E13     2.126021255815239E13     2.235670582761972E13     2.3448577469029406E13    2.452550474916507E13     2.546424855864215E13
0.0538                    0                        7.098280210701595E12     9.861703330075889E12     1.173778082511662E13     1.2944043573462078E13    1.3911093670675344E13    1.4979704105790463E13    1.5807496281974412E13    1.6434807744709389E13    1.7015153679489807E13    1.7511507626192766E13    1.788597053198032E13     1.8218419444196758E13    1.853623669605741E13     1.883741945853924E13     1.911598218441554E13
0.054412820512820516      5.639932965095795E-18    5.568612502677563E13     9.075738141478852E13     1.116640212644946E14     1.280656019355452E14     1.4186460802929497E14    1.5274615617565734E14    1.620532342438456E14     1.70368865716442E14      1.7847338716323753E14    1.8602211058091497E14    1.9365506890806044E14    2.0140085158821328E14    2.091915304341938E14     2.169693136712149E14     2.234433771596155E14
0                         0.024881632653061224     2.297846497200192E13     4.4142445449901945E13    6.387683913521449E13     8.31697505592859E13      1.0202074429076177E14    1.204630967627693E14     1.3850856139781839E14    1.5677184919205284E14    1.7489922662906228E14    1.9285753030218403E14    2.1074612545929512E14    2.2841508976152412E14    2.4603826299379984E14    2.6372806594602256E14    2.7946213905614088E14
0                         0.025400000000000002     6.165973017327154E12     8.891082742213438E12     1.0916137663438572E13    1.2592552262067324E13    1.4054067025784037E13    1.5408378457820938E13    1.6686126386043172E13    1.7881743796702285E13    1.902762250682151E13     2.01500958443968E13      2.1249946924921746E13    2.2341286995394074E13    2.342891849851421E13     2.4502310590740418E13    2.543877828137908E13
0.05304999999999999       0                        3.2011501757622876E12    4.372315534399311E12     4.991837202652195E12     5.814614743709672E12     6.514968365788103E12     6.787493544283399E12     7.090442741712081E12     7.42143308181268E12      7.674504800515919E12     7.88749991363218E12      8.162519205152791E12     8.440040003871077E12     8.704752470602818E12     8.959902486964707E12     9.199436277270645E12
0.05304999999999999       5.183673469387759E-4     1.5583370324455014E13    2.3142766183395805E13    2.8662866036991504E13    3.4080688465502523E13    3.928398631207688E13     4.328976035870597E13     4.681061460239935E13     4.999812354265954E13     5.294786630584857E13     5.564481548097072E13     5.832220582403177E13     6.0942406904936E13       6.342314699599877E13     6.584997903226163E13     6.803155776101311E13
0.0538                    5.18367346938776E-4      3.633938424900947E13     5.420822628700448E13     6.647337739693854E13     7.656628612403489E13     8.50656852544923E13      9.308121273995805E13     1.0066857185004625E14    1.0766997304575525E14    1.1396840890345175E14    1.1946253300807716E14    1.2433426184727183E14    1.2876949523208117E14    1.33014377523716E14      1.3724751064209353E14    1.4105696490746394E14
0                         0.024276870748299317     7.161464319140066E13     1.6643629463990556E14    2.6580006568472653E14    3.685262435690978E14     4.726648073084148E14     5.767075452234119E14     6.786724127278504E14     7.830881560209095E14     8.867418912931681E14     9.884330874646291E14     1.0884094407222825E15    1.1854067778708788E15    1.2804259773492688E15    1.374899363303757E15     1.4583799854626265E15
0.004233333333333333      0.02427687074829931      7.238389787211656E13     1.6863637504776234E14    2.6900624711824956E14    3.733129541755491E14     4.789909966643806E14     5.839230838734112E14     6.869115348778195E14     7.922800192324764E14     8.9676115872737E14       9.993520112036434E14     1.1002947044707562E15    1.1982205077753962E15    1.294126761499377E15     1.3894132381687498E15    1.4735612027413498E15
0.0523                    0                        2.5919183815705537E12    3.587864867447183E12     4.61532254545367E12      5.032553155962951E12     5.377230030782594E12     5.860447631579333E12     6.329916187621297E12     6.751136956204235E12     7.209418282646369E12     7.616610354597994E12     7.888927523929642E12     8.123477067173976E12     8.315249148509163E12     8.493236175240616E12     8.635467976422257E12
0.052299999999999985      5.183673469387759E-4     1.0909199618341129E13    1.667871579530374E13     2.2050684234909582E13    2.628344671472864E13     3.0063213477812066E13    3.3699104968080367E13    3.719477591549794E13     4.0595012777351414E13    4.402234758188156E13     4.732498859032132E13     5.0099209515230414E13    5.2643364241971766E13    5.51351904614409E13      5.7620704381351695E13    5.981174200542538E13
0                         0.023585714285714286     1.8153836184792912E14    4.713789672655842E14     7.894119351490111E14     1.1252754916791682E15    1.4660727258869898E15    1.8041958008887755E15    2.133722156930445E15     2.4664746154197045E15    2.792376568968162E15     3.109192908581404E15     3.4187413622028705E15    3.7158420149956455E15    4.003648743184834E15     4.287899409148255E15     4.536982291856884E15
0.004233333333333331      0.023585714285714286     1.8411711508177734E14    4.77085348074878E14      7.987283835922072E14     1.1359069971990738E15    1.4775872252365532E15    1.81749572590334E15      2.148738553346188E15     2.48234693574332E15      2.809339023927669E15     3.1270204128045235E15    3.436782107062471E15     3.7335667936860115E15    4.0215642650560775E15    4.306024030639435E15     4.555252473887147E15
0.05155                   0                        2.4707483836589136E12    3.7248071831146865E12    4.504291394772011E12     5.474284261211784E12     6.34342567556116E12      7.134363614644005E12     7.741423436295937E12     8.282529303366858E12     8.755557597962956E12     9.22465867359581E12      9.674319297125059E12     1.0097175568202514E13    1.05750178564303E13      1.1048461918331525E13    1.1471422121863828E13
0.05155                   5.183673469387759E-4     8.838744009543182E12     1.3588163576561605E13    1.7143774828653826E13    2.0465811612194582E13    2.3290569855125023E13    2.5803347582341863E13    2.8191370842002676E13    3.0463093408489465E13    3.258936771086272E13     3.4553739628117375E13    3.625212298231652E13     3.785985431601555E13     3.9263413086529E13       4.055172310957658E13     4.163780653343658E13
0                         0.02280816326530612      3.901455304452891E14     9.875566803364434E14     1.5769080826161472E15    2.1486106572600608E15    2.6990851659784315E15    3.233766513713237E15     3.742841759278998E15     4.238455484423843E15     4.719067548235819E15     5.181060050028476E15     5.628244836707709E15     6.056590994893344E15     6.470396234041986E15     6.877279936969054E15     7.231949936058389E15
0.004233333333333331      0.022808163265306117     3.973330537045932E14     1.003439201255434E15     1.5978613458598142E15    2.1760254929919492E15    2.733795063378375E15     3.2718797361562945E15    3.7837113247701645E15    4.2830373905151035E15    4.766659736297704E15     5.232187895338893E15     5.683708382770298E15     6.115874698090886E15     6.533359778168366E15     6.943505602912639E15     7.300814313542899E15
0.0508                    0                        1.3548488914113767E12    1.4563835882114077E12    1.4859930601943083E12    1.5119081221466196E12    1.4835720849886506E12    1.4471273617722427E12    1.4699286009595166E12    1.4903395550193032E12    1.5058249377549841E12    1.5207996072005483E12    1.534538137056628E12     1.5482268815090845E12    1.5191672997826372E12    1.4849472055739412E12    1.4513321476784546E12
0.05079999999999999       5.18367346938776E-4      9.519366213307984E12     1.4783802454761646E13    1.8782033821924863E13    2.2483493439570562E13    2.5495810037035867E13    2.7972993805639387E13    3.056299122173794E13     3.3053387602780914E13    3.541253393016956E13     3.764697187636898E13     3.9604619192386914E13    4.144441567737677E13     4.301786181210847E13     4.449431976168526E13     4.570256542697369E13
0                         0.021944217687074826     6.592913471387752E14     1.510851256280734E15     2.298596528379224E15     3.053596054630573E15     3.775190819649408E15     4.4640542393830445E15    5.112110163315986E15     5.745237560823646E15     6.355868375472259E15     6.941345171625643E15     7.508110913544354E15     8.050543718315391E15     8.573674267133062E15     9.086958542779952E15     9.53340576003016E15
0.004233333333333332      0.021944217687074823     6.689550799642028E14     1.5251612141536202E15    2.318504391921755E15     3.0718218710715035E15    3.791713681752125E15     4.48271055673946E15      5.131782454895096E15     5.765095421047912E15     6.376824145659188E15     6.962821927870041E15     7.528398304351817E15     8.069564948979282E15     8.591979968364905E15     9.104759825261872E15     9.550784838047772E15
0.04995333333333332       0                        1.1687533545210791E13    2.1571052552814746E13    2.991756871230127E13     3.722218223896616E13     4.3727575985910266E13    4.9674826161689125E13    5.5147010513752195E13    6.032546900268872E13     6.516609049230327E13     6.976597460572176E13     7.410054748506712E13     7.825428771560389E13     8.221717588854903E13     8.599392103196645E13     8.922644531711969E13
0.049953333333333315      5.183673469387759E-4     1.7090692329612648E13    2.822580691651181E13     3.64965784636161E13      4.330515481425598E13     4.8909394946312945E13    5.351176853606572E13     5.7522600001141945E13    6.131223742396355E13     6.4846014381171305E13    6.818930960691246E13     7.13498585124122E13      7.437514641590803E13     7.692819113400781E13     7.914587605284856E13     8.088814974335119E13
0                         0.020993877551020407     9.222845348314235E14     1.967059243909297E15     2.9293527812976145E15    3.84075639059839E15      4.708059609406191E15     5.537680579469168E15     6.314462664926691E15     7.072413531664502E15     7.802721609301527E15     8.500314517391727E15     9.172715469951802E15     9.815922584767388E15     1.0436115964487014E16    1.1044467553897298E16    1.1573162554566896E16
0.004233333333333332      0.0209938775510204       9.363748470725608E14     1.9943444216523772E15    2.962957693792107E15     3.8855821845300525E15    4.764379845440165E15     5.597856714820077E15     6.379325472701384E15     7.142427873572038E15     7.876768773604685E15     8.579381709995033E15     9.258292228218628E15     9.907379227094296E15     1.0532967881074354E16    1.1146028122589816E16    1.1678481784445284E16
0.04892842105263157       0                        1.1399126913646115E13    2.1041395155746375E13    2.908606295402077E13     3.611421871584342E13     4.234754380351445E13     4.800951034190769E13     5.319169590128195E13     5.808420143589403E13     6.265170441757741E13     6.697265498316333E13     7.105191496624E13        7.496859246110314E13     7.872048933265322E13     8.229688499416303E13     8.535162721373845E13
0.04892842105263156       5.183673469387759E-4     2.2239310166404312E13    3.69683386835E13         4.791384162611306E13     5.6393798379749125E13    6.3519826645745805E13    6.930086487092391E13     7.42075732370504E13      7.87487531306039E13      8.301101211379345E13     8.67722845252286E13      9.01192294315018E13      9.333776888250992E13     9.655144215873953E13     9.951089422180622E13     1.0185239943339025E14
0                         0.019957142857142857     1.1612184260564885E15    2.3886607758054295E15    3.4992706213191645E15    4.556794212788398E15     5.561116608092024E15     6.513261842558143E15     7.406713044049293E15     8.279362745373275E15     9.117668489881996E15     9.917943187201422E15     1.0690666621034154E16    1.1429275920461614E16    1.2140512076919232E16    1.2837280991752416E16    1.344214671854962E16
0.004233333333333332      0.019957142857142847     1.175231315416864E15     2.4078375633140785E15    3.526080387562156E15     4.580571168641548E15     5.581713427023774E15     6.536182468776159E15     7.431203573483716E15     8.303691755186452E15     9.143293760359144E15     9.944071792058106E15     1.0714869340778176E16    1.1451531265355124E16    1.2161536717962536E16    1.2857412705745412E16    1.3461537965154994E16
0.04772526315789473       0                        1.0455230282828893E13    1.9075051009923535E13    2.6195279588565332E13    3.233125816368243E13     3.7747434789589055E13    4.27008413109838E13      4.723060591102063E13     5.1474931270651984E13    5.543798096979509E13     5.91869298035946E13      6.2729771847395484E13    6.612828833229765E13     6.940721834036282E13     7.255272983715494E13     7.52382625875758E13
0.04772526315789472       5.18367346938776E-4      2.087509468501381E13     3.3830714238609426E13    4.352360881762746E13     5.111543810343218E13     5.7030250842243125E13    6.232930730920328E13     6.6911452536125266E13    7.079330754575372E13     7.406535004451055E13     7.717697951945512E13     8.017924387385111E13     8.305506044183698E13     8.580725163877369E13     8.848475512487598E13     9.073495535854825E13
0                         0.018834013605442176     1.3622558039868125E15    2.735636698448724E15     3.9769579294008075E15    5.146860163382838E15     6.253868660089572E15     7.30951965943697E15      8.299676517780974E15     9.265261245926474E15     1.0193211130237878E16    1.1076383103740438E16    1.1926072606793244E16    1.2737993372355262E16    1.3519962613491548E16    1.4286311427736808E16    1.4951462875550098E16
0.004233333333333332      0.018834013605442176     1.3813392939425508E15    2.771789497215116E15     4.0205841285721285E15    5.205212243461703E15     6.326980311646653E15     7.387580389591229E15     8.383756183259851E15     9.3557021110309E15       1.0288679540764688E16    1.1178240161490364E16    1.203629866420629E16     1.2855743592681278E16    1.3644563539171814E16    1.4416855938681912E16    1.5086704277654034E16
0.0463438596491228        0                        9.867623643457043E12     1.7959691031051227E13    2.4552225167709875E13    3.0251149873369156E13    3.52736813551915E13      3.984428785159605E13     4.402662675296611E13     4.7929066698213586E13    5.159039243887324E13     5.504791695984981E13     5.832530882278669E13     6.146051135244331E13     6.4478622598259445E13    6.738557612209611E13     6.987088513594517E13
0.046343859649122784      5.183673469387759E-4     1.918856561546052E13     3.111641477433337E13     3.970603204843857E13     4.67765644516141E13      5.228280747450424E13     5.715012420676322E13     6.1540847897304484E13    6.526127688425456E13     6.855863242748403E13     7.150990275003212E13     7.424360617769753E13     7.674919321577208E13     7.909790805331316E13     8.132437258442756E13     8.323070653246027E13
0                         0.017624489795918366     1.5309339462899212E15    3.03302502747378E15      4.378057623664429E15     5.654026926421931E15     6.85968561036237E15      7.999896242355836E15     9.070835893298564E15     1.0116321699291454E16    1.1118666209422118E16    1.2072302424106628E16    1.2991950266418236E16    1.3870092785999286E16    1.4714827072995414E16    1.5541918166777544E16    1.6259235442238808E16
0.004233333333333332      0.01762448979591836      1.548304656815312E15     3.056126688113715E15     4.4103010347313315E15    5.68212504893856E15      6.883585144067516E15     8.026716966610388E15     9.099626223515082E15     1.0144687565516346E16    1.1148621916227524E16    1.2102978933928722E16    1.3020304300180982E16    1.389604816995463E16     1.4739294819702058E16    1.5565322169449928E16    1.6281738108544474E16
0.04478421052631578       0                        9.07607134718776E12      1.6450541892811145E13    2.243289062848154E13     2.759045393138033E13     3.2159554144570145E13    3.6319750464333875E13    4.012375228312575E13     4.3676358103679234E13    4.7034406002794234E13    5.019800468748239E13     5.3195788854016555E13    5.60559363589918E13      5.882310874570889E13     6.1504090826242805E13    6.380584529380064E13
0.04478421052631578       5.183673469387759E-4     1.817174852664791E13     2.978793444809422E13     3.783410151210366E13     4.484636407007719E13     5.047461200125028E13     5.514669883233308E13     5.925517330411506E13     6.309810097477882E13     6.64830573672681E13      6.93905728847367E13      7.201277170783353E13     7.440055696760892E13     7.662521767354284E13     7.876083373914208E13     8.069297069367186E13
0                         0.01632857142857143      1.654311763196251E15     3.236975945161826E15     4.654945677431693E15     5.986947294349034E15     7.242827877647783E15     8.438893253267901E15     9.561232771070604E15     1.0655233449913148E16    1.170486522355453E16     1.270028846255436E16     1.365705944583207E16     1.457035373241601E16     1.5449127966370354E16    1.631015102026711E16     1.705696929411389E16
0.004233333333333332      0.016328571428571425     1.6769997402183375E15    3.279476985490842E15     4.705792489646747E15     6.054838132402701E15     7.327864813138575E15     8.529600648855764E15     9.658863884827346E15     1.0759984933091358E16    1.1815529245727778E16    1.2818541371411152E16    1.3784986828602738E16    1.47069160190497E16      1.5593618525500436E16    1.6461489958547634E16    1.7213643716760482E16
0.043046315789473676      0                        8.522535033403073E12     1.551458599438043E13     2.118064043060611E13     2.612258417542425E13     3.0513040383580766E13    3.4494141409578367E13    3.813502772864475E13     4.154507073115133E13     4.477567902459243E13     4.78177655913755E13      5.070578834648894E13     5.3471948885552195E13    5.615432780685628E13     5.876221533735772E13     6.100836204360008E13
0.043046315789473676      5.183673469387759E-4     1.7127886919963277E13    2.8257898477575805E13    3.596393993336574E13     4.280721354814617E13     4.833901221378172E13     5.2911135271879125E13    5.6887894582040945E13    6.071005094387265E13     6.40752649002745E13      6.701168782016225E13     6.957419844916133E13     7.191965998564984E13     7.419211455822403E13     7.636884731734314E13     7.8278361895997E13
0                         0.01494625850340136      1.732762860617951E15     3.3669866269751045E15    4.817939180842386E15     6.190950334463578E15     7.48392561674399E15      8.706005409821355E15     9.853992630121498E15     1.0974404798541004E16    1.2046824075416868E16    1.3063253413905016E16    1.4042874521311548E16    1.4977256745422358E16    1.587519385411299E16     1.675438152346516E16     1.7516495583195578E16
0.004233333333333333      0.014946258503401354     1.752328033681717E15     3.3928241639059935E15    4.853836953360053E15     6.222204374547102E15     7.510731807759989E15     8.736176172143979E15     9.886433218967188E15     1.1006275567862014E16    1.2080809626211554E16    1.309836365565989E16     1.4075663267859704E16    1.5007564840755512E16    1.5904144858500002E16    1.6782393817953622E16    1.7543632572181084E16
0.041130175438596484      0                        7.889611911489458E12     1.4406678074755793E13    1.974179561703233E13     2.440935850117048E13     2.8568443633679207E13    3.2368062972786895E13    3.58525567403867E13      3.911521430319544E13     4.221036177016934E13     4.513278662452325E13     4.790961898966211E13     5.0579664677008375E13    5.317500716015243E13     5.570769684355684E13     5.789203617810016E13
0.04113017543859647       5.183673469387757E-4     1.6530454831785324E13    2.7609196045770625E13    3.531448966901418E13     4.2273361059277164E13    4.792632591101581E13     5.257078648168609E13     5.661640973087832E13     6.051821187569666E13     6.397197845764927E13     6.699819937075092E13     6.961579154126106E13     7.202982026968214E13     7.435635755880828E13     7.658496269958714E13     7.851813942067542E13
0                         0.013477551020408164     1.7496971574335582E15    3.370119054895515E15     4.809463406531004E15     6.158047820385461E15     7.424740463574757E15     8.631420068842347E15     9.763574860918566E15     1.0867005163787438E16    1.1923594545376928E16    1.2920895990614152E16    1.3879178928665446E16    1.4792720579527492E16    1.5670696240542908E16    1.6531235066302466E16    1.7277398011355848E16
0.004233333333333333      0.013477551020408159     1.7740435207691175E15    3.415369205763288E15     4.863394283731106E15     6.229596216177241E15     7.514226251907006E15     8.726917474511798E15     9.866213543353962E15     1.0976782640122342E16    1.2040072891374832E16    1.3045564628161968E16    1.4013851241145392E16    1.4936300147472414E16    1.582266665086911E16     1.6690373881453432E16    1.74419735950171E16
0.039035789473684204      0                        7.409446563526484E12     1.3652578391000842E13    1.8816575784951996E13    2.3386376898161656E13    2.747551992938137E13     3.1217056867989434E13    3.4665289540278418E13    3.789516873652335E13     4.096455745222548E13     4.38678912654292E13      4.6639329519325484E13    4.930879849213818E13     5.188945099921384E13     5.441182837341866E13     5.6588812112680336E13
0.0390357894736842        5.183673469387758E-4     1.5823881121869283E13    2.668488507989698E13     3.438292554329157E13     4.129750563152753E13     4.6946874653464945E13    5.1644567105980664E13    5.579087417025838E13     5.973608648237808E13     6.3239751848151375E13    6.631150224332494E13     6.899003290607901E13     7.144913476141986E13     7.37225647356445E13      7.598342095206625E13     7.796033007905933E13
0                         0.011922448979591837     1.7006769286490688E15    3.252856464539703E15     4.615730070019634E15     5.901525987261275E15     7.105781892857075E15     8.24527340448207E15      9.31529867137502E15      1.035967851462348E16     1.1356128675940136E16    1.2293719644233082E16    1.3197615116486504E16    1.4058017316398154E16    1.488338949740844E16     1.5692290162555138E16    1.6393363769039456E16
0.004233333333333333      0.011922448979591833     1.720597878278084E15     3.279476165637941E15     4.652424706312813E15     5.934182050843659E15     7.135096493952251E15     8.278322552497676E15     9.350714047581094E15     1.039456412264112E16     1.1394355382927542E16    1.2334096431333536E16    1.323616780432663E16     1.4094729673212802E16    1.4919619668111864E16    1.5728129825930868E16    1.64285707491775E16
0.03676315789473683       0                        6.892124180979329E12     1.279289994524917E13     1.775386831700061E13     2.2158995124371473E13    2.6122681720296332E13    2.9782426472973387E13    3.317169824896124E13     3.635158775471221E13     3.93729697325168E13      4.223838036506326E13     4.498769834363928E13     4.7632467852223055E13    5.018854346357529E13     5.26844552403801E13      5.4834910663239234E13
0.03676315789473683       5.183673469387759E-4     1.5350891551944455E13    2.6272732743472566E13    3.4115119357137473E13    4.12035657678546E13      4.70041489524968E13      5.184329478514413E13     5.61547068725459E13      6.025104938514873E13     6.383582978994039E13     6.699988322043046E13     6.9805078114577516E13    7.236869488488681E13     7.47251375504794E13      7.699604258065045E13     7.897864740736761E13
0                         0.01045374149659864      1.568929070176288E15     2.961477052847455E15     4.177106640581856E15     5.3097214173447E15       6.363847274053074E15     7.371493618296195E15     8.316466057296766E15     9.237584925801604E15     1.0114208555167278E16    1.0931916315512996E16    1.171876204193462E16     1.2465978180897534E16    1.318204789160764E16     1.3885538567200994E16    1.4495571101202802E16
0.004233333333333335      0.010453741496598638     1.5922013901592802E15    3.004114724310648E15     4.227873021636144E15     5.376153747687958E15     6.446549668666979E15     7.460006166732616E15     8.411016814025037E15     9.337994107666434E15     1.0222531461206332E16    1.1048247572142992E16    1.1843507674075734E16    1.2598802209518332E16    1.3322795473237792E16    1.4032552687082154E16    1.464705638671572E16
0.034312280701754384      0                        6.479691477553117E12     1.2159796638439896E13    1.6996076925680035E13    2.133873025667662E13     2.5267336356096133E13    2.8905981615383344E13    3.22884918723942E13      3.5482248160272555E13    3.8512241415269E13       4.138736695618528E13     4.416446799422459E13     4.6833588767415266E13    4.9416797569114336E13    5.193434881887E13        5.409512788158439E13
0.034312280701754384      5.183673469387757E-4     1.4719164772076143E13    2.5494805036346867E13    3.3383991262953445E13    4.049652720033026E13     4.630281546145765E13     5.124462817371185E13     5.5649361716969336E13    5.9880438094474164E13    6.348500590425541E13     6.668153374636441E13     6.957369123059014E13     7.219994682530439E13     7.465136968244678E13     7.701214032178312E13     7.904450134181452E13
0                         0.00907142857142857      1.3556604644207648E15    2.5104670561461955E15    3.4917155412941235E15    4.405680539496274E15     5.244835672954811E15     6.045538965590632E15     6.797207700715965E15     7.53083221014802E15      8.22064835159856E15      8.854840839204826E15     9.468925536702244E15     1.0047818817044906E16    1.060034359856741E16     1.114529665878994E16     1.1617471148040696E16
0.004233333333333334      0.009071428571428569     1.3741211938010485E15    2.5360178362445835E15    3.526221984930702E15     4.439046449412546E15     5.278384655532565E15     6.083238234965968E15     6.836763142005258E15     7.570162741380594E15     8.26693486146689E15      8.904267266951658E15     9.517669839485426E15     1.0097510983094866E16    1.0651566362711176E16    1.119680901690329E16     1.1668829997708196E16
0.03168315789473684       0                        6.052266396160648E12     1.145527423346081E13     1.6127317017664426E13    2.034110884260777E13     2.4177215100003676E13    2.7756934203759074E13    3.1094965712834562E13    3.4265563465688184E13    3.72757260818667E13      4.012716474420748E13     4.2894409042153016E13    4.5551730995520836E13    4.813641610780839E13     5.0659042634250484E13    5.2819020052916586E13
0.03168315789473682       5.183673469387756E-4     1.4217253730983816E13    2.501577708616942E13     3.3005968794371695E13    4.029019975341462E13     4.6247071180449805E13    5.131145154882967E13     5.5840361313889234E13    6.020507800890904E13     6.3954292356302164E13    6.718421614299543E13     7.017244400613072E13     7.289783935510948E13     7.544214772632378E13     7.79076168875836E13      8.00411558302767E13
0                         0.007775510204081633     1.0375387870812585E15    1.821497079657635E15     2.4498671673287325E15    3.0007588830789065E15    3.473479475348512E15     3.936233370117193E15     4.367124466424141E15     4.776336363712112E15     5.159781936402735E15     5.484202367522704E15     5.801808377602415E15     6.085076597281698E15     6.351799592294297E15     6.618638839355612E15     6.850951172979057E15
0.004233333333333334      0.007775510204081633     1.057195715773714E15     1.8552108780802522E15    2.4909378945204405E15    3.0541690934339565E15    3.536614183068547E15     4.0073212779823405E15    4.4421283909266645E15    4.857774260731083E15     5.243216640583108E15     5.575264449148891E15     5.896802711992367E15     6.190577993714001E15     6.460853392277904E15     6.73186132234128E15      6.965934397839665E15
0.028875789473684205      0                        5.703952986995946E12     1.090974891057857E13     1.545944874412305E13     1.9604761476926793E13    2.340238471328582E13     2.6950859544076793E13    3.0270680858317805E13    3.344084334521788E13     3.6459421138499625E13    3.931419842133306E13     4.209199600200997E13     4.475869473796956E13     4.736118153780215E13     4.990521501255797E13     5.207990029066756E13
0.02887578947368419       5.183673469387758E-4     1.3559307684417725E13    2.4153202597737824E13    3.2121162573565344E13    3.938475084974865E13     4.5358997038147984E13    5.047140986111589E13     5.506340155841868E13     5.947497899804384E13     6.332015854761725E13     6.657281159445157E13     6.960279885108397E13     7.235389751902169E13     7.49669957985971E13      7.74980842754784E13      7.968318032421208E13
0                         0.006565986394557823     6.251985388230219E14     9.111522091441008E14     1.0380283950429008E15    1.095098047348448E15     1.125030095086355E15     1.160224051222465E15     1.193303783328208E15     1.2292912533803382E15    1.2753075967220988E15    1.3264763579119685E15    1.3785755708104005E15    1.4383092555108765E15    1.505434439732655E15     1.570206182107651E15     1.6157913599056562E15
0.004233333333333334      0.006565986394557821     6.393413449330494E14     9.295733386531495E14     1.0634824868484998E15    1.1171837790324209E15    1.1458905260312908E15    1.1790461901020675E15    1.211778231503269E15     1.2460984090178072E15    1.2913341503663568E15    1.3419316658689608E15    1.3938720652192485E15    1.4524501962394565E15    1.5204612767825335E15    1.5851423183800635E15    1.630512465173148E15
0.025890175438596487      0                        5.354166184949686E12     1.032074772247229E13     1.4715313899712145E13    1.8734590447875566E13    2.243893455873097E13     2.5920954370202426E13    2.9186741427676184E13    3.231459343125094E13     3.530106785768914E13     3.8128838089378E13       4.087984581257634E13     4.351999159344552E13     4.61054000877601E13      4.864020663737535E13     5.0806645399500055E13
0.025890175438596487      5.183673469387756E-4     1.300164205982654E13     2.351252028611243E13     3.148124650191585E13     3.883270584933232E13     4.491367374089075E13     5.0102423679716445E13    5.477836816525688E13     5.925996686204064E13     6.319671419877582E13     6.65226618475111E13      6.960824717581027E13     7.241141702312962E13     7.507434255510148E13     7.767286501568605E13     7.991288611577594E13
0                         0.0054428571428571425    2.999872210229057E14     3.721855032645683E14     4.126588618490943E14     4.449111270993138E14     4.897526463271867E14     5.385095141033834E14     5.847047383172009E14     6.115413125343461E14     6.390904734212171E14     6.587494399226672E14     6.778685723039885E14     6.930745585932269E14     7.056571341462139E14     7.208877231531221E14     7.388818100117845E14
0.004233333333333334      0.00544285714285714      3.065054388772735E14     3.7916973413225356E14    4.19427393235758E14      4.5142434305310975E14    4.9703367133440606E14    5.4532252527511525E14    5.924607438319974E14     6.191391359894116E14     6.464926556255792E14     6.659957155697112E14     6.853494489906385E14     7.000149911481524E14     7.128879125197258E14     7.28186376523254E14      7.464122642448779E14
0.022726315789473678      0                        5.069526688623934E12     9.85878445574993E12      1.4128143891099176E13    1.8066569307239008E13    2.1714115020418133E13    2.5148847666930695E13    2.8375568819883703E13    3.1476118485212906E13    3.444032205797701E13     3.725262494511247E13     3.999176459898605E13     4.262150528115543E13     4.519789787121376E13     4.772769802924044E13     4.989162025472174E13
0.02272631578947367       5.183673469387757E-4     1.2331756683226414E13    2.2553144346388188E13    3.0408053522084066E13    3.766520683619437E13     4.3703804869672125E13    4.890508356971147E13     5.3581181054618664E13    5.808505247605173E13     6.2034465336099664E13    6.5385829771642055E13    6.849175577046972E13     7.131003306354505E13     7.398818399840548E13     7.661188958646581E13     7.887842705167111E13
0                         0.0044061224489795915    1.6321151579050106E14    2.0795341443223575E14    2.4019214483602603E14    2.8295568438592444E14    3.100451924404096E14     3.3562943119121975E14    3.599294554606005E14     3.772425519952169E14     3.9530061108834794E14    4.145872179591393E14     4.325834632229305E14     4.519475143726095E14     4.723941258171501E14     4.891778519204826E14     4.982181518525348E14
0.004233333333333334      0.004406122448979591     1.6554165598303094E14    2.1003109757625716E14    2.4239688395708947E14    2.8488003693377444E14    3.1178958904670925E14    3.373336123027759E14     3.617761664020225E14     3.789956835396407E14     3.970440426250192E14     4.16289137590153E14      4.343596812895741E14     4.535906556308272E14     4.74228633769098E14      4.9109240945723256E14    5.001090920778119E14
0.019384210526315785      0                        4.793908253771593E12     9.381098739841562E12     1.3505501406556775E13    1.7321593355136562E13    2.0871743186195938E13    2.4233524663353168E13    2.73942873344701E13      3.0435878579912887E13    3.334447051951884E13     3.611087194557706E13     3.880947924435605E13     4.140243925783024E13     4.394443085018977E13     4.644149233241855E13     4.858211777600658E13
0.019384210526315785      5.183673469387756E-4     1.1779925090685674E13    2.1842727018381105E13    2.9594833009276688E13    3.6861949271125016E13    4.29593023642378E13      4.819523549157482E13     5.288733546220181E13     5.743980623864421E13     6.140645774721559E13     6.479016202230152E13     6.7943142172202625E13    7.07925149555651E13      7.350470205789411E13     7.614190356334139E13     7.841717102726536E13
0                         0.0034557823129251703    9.77018185549956E13      1.336539390526179E14     1.6369930714471825E14    1.873124313215011E14     2.0636150614342222E14    2.237598598299351E14     2.3886182919430678E14    2.5646376910599797E14    2.7409812407477356E14    2.8670166220552794E14    2.988272930328122E14     3.092239917904655E14     3.1847737052766956E14    3.2684386795783456E14    3.34119341728442E14
0.004233333333333334      0.0034557823129251703    9.914956834927606E13     1.3543407946558914E14    1.655591225262098E14     1.893684870769044E14     2.0873963970907662E14    2.2603616821569394E14    2.412670316210647E14     2.5895503909720272E14    2.7662672637614834E14    2.8923025331957725E14    3.015223722192933E14     3.118405074779805E14     3.2122859452204344E14    3.2967693689833575E14    3.370609962108038E14
0.0158638596491228        0                        4.578627601364242E12     9.021675450808994E12     1.3034226704790398E13    1.6769844280571916E13    2.025925836610634E13     2.356635000226947E13     2.6680595223615023E13    2.9677563927718617E13    3.254354437528408E13     3.52795330753072E13      3.7951375244104086E13    4.052448101730327E13     4.304091806378451E13     4.5511811358383945E13    4.763670588135953E13
0.0158638596491228        5.183673469387755E-4     1.1178138111429654E13    2.0934239973468227E13    2.8505956276492145E13    3.56197578538414E13      4.165216347533913E13     4.68591974439875E13      5.152511287967794E13     5.605067855755127E13     5.996906119692289E13     6.336713697627674E13     6.651047134403866E13     6.937285816699669E13     7.207470616790708E13     7.469445540853606E13     7.695898052862206E13
0                         0.0025918367346938775    6.1354106716954914E13    9.237422246063152E13     1.1282659178409378E14    1.2902204612963706E14    1.4470590284500725E14    1.5901419416120144E14    1.722221151121394E14     1.8297912305990578E14    1.9400748630345162E14    2.0269651976731866E14    2.1017782252058994E14    2.1767315702270372E14    2.2515153200292716E14    2.327102990747115E14     2.3810377882936553E14
0.004233333333333335      0.002591836734693877     6.198515076130765E13     9.29750580113502E13      1.1346824444635694E14    1.2949172370764611E14    1.450844167481684E14     1.5940001082215812E14    1.7262060248247512E14    1.8335728249587044E14    1.9438467154568375E14    2.0300597386698075E14    2.1050323828960122E14    2.179350431706839E14     2.2545763501069228E14    2.3305714705032847E14    2.3841769224129038E14
0.012165263157894745      0                        4.383951123538607E12     8.674738345527197E12     1.2575491494021002E13    1.6205468824958377E13    1.9610333849728625E13    2.284840888324776E13     2.5902749686095336E13    2.8835947303566254E13    3.1643488560887273E13    3.4336025904931117E13    3.6962677931334305E13    3.949614052833657E13     4.196911967978641E13     4.4400452134087766E13    4.6499520723284234E13
0.012165263157894743      5.183673469387755E-4     1.0735754453747693E13    2.033956133222768E13     2.78218363216427E13      3.488871346210234E13     4.094853768651344E13     4.613380636653886E13     5.0803181566929086E13    5.533043420966784E13     5.922840123409484E13     6.267962438936819E13     6.584339099375588E13     6.87231047543102E13      7.141152357345352E13     7.401954075393122E13     7.62942674591606E13
0                         0.001814285714285714     3.727156776669064E13     6.10979951676893E13      7.547757310105416E13     8.827049773142834E13     1.0062190674360234E14    1.1119078419564833E14    1.1954310011597627E14    1.2704999745952817E14    1.3398250309144131E14    1.4068270830545569E14    1.4722560441432884E14    1.524749516701315E14     1.5690106816924525E14    1.6127951143775328E14    1.647616706496905E14
0.004233333333333335      0.0018142857142857138    3.782354994225718E13     6.192071027667112E13     7.634030066957052E13     8.92730621140267E13      1.0180950294830044E14    1.123596081461245E14     1.2075380138353642E14    1.282964011791105E14     1.3523771618507438E14    1.4197990705871925E14    1.4861121138893622E14    1.5382983764288953E14    1.5831592064773612E14    1.627414860470488E14     1.6624119201064612E14
0.008288421052631586      0                        4.25259776368617E12      8.45161643571035E12      1.2280574582068312E13    1.5852806015973223E13    1.921608965798172E13     2.2411889770175453E13    2.542934911298263E13     2.8321832454160902E13    3.1098667957227254E13    3.376915230234064E13     3.637022615923002E13     3.8881211133724695E13    4.132928394732652E13     4.3738106546879875E13    4.582096999805551E13
0.008288421052631586      5.183673469387756E-4     1.0316917723339873E13    1.9663819323319992E13    2.700707557832045E13     3.3914853250679547E13    3.990593332938433E13     4.504204819493589E13     4.965871652272264E13     5.410451242346755E13     5.8004565517261375E13    6.146410606423308E13     6.460572978567423E13     6.7451848908235625E13    7.011804438785317E13     7.271951753618222E13     7.496868737522938E13
0                         0.00112312925170068      2.0762621272527777E13    3.712696446119507E13     4.793257083670529E13     5.802389114181968E13     6.740201701664231E13     7.469902610971439E13     8.08572333142292E13      8.685671377933298E13     9.270502743146292E13     9.782520258008997E13     1.02198328077741E14      1.0592661659596183E14    1.0919587347263478E14    1.1234287059247858E14    1.1502642381121784E14
0.004233333333333335      0.0011231292517006803    2.0946252337182695E13    3.728677074486931E13     4.811033755618844E13     5.813264221062004E13     6.74476924542703E13      7.47090641342993E13      8.0872749419902E13       8.685610538686984E13     9.268640324399098E13     9.776466447806577E13     1.0213706402904875E14    1.0581031034303395E14    1.0908536842169352E14    1.1223904338812364E14    1.1492898319099898E14
0.004233333333333335      0                        4.154141099103804E12     8.268788023887366E12     1.2036628891378186E13    1.5545057186162818E13    1.885749270490871E13     2.2012798898007652E13    2.499069422240026E13     2.784053581866238E13     3.058568565735959E13     3.3228534775462746E13    3.579575996670053E13     3.8277486166205016E13    4.069789524420957E13     4.307966569698111E13     4.514073268202042E13
0.004233333333333335      5.183673469387755E-4     1.0102335586527113E13    1.937830313110672E13     2.6664859430047094E13    3.356853171092935E13     3.959727770465292E13     4.4738319252514375E13    4.933854420396713E13     5.3761580036097695E13    5.7700626478824516E13    6.119245474754095E13     6.432390012280078E13     6.717626562499703E13     6.984808370230422E13     7.243209179619419E13     7.466375478640912E13
0                         5.183673469387755E-4     9.947939993739941E12     1.9097745839464535E13    2.6315997633139535E13    3.3135445757303727E13    3.909687581543906E13     4.421378972916491E13     4.877795541702352E13     5.31676781790569E13      5.709450400512187E13     6.057829005242351E13     6.3681801043402125E13    6.6526854545942586E13    6.91773604960172E13      7.17453208326426E13      7.396396788658256E13
0                         0                        4.1204679054096177E12    8.216536258591985E12     1.1967022448201906E13    1.5467415780064148E13    1.8775702221286004E13    2.192294213823586E13     2.489213194022553E13     2.773336177632362E13     3.0474834769032387E13    3.3115044654055758E13    3.567588985631872E13     3.815603390146642E13     4.057202156060759E13     4.2947529409108445E13    4.500418976452177E13
0.09958644688644684       0.0617140625             5.577255811227299E11     1.1773035786218306E12    1.7427565320546255E12    2.2613504994736743E12    2.7395526075465894E12    3.188526192264929E12     3.6140082738938286E12    4.0138045959143994E12    4.3980232166481685E12    4.764696290088457E12     5.118563887307543E12     5.459865937209912E12     5.793463287157464E12     6.116386511956686E12     6.391592925184051E12
0.09958644688644686       0.059928125              9.818202030958687E11     2.1887796821020388E12    3.317295754070349E12     4.371039174223928E12     5.343866676264297E12     6.251891967431078E12     7.113321259479217E12     7.921741127363015E12     8.689629587522713E12     9.416723141389033E12     1.0121795897053959E13    1.0798760404832266E13    1.1454095029867719E13    1.2081934227081498E13    1.2613029897880225E13
0.09739780219780213       0.0617140625             1.0283902587469268E12    2.291182975968637E12     3.4733680719851562E12    4.570548161969036E12     5.59291739734421E12      6.543198259831379E12     7.440047400823217E12     8.281456136019275E12     9.09140820073964E12      9.860582392078158E12     1.0591349257930822E13    1.128701609484789E13     1.1964877645557242E13    1.2618317784587955E13    1.3171644016941016E13
0.09958644688644687       0.05754687500000002      1.6850968122129E12       3.9040366450647256E12    6.030466461119423E12     7.998396800352965E12     9.814048581370035E12     1.15133006661785E13      1.3103279275507023E13    1.4592770102569559E13    1.5994899574328871E13    1.7311206615935275E13    1.856630443022954E13     1.9760602455064914E13    2.0914083160008535E13    2.201169131931287E13     2.294039769759875E13
0.09739780219780214       0.059928125              2.3493530125855293E12    5.639027506750458E12     8.784738070669321E12     1.1677126730593566E13    1.4329496569689254E13    1.6789005416576803E13    1.9085580716632004E13    2.1194508567151062E13    2.3197613560433664E13    2.5076298252792258E13    2.686111215452306E13     2.8543203242303086E13    3.016266651381893E13     3.1694199164020387E13    3.2962300472946742E13
0.0944212454212454        0.0617140625             1.8152150414807764E12    4.1962115350550205E12    6.477434872545997E12     8.587153155005383E12     1.0531085483318598E13    1.2342894426350494E13    1.4047251699687207E13    1.5635555491418068E13    1.713467302680175E13     1.8550900440405203E13    1.990541671777026E13     2.1196417822326973E13    2.244153818271129E13     2.3631517520386008E13    2.463692428604911E13
0.09958644688644684       0.054570312499999996     2.7468929345445337E12    6.555749232666601E12     1.0205984163175197E13    1.3597022367720111E13    1.671466053743537E13     1.9617342930318133E13    2.2303613734243082E13    2.480504766844114E13     2.71586978250774E13      2.9372546492596793E13    3.149423492967115E13     3.353264535685306E13     3.5509006761134055E13    3.739464252132683E13     3.897970668958638E13
0.09739780219780214       0.05754687500000002      5.194135389896358E12     1.2967893412181154E13    2.0335198407114574E13    2.7062123315396664E13    3.31135656392041E13      3.861742899917416E13     4.37339967183415E13      4.843530851400139E13     5.287466185288086E13     5.701960270845872E13     6.090466265804541E13     6.4519510599578164E13    6.799252008434216E13     7.12612784096333E13      7.3959090692409E13
0.0944212454212454        0.059928125              5.307330768094835E12     1.3195787652828479E13    2.069561236663317E13     2.754819274980518E13     3.3764256836824703E13    3.9478910272641055E13    4.4771501377011516E13    4.958446313979716E13     5.4104198698604445E13    5.83155451796593E13      6.230252695549724E13     6.606913404574737E13     6.968333723247737E13     7.308385582834627E13     7.592372841821314E13
0.09065677655677654       0.0617140625             2.9524321136202144E12    6.992470067301187E12     1.0858183825575746E13    1.4473956907673293E13    1.777675436127416E13     2.082232021090367E13     2.368780339918486E13     2.6370703804920195E13    2.8933549733155234E13    3.1355218887274832E13    3.368302100991372E13     3.591986884753327E13     3.805439862198223E13     4.010059229307527E13     4.183019030172047E13
0.09958644688644684       0.05099843750000001      4.2167161124148335E12    1.0165111939734904E13    1.585366581804867E13     2.109414151218103E13     2.5845833913936918E13    3.026546059206418E13     3.4416123146077812E13    3.829199163627375E13     4.2003919843595555E13    4.550208499947807E13     4.8850971705647336E13    5.201399950868446E13     5.508735432662199E13     5.801955801687806E13     6.044758291358855E13
0.09739780219780213       0.054570312499999996     1.0434689508065629E13    2.6149142140991445E13    4.093222944700181E13     5.421188384413883E13     6.6190637586544234E13    7.722324372343778E13     8.751256985675833E13     9.698442629036952E13     1.0592770391294478E14    1.1426712542094456E14    1.2202367174845405E14    1.2922170028414786E14    1.3612528156857973E14    1.4264354207063397E14    1.480711159405821E14
0.0944212454212454        0.05754687500000001      1.4347322066262104E13    3.5841421269415055E13    5.570697927337548E13     7.343252113603473E13     8.933466714575083E13     1.0394112290130677E14    1.1748260400123322E14    1.2994094233211861E14    1.4165478909003175E14    1.5257461697740106E14    1.6290010926534212E14    1.7267861697157675E14    1.8206547828891406E14    1.9096700075848434E14    1.9840861195357234E14
0.09065677655677654       0.059928125              1.0441207340911684E13    2.5969715199390656E13    4.071206901000998E13     5.41163793015117E13      6.6140459522240586E13    7.717075557494014E13     8.738682616001447E13     9.673008049124562E13     1.0551916942950788E14    1.1369633678881548E14    1.21419157593216E14      1.2870605542591783E14    1.3561629114698011E14    1.4199728789049872E14    1.4730650038187978E14
0.08610439560439562       0.0617140625             4.2995447302312114E12    1.0224561711259299E13    1.590362699573194E13     2.1062902489017266E13    2.5798714676180977E13    3.0241125726682098E13    3.4435875210956082E13    3.8349401011164234E13    4.2048586050375055E13    4.549024089091503E13     4.8775409568991984E13    5.188771434621356E13     5.48808676234243E13      5.770488846508127E13     6.00820280685266E13
0.09958644688644688       0.04683124999999999      6.072307084954743E12     1.4585865261407098E13    2.2625875020479895E13    2.9973505071475883E13    3.673381152490105E13     4.303537079219958E13     4.899272075871277E13     5.454788647783408E13     5.976790508199366E13     6.460515003910046E13     6.9201397222855664E13    7.353819752455628E13     7.772637073357181E13     8.167460160470492E13     8.507844251829069E13
0.09739780219780214       0.0509984375             1.871098759535827E13     4.6164014847854766E13    7.120833039152342E13     9.365686119186623E13     1.1383987745134552E14    1.3223872601260508E14    1.4923863522842228E14    1.648006480777061E14     1.7938774771107234E14    1.9297299449549412E14    2.0575269133636203E14    2.1778164372990403E14    2.2928074151222162E14    2.401557646595332E14     2.4924263263450038E14
0.0944212454212454        0.054570312499999996     3.211942145810143E13     7.670080505813325E13     1.1629156168287072E14    1.514617295776159E14     1.8289734476274194E14    2.115828837437079E14     2.3813495777175297E14    2.624385007740353E14     2.8526910828345856E14    3.0653575206498175E14    3.267061478196394E14     3.4584147748769306E14    3.6422559160794056E14    3.8167480067314144E14    3.9622835002948856E14
0.09065677655677655       0.057546875              3.145909525629985E13     7.499594155981744E13     1.1367482467751783E14    1.4793364297914556E14    1.784647027051264E14     2.0626022181471803E14    2.320216720719609E14     2.556389277743071E14     2.778408097164351E14     2.985174439392884E14     3.181253885437722E14     3.3673217512647956E14    3.5457515073427506E14    3.715204445727251E14     3.856654684739315E14
0.0861043956043956        0.059928125              1.7261192097933555E13    4.236652747655532E13     6.565065976356403E13     8.646305466258519E13     1.04972706753759E14      1.217698628733215E14     1.3723917960481452E14    1.5137672086499728E14    1.6466936362177788E14    1.7707695842581547E14    1.888197276534438E14     1.999253484020594E14     2.1021797614963588E14    2.1993370539297622E14    2.2800828179689722E14
0.08076410256410256       0.0617140625             5.492002848219574E12     1.3053378863170682E13    2.0127155222876344E13    2.6655088317296062E13    3.2669007393909324E13    3.827988720497837E13     4.350208677485888E13     4.831560393049373E13     5.288357983096747E13     5.715356877869482E13     6.120964754986543E13     6.507163972195399E13     6.881445738788955E13     7.243939945953334E13     7.55278828647062E13
0.09958644688644687       0.04206875000000001      8.230058348325116E12     1.958951508296379E13     3.021631890849963E13     4.00238287365286E13      4.907520608774943E13     5.7561770070817266E13    6.536087403474944E13     7.256285513785634E13     7.93340872067962E13      8.5641142537664E13       9.172282223458811E13     9.761650023415348E13     1.0343366548411961E14    1.0903478620206736E14    1.1376260726779508E14
0.09739780219780214       0.04683125               3.003644207929438E13     7.141380644720964E13     1.0829229632409555E14    1.4068139918079825E14    1.6930097789443675E14    1.953432400743257E14     2.1923663460770112E14    2.4103383363352012E14    2.6154674280468706E14    2.806687119704177E14     2.9869885508729844E14    3.1576657166573656E14    3.3222808958986994E14    3.47886665148857E14      3.6079939894013394E14
0.09442124542124541       0.0509984375             5.898418567657002E13     1.3157088526225034E14    1.9346778399478516E14    2.4677151733934278E14    2.936685732855276E14     3.363617627738241E14     3.7569208783443106E14    4.115006547319463E14     4.451015437927452E14     4.762696741589319E14     5.056527844819051E14     5.334778906795065E14     5.602406565104676E14     5.856538782561005E14     6.068117115204376E14
0.09065677655677655       0.054570312499999996     6.948702308353906E13     1.516267788067719E14     2.2063025865752056E14    2.7976531455196175E14    3.3167660153637144E14    3.7887286105850556E14    4.2229464385675744E14    4.617643177816864E14     4.987592188613292E14     5.330300004998991E14     5.653357653679534E14     5.959425018306788E14     6.253007661372824E14     6.53137322200385E14      6.76318946731311E14
0.0861043956043956        0.057546875              5.3469022171605016E13    1.2036248029808714E14    1.7774332461977553E14    2.2752482427934853E14    2.715178913713343E14     3.1164608236264394E14    3.486454385204357E14     3.823810101593311E14     4.1401528911467094E14    4.433188542198552E14     4.709765934401285E14     4.971908236637257E14     5.222832512751678E14     5.46023435829461E14      5.658090127691521E14
0.08076410256410256       0.059928125              2.3628682452347383E13    5.69864888073311E13      8.734165392164262E13     1.1387540742116388E14    1.3739814545746473E14    1.587986265038702E14     1.785375632819072E14     1.966507667528691E14     2.136443683423242E14     2.2945768236394506E14    2.4440738039897162E14    2.585732144845018E14     2.717933446398642E14     2.839705381281097E14     2.940182985581605E14
0.07463589743589742       0.06171406249999997      5.9675129964028E12       1.4146650599311252E13    2.181341741047899E13     2.884726325159813E13     3.532354520707499E13     4.140507767395005E13     4.699875795834486E13     5.2222940822445734E13    5.714477019755417E13     6.1719240130163664E13    6.608391667657747E13     7.027835744549513E13     7.443130225553672E13     7.840714478139855E13     8.175184689782005E13
0.09958644688644688       0.0379015625             1.0128143756742447E13    2.3972162613985984E13    3.700621582880718E13     4.914784619909302E13     6.036411724713525E13     7.05144270787558E13      8.001621857154688E13     8.872486739316883E13     9.713691130068861E13     1.0520037291669592E14    1.1295263498964938E14    1.2037146513050828E14    1.2759069216317819E14    1.3439736810304003E14    1.4008938375351773E14
0.09739780219780218       0.042068749999999995     4.410647069240949E13     1.0119446751035127E14    1.5086496533504703E14    1.940193187526887E14     2.3198495549965053E14    2.6623227595722488E14    2.979052059492544E14     3.268350538718419E14     3.539478748519958E14     3.7919974916472456E14    4.0290267651731006E14    4.2520913285292194E14    4.4668758783789425E14    4.670274269571313E14     4.8396976515769556E14
0.0944212454212454        0.04683125               9.253671503084503E13     1.9429097705424734E14    2.7846641878261153E14    3.5083628506386094E14    4.1428329150257144E14    4.7142629216244506E14    5.2403995644752075E14    5.718960132501189E14     6.166207527657974E14     6.581245012298688E14     6.973303637933085E14     7.344509540234285E14     7.701515865715494E14     8.040176323581004E14     8.322406638001861E14
0.09065677655677655       0.0509984375             1.1911141905391208E14    2.4032288692581684E14    3.388584645256001E14     4.2295550306279194E14    4.963686308720805E14     5.623501763043741E14     6.229790563733329E14     6.780420332600392E14     7.294820221579995E14     7.77175354895553E14      8.222557462233221E14     8.64951284536936E14      9.05931456435774E14      9.447978857957961E14     9.771663414338225E14
0.08610439560439562       0.05457031250000001      1.1216399626084877E14    2.289761033865482E14     3.2405152592678444E14    4.05142273018248E14      4.7596334892827094E14    5.3964420245361856E14    5.98087502007274E14      6.511250931513986E14     7.00659359812944E14      7.46568696582402E14      7.899790858855349E14     8.311027754688304E14     8.70500773534987E14      9.078442482983829E14     9.389436403056399E14
0.08076410256410255       0.057546875              7.321435512225778E13     1.588391814751638E14     2.3098862120399378E14    2.9356826339762994E14    3.4863998468212825E14    3.9835766471893975E14    4.439241203198832E14     4.853171401781417E14     5.239918584959894E14     5.5979476383147156E14    5.936634647256122E14     6.257595403134664E14     6.564939010113001E14     6.855941803257882E14     7.098523525694399E14
0.07463589743589742       0.059928124999999985     2.6288906449277117E13    6.311181972814407E13     9.618696794345614E13     1.2525315229254083E14    1.5102427941905294E14    1.7433562210725894E14    1.9604900011730222E14    2.1586523780029906E14    2.3441427750264266E14    2.5169504961012103E14    2.6803520723253272E14    2.834257308329943E14     2.978568651626603E14     3.1107926562748225E14    3.220793355551858E14
0.06929560439560438       0.0617140625             5.385739605834182E12     1.2798857179609541E13    1.9749293268847734E13    2.6156020534533258E13    3.2067567822743242E13    3.758471468279135E13     4.2739473961809234E13    4.7484414536160836E13    5.199518184890089E13     5.619853660971115E13     6.018934549226007E13     6.39879066441751E13      6.766614791741899E13     7.121748117918838E13     7.424823209647717E13
0.09958644688644686       0.0343296875             1.1743538120908031E13    2.766255295465873E13     4.280138928827745E13     5.6930360759085875E13    6.9624587917295914E13    8.142491081165666E13     9.2298210189233E13       1.0268210366831327E14    1.1265700276362578E14    1.2210407513443606E14    1.3112169598033138E14    1.3957738931833308E14    1.4780071482253756E14    1.5571004487338853E14    1.6243163238499044E14
0.09739780219780218       0.0379015625             5.686988083831762E13     1.2731294355802136E14    1.8760431782725162E14    2.3951037384903147E14    2.8517643213326506E14    3.2690065367712225E14    3.652072930751073E14     4.0019009385930006E14    4.3275056324848694E14    4.628800807996207E14     4.9120541590569506E14    5.180313557983641E14     5.4408046524466475E14    5.688767296775899E14     5.896198179330362E14
0.09442124542124539       0.04206875000000001      1.3079406577853264E14    2.6270820770297425E14    3.708667561158387E14     4.6277268371703756E14    5.430801731242973E14     6.158270028752355E14     6.824996760451289E14     7.430153424073744E14     7.996381876466195E14     8.521136178962158E14     9.015020865943659E14     9.48286633079815E14      9.934199043478982E14     1.0362687987966732E15    1.0719752152176342E15
0.09065677655677654       0.04683125               1.7500700817800575E14    3.35863264955905E14      4.657346838377476E14     5.752276529397398E14     6.705470869074098E14     7.568424551181631E14     8.359388635196318E14     9.07632737372205E14      9.747101862233894E14     1.0367915728777608E15    1.0952235656841848E15    1.150578329940817E15     1.2038410894370325E15    1.254408722999192E15     1.2965429749568618E15
0.08610439560439562       0.0509984375             1.8032337897784772E14    3.452321111939024E14     4.779639942475554E14     5.8972976866603E14       6.870016987809254E14     7.750747436764942E14     8.557699865802268E14     9.288780308199331E14     9.972582744276018E14     1.0604987252742396E15    1.1200337767058534E15    1.176438445361628E15     1.230619976116324E15     1.2820346358510152E15    1.324868435734078E15
0.08076410256410256       0.05457031249999999      1.4775688784389662E14    2.9099661282941775E14    4.066081507274517E14     5.0398365378223094E14    5.888343755114925E14     6.656934511148625E14     7.360689253620099E14     7.998469689287736E14     8.595071163425004E14     9.146717342337221E14     9.666254610719639E14     1.0158579364903694E15    1.0630876034198692E15    1.1078612983173405E15    1.1451596720316068E15
0.07463589743589742       0.05754687500000001      8.1118900333808E13       1.7396449242855028E14    2.523393421427297E14     3.195373733548849E14     3.785440127290461E14     4.32070682848485E14      4.808194638630068E14     5.2510586135367206E14    5.665878862258524E14     6.050023825729051E14     6.412300903810699E14     6.755960342663675E14     7.085818614369969E14     7.397801393823806E14     7.65763827199281E14
0.06929560439560438       0.059928124999999985     2.2908028776134168E13    5.5507075649333E13       8.530600827611181E13     1.1142318111054816E14    1.3461133585820408E14    1.557287657144215E14     1.7514270888589728E14    1.9303209354456444E14    2.097996005237117E14     2.2540335214444044E14    2.4015012909198225E14    2.5410718045179203E14    2.671562613062686E14     2.7923918896344312E14    2.8919968915704506E14
0.06474322344322345       0.061714062499999986     4.0935018804899126E12    9.665773200501553E12     1.4988995411334166E13    1.982532245636058E13     2.4257550488045188E13    2.8406362406941133E13    3.231909456867011E13     3.59803375730338E13      3.9446089155180266E13    4.2704429784333125E13    4.578313880221795E13     4.8724554845199914E13    5.153970257218105E13     5.4210957208859445E13    5.645385914868675E13
0.09958644688644686       0.03135312500000001      1.3062902350858996E13    3.074419853904666E13     4.761273567303146E13     6.331131679757218E13     7.75008702298978E13      9.04698852507981E13      1.028737443329144E14     1.1457276791058255E14    1.2576755709013372E14    1.3636817831265666E14    1.4627964722921172E14    1.556772189540562E14     1.6493104808670616E14    1.7390316567143397E14    1.8148131929286428E14
0.09739780219780216       0.03432968750000002      6.790509871191503E13     1.4966706378620806E14    2.1863363220575962E14    2.7841274064921506E14    3.3131786978069375E14    3.789924385439434E14     4.2289607619058825E14    4.6263736745545775E14    4.998157016338466E14     5.345360678400574E14     5.673794537971709E14     5.98621781094013E14      6.290607795772725E14     6.579670682391389E14     6.820937615144744E14
0.09442124542124539       0.0379015625             1.63890477329376E14      3.215672101751053E14     4.496372476716749E14     5.5910136091468806E14    6.545304470585756E14     7.401036358026178E14     8.18609064491558E14      8.899279598096901E14     9.56551738010329E14      1.0184440774471209E15    1.0768831256656309E15    1.132216402356547E15     1.1856109491434982E15    1.2362366326269412E15    1.2784155463828775E15
0.09065677655677654       0.042068749999999995     2.3718286240689122E14    4.420613236707119E14     6.056671599563592E14     7.446430365043359E14     8.655266366407279E14     9.738360742745135E14     1.0731952464195234E15    1.1633863900742072E15    1.2475754509186685E15    1.3256726371549932E15    1.3994479188051952E15    1.4693230255570475E15    1.53659716321062E15      1.6003983098309732E15    1.653548427814862E15
0.08610439560439562       0.04683125               2.566887266214086E14     4.74966571362468E14      6.485679124475021E14     7.957224221195769E14     9.236348401944476E14     1.0382409548810304E15    1.1433554181745042E15    1.2387245567081718E15    1.3277381959921192E15    1.410260671652115E15     1.4882434919219102E15    1.5621134829765042E15    1.6330999666867525E15    1.700414957615028E15     1.756484007318202E15
0.08076410256410256       0.0509984375             2.312996944018769E14     4.331601547774172E14     5.936327517123882E14     7.296838263441264E14     8.479983666639979E14     9.540476987469729E14     1.0512785496907314E15    1.1394768594445142E15    1.22179427140071E15      1.2980760700687515E15    1.3701788245293092E15    1.438486179391598E15     1.504035940711735E15     1.566172857515394E15     1.6179257473865135E15
0.07463589743589742       0.05457031250000001      1.6229164518722844E14    3.174534608120712E14     4.414330801861094E14     5.469414284414645E14     6.389055704308325E14     7.214337225313376E14     7.970675595784075E14     8.656886386189736E14     9.29755168402748E14      9.891255664880474E14     1.045259087935527E15     1.0984405765741732E15    1.1494133662240918E15    1.1976831944078718E15    1.237884384118739E15
0.06929560439560441       0.05754687499999998      7.123878350813225E13     1.5581934132342522E14    2.2719394227486656E14    2.8923826710084706E14    3.4392972120234256E14    3.9331500213039194E14    4.387032976291392E14     4.798700310917803E14     5.18388956428238E14      5.541405532405773E14     5.879706484977292E14     6.199899814797389E14     6.506351906193969E14     6.796267250171976E14     7.038012669083088E14
0.06474322344322345       0.059928124999999985     1.5925257150803064E13    3.913086687642266E13     6.074495819497709E13     8.009169285910384E13     9.741270513073981E13     1.1318580770882689E14    1.2771087399301323E14    1.409953404847862E14     1.5348077830964738E14    1.6510615481429228E14    1.761512726067949E14     1.864250896456564E14     1.9610563397859616E14    2.0522342451167312E14    2.12795162380999E14
0.06097875457875458       0.06171406250000002      2.662636052087612E12     6.178207175888596E12     9.499115789405602E12     1.2557993052457219E13    1.5370824008143287E13    1.7957168908268332E13    2.03777743690992E13      2.2625196081868082E13    2.4760110759814676E13    2.677983081494496E13     2.871693865451178E13     3.0564082376549535E13    3.2348302233562215E13    3.406004779487258E13     3.5504569075563266E13
0.0995864468864469        0.028971874999999998     1.404633038634956E13     3.300790700096536E13     5.1256083179574836E13    6.797034626780146E13     8.31582533128693E13      9.719282754616158E13     1.1068361763367572E14    1.2333675871721952E14    1.3544551939301702E14    1.4670508820611206E14    1.572905674001381E14     1.6739812939036303E14    1.7739217331700688E14    1.8713368483299444E14    1.9526992354340875E14
0.09739780219780214       0.031353125              7.684688859035248E13     1.6704033337799344E14    2.4305252474884947E14    3.085842039824685E14     3.663636115754118E14     4.1889685118867794E14    4.6682547242278125E14    5.106145517462855E14     5.518347006263379E14     5.902541915016049E14     6.265735038612271E14     6.610352000719376E14     6.946023212112089E14     7.265208066522075E14     7.53153700574427E14
0.09442124542124539       0.034329687500000004     1.9139465775283825E14    3.6910630860738275E14    5.13760893046154E14      6.359607827832308E14     7.423082275371568E14     8.384671001404566E14     9.264513915585221E14     1.0063267155870765E15    1.0810293995209061E15    1.150256041932356E15     1.2153475228544482E15    1.2769761213875392E15    1.3365395653413802E15    1.3930615946686335E15    1.4401806738036582E15
0.09065677655677654       0.0379015625             2.9033951148850625E14    5.309061925382362E14     7.235496567843698E14     8.853717010104911E14     1.0259255813385198E15    1.152946222896693E15     1.269230651017016E15     1.3746175601294395E15    1.4731864386069985E15    1.5644936944629345E15    1.6503987156379448E15    1.7318028985630888E15    1.8103564456109255E15    1.8849092779121302E15    1.947059523406781E15
0.0861043956043956        0.042068749999999995     3.4248446715963894E14    6.179596355050834E14     8.374116721694952E14     1.0213195159592621E15    1.1809477882171465E15    1.3252555289709348E15    1.4573682457594048E15    1.5770732996637062E15    1.689042809268575E15     1.7927052100793378E15    1.890261633154942E15     1.9827197020548538E15    2.0717730325088475E15    2.1562937774864138E15    2.2267493734982468E15
0.08076410256410256       0.04683125               3.256036814313606E14     5.910315211712658E14     8.022934518177578E14     9.792528231180662E14     1.132854470499194E15     1.2717537010229832E15    1.398903280282992E15     1.514079505919392E15     1.6218007027709635E15    1.7214724182218635E15    1.8152951865430392E15    1.90421818519341E15      1.9897250778177645E15    2.0708765779424555E15    2.1385159696287438E15
0.07463589743589742       0.05099843750000001      2.5345504913895856E14    4.7107534937820794E14    6.448308409392901E14     7.906523482152829E14     9.173554336648799E14     1.0319871884757548E15    1.1369168464588772E15    1.2319719341699868E15    1.3208799924898175E15    1.4031232542917635E15    1.4805654925255205E15    1.5539699385088092E15    1.6244694230811795E15    1.6913479361617832E15    1.747080689118608E15
0.06929560439560438       0.054570312499999996     1.4580442844957784E14    2.8915588421065575E14    4.0522872759036225E14    5.0310926639564225E14    5.883478527641935E14     6.655319304108799E14     7.362277936138062E14     8.003207988526306E14     8.602985111765522E14     9.158028544472208E14     9.680941321237785E14     1.0176563867049048E15    1.0652007835181776E15    1.110256049482399E15     1.147792795993193E15
0.06474322344322345       0.05754687499999998      4.932573786284748E13     1.1278552766817403E14    1.6777200278303934E14    2.1554401929684472E14    2.5788187388060022E14    2.9664813188298944E14    3.323816736671339E14     3.649847454280546E14     3.955714378664206E14     4.2396630222924694E14    4.507463598864879E14     4.7613868587701156E14    5.004498260471684E14     5.234377908805622E14     5.425967591310578E14
0.06097875457875458       0.059928125000000006     8.740690023709799E12     2.149230472375644E13     3.3423743231316594E13    4.4203399652407625E13    5.388693738215122E13     6.272916279445589E13     7.088764028398214E13     7.840122285480306E13     8.545355504594205E13     9.1992758339334E13       9.817109343581927E13     1.0398526666327377E14    1.0944919472479205E14    1.1448943037506969E14    1.1866864244233398E14
0.058002197802197786      0.061714062499999986     1.5202689662358748E12    3.389153471835369E12     5.144226641248262E12     6.754999739019654E12     8.244533498861217E12     9.63101385020732E12      1.0925481984298338E13    1.2137873160468213E13    1.3296412551990027E13    1.4389635099400145E13    1.5434239477208824E13    1.6435266108338803E13    1.7394876501682701E13    1.830371472210852E13     1.9070388715691363E13
0.09958644688644687       0.0271859375             1.4741029660757662E13    3.470062239628844E13     5.3887435331738125E13    7.147254117632953E13     8.745548796565116E13     1.0235095435173942E14    1.1658481066481627E14    1.299484647417858E14     1.426590733293528E14     1.5441085441935922E14    1.655929595976881E14     1.762720610818661E14     1.8688219546318084E14    1.9721766804670203E14    2.0577332902271066E14
0.09739780219780218       0.02897187500000001      8.37329878605289E13      1.8056548656335872E14    2.6164359387908716E14    3.322036699151224E14     3.943225565956055E14     4.5026399056670225E14    5.016183341357539E14     5.486945358726389E14     5.928283568943781E14     6.341373928816691E14     6.732428429324498E14     7.10317445631774E14      7.46485392103756E14      7.808315076156969E14     8.094446639766774E14
0.09442124542124539       0.031353124999999996     2.1331320139566444E14    4.077008230908007E14     5.646862325009756E14     6.984168690368279E14     8.147857971366452E14     9.189059271385612E14     1.0143381579390675E15    1.1009494504797192E15    1.181707202895192E15     1.2567761406703648E15    1.3276377410554175E15    1.3947791479757068E15    1.4597653061744022E15    1.5213425199231802E15    1.5726545389282925E15
0.09065677655677652       0.0343296875             3.3461973222403475E14    6.059085454441875E14     8.21568240350549E14      1.0043739881041855E15    1.163100628958022E15     1.3050734930335272E15    1.435228572425699E15     1.5534119241345595E15    1.6637433988755398E15    1.7662286860461232E15    1.8630413723644702E15    1.954778496672673E15     2.0433268816229485E15    2.1272652089267385E15    2.1972244108811385E15
0.0861043956043956        0.0379015625             4.1731900747798356E14    7.434967660401815E14     1.0013065265634449E15    1.2194065495353758E15    1.4087320169647662E15    1.5781438612105595E15    1.733468348021782E15     1.8744939151484202E15    2.0061507271158598E15    2.128370722696458E15     2.243865263890166E15     2.353312548849266E15     2.458742573612517E15     2.5587165438725575E15    2.642051212177268E15
0.0807641025641025        0.042068749999999995     4.3451500173411994E14    7.738697261587711E14     1.0416811452630682E15    1.268145744615655E15     1.4647273331600055E15    1.640684031934309E15     1.8020061344473728E15    1.9484480380115375E15    2.0851466782190035E15    2.211981003246433E15     2.3318681687155015E15    2.4454853842006995E15    2.5547469898852335E15    2.658369479814956E15     2.7447462500707875E15
0.07463589743589744       0.04683125000000001      3.589808898685795E14     6.497280443515065E14     8.796068441011464E14     1.0741353322454714E15    1.2430880662797572E15    1.3944008420670832E15    1.5331330307067842E15    1.6590473313059772E15    1.7765780305994672E15    1.885573241760009E15     1.9886218415083615E15    2.0862851667992312E15    2.1800705828340395E15    2.2689969929019965E15    2.343105756981628E15
0.06929560439560438       0.0509984375             2.323255612922101E14     4.374045577633473E14     6.00868213815272E14      7.395324138724548E14     8.601337640017351E14     9.682521647073592E14     1.0674130534350929E15    1.1574182447254532E15    1.2414496286020278E15    1.3193606707276968E15    1.3930361624222738E15    1.4628630657748338E15    1.5298562441960925E15    1.5933443192234958E15    1.6462348320592872E15
0.06474322344322345       0.054570312499999996     1.0658426048906233E14    2.2157363792561803E14    3.158174303330638E14     3.965342897464479E14     4.670567974110724E14     5.303671516713747E14     5.885198713058531E14     6.413451448350889E14     6.907170256238219E14     7.365203686836074E14     7.798480717858841E14     8.20900450826685E14      8.602511341315505E14     8.975165346032706E14     9.285584037522458E14
0.06097875457875458       0.057546875              2.5447843090468047E13    6.156095426913259E13     9.38915037882635E13      1.2260163390939105E14    1.4831093867110956E14    1.7179575165079378E14    1.9355566079468638E14    2.1356361856796456E14    2.3238741386443472E14    2.4995416649407053E14    2.666597097925899E14     2.8249929643182356E14    2.9771450451722175E14    3.121408954408614E14     3.2418247082687625E14
0.05800219780219778       0.059928125000000006     3.884481193184228E12     9.325529594212771E12     1.444189781094115E13     1.9120993528864375E13    2.3358501439077508E13    2.72341215487621E13      3.0841898292822863E13    3.4174645218833965E13    3.7292504382872625E13    4.019023675268762E13     4.293308465472576E13     4.552382827959119E13     4.7972495978419055E13    5.027816671358571E13     5.2182702191194555E13
0.05581355311355312       0.061714062499999986     7.976928560587012E11     1.6836823277981582E12    2.490962089331542E12     3.2344843707064585E12    3.919519776923769E12     4.55934068146373E12      5.164506562429977E12     5.733922901585437E12     6.276927416680438E12     6.79313222686476E12      7.292143737681838E12     7.773349358386245E12     8.241162051114393E12     8.692710653396308E12     9.076236379009676E12
0.09958644688644688       0.025995312500000017     1.5170150490885908E13    3.566732349529675E13     5.547636187526614E13     7.344541481517697E13     8.975660103845284E13     1.0521275928666838E14    1.1988879479506603E14    1.3364427924589953E14    1.4665587555647303E14    1.5872026124733803E14    1.7018453934029256E14    1.8114221342360722E14    1.9210270573174178E14    2.027530132311E14        2.1152905894295928E14
0.09739780219780216       0.0271859375             8.855635178165233E13     1.8949260731878756E14    2.7427319149630962E14    3.475019815636841E14     4.119056989077545E14     4.7029935829285794E14    5.240140141795814E14     5.731310148882379E14     6.192672381200796E14     6.62431312104367E14      7.030846365803964E14     7.416437787991134E14     7.793440720288865E14     8.151034331212245E14     8.448670301773809E14
0.0944212454212454        0.028971874999999998     2.2958103472627575E14    4.351827711023424E14     6.017052770325808E14     7.421629188308189E14     8.642151922574266E14     9.743237172099375E14     1.0749002436095845E15    1.1660700451369735E15    1.2513947624631782E15    1.3305948003821858E15    1.405090433618491E15     1.4757138797135452E15    1.5442017427891135E15    1.6091117740865538E15    1.663233227198534E15
0.09065677655677652       0.031353124999999996     3.6949650394777325E14    6.630851082044082E14     8.974655050473372E14     1.0939711391093348E15    1.2644330400588155E15    1.4183831608452165E15    1.5592538736831E15       1.6870227980251568E15    1.8065981787898235E15    1.917492536483239E15     2.0218257379214702E15    2.120733819915486E15     2.2163801426357605E15    2.3071047407272165E15    2.3827684697828925E15
0.0861043956043956        0.0343296875             4.800651151341034E14     8.46063525610603E14      1.1366018255313512E15    1.3798080536949012E15    1.590774838078217E15     1.7814097583810972E15    1.955907863570124E15     2.1141497655927178E15    2.262230333288212E15     2.3994873405695335E15    2.528658795902669E15     2.6511307185437685E15    2.7693262537043475E15    2.8815029259311765E15    2.9750825300453945E15
0.08076410256410256       0.037901562500000006     5.317378678220118E14     9.338732480416478E14     1.2525846915745225E15    1.519234317170512E15     1.7505577451358E15       1.9596690324951258E15    2.151091905692565E15     2.324668869729933E15     2.487089250705465E15     2.6375758004041215E15    2.7792419264102185E15    2.913575884077676E15     3.042993782773969E15     3.1658676795030905E15    3.2683903034119205E15
0.07463589743589744       0.042068749999999995     4.849923359255898E14     8.595421336423739E14     1.1566935696124375E15    1.4054384376429942E15    1.6213159652916032E15    1.8165440334703942E15    1.9952771550096578E15    2.1573396380267442E15    2.308974737249515E15     2.4494140713771815E15    2.581663316887105E15     2.7070765359511915E15    2.827723735298059E15     2.942275954534669E15     3.0378477796728885E15
0.0692956043956044        0.04683125000000001      3.350701323571969E14     6.109369537590112E14     8.308277013651884E14     1.0152601742915852E15    1.175460593797134E15     1.320409458295297E15     1.4531486150266112E15    1.57349259057807E15      1.6860862938398235E15    1.7903203127173682E15    1.8884994314910635E15    1.9816015191337148E15    2.071074525699386E15     2.1559864430807338E15    2.2267893305042148E15
0.06474322344322345       0.050998437499999986     1.7878087865541447E14    3.467545021256931E14     4.824950225401411E14     5.969885967402475E14     6.96632451628527E14      7.868643821864341E14     8.695728255630549E14     9.445938485875134E14     1.0148025643879242E15    1.079795930173984E15     1.1410326955431442E15    1.1991019520927752E15    1.2548740045382762E15    1.30776354160604E15      1.3518432551043632E15
0.06097875457875458       0.054570312499999996     5.793238111099196E13     1.308465758292545E14     1.9373748347501175E14    2.4808580603924678E14    2.9597597172253356E14    3.3960906588535425E14    3.797616550304952E14     4.16293266843637E14      4.5056019971013975E14    4.8234139108880925E14    5.1229884485729975E14    5.4070813679100656E14    5.67979776771169E14      5.938051109470121E14     6.153269249936629E14
0.0580021978021978        0.05754687500000001      9.43593137979083E12      2.3257451066999027E13    3.609194684128769E13     4.747434220505258E13     5.768268635345388E13     6.699961514511709E13     7.558658696247014E13     8.348874046204289E13     9.085099895476427E13     9.77075406529791E13      1.0415574856965555E14    1.1020431433336273E14    1.1590133171586658E14    1.2126294737354511E14    1.257278723333217E14
0.05581355311355312       0.059928124999999985     1.5118693755534275E12    3.382763192520146E12     5.139336207822472E12     6.756110709767246E12     8.236730030521999E12     9.626140557330738E12     1.0933721112210543E13    1.2153591849473096E13    1.3304772664831613E13    1.4383656570305508E13    1.5416500943961049E13    1.6401924018386275E13    1.7354112451455615E13    1.8267099446340918E13    1.9036182470179258E13
0.0995864468864469        0.02540000000000001      1.5382980804055982E13    3.622650745412547E13     5.629651478834639E13     7.461660997178498E13     9.125780366282366E13     1.069772457323102E14     1.2188615844771012E14    1.3587794984807461E14    1.490451550555556E14     1.613102301167073E14     1.7300778507835588E14    1.8419627321609494E14    1.9541664010532506E14    2.0626358401742838E14    2.151837546436199E14
0.09739780219780213       0.0259953125             9.162749464005412E13     1.955951328731544E14     2.8247211430829475E14    3.58167754942075E14      4.247874706685174E14     4.8468213597425675E14    5.398793360410792E14     5.904201893821245E14     6.378346107419071E14     6.822454608293012E14     7.242050935016809E14     7.639806134314908E14     8.028469088414938E14     8.396080272821056E14     8.702003171268041E14
0.09442124542124537       0.0271859375             2.4102790083857334E14    4.555135238615528E14     6.280892517277379E14     7.749756093862424E14     9.026142504006822E14     1.0165280885233501E15    1.1207207418631224E15    1.215440501493451E15     1.3039367315731338E15    1.3862593138430435E15    1.4640073317870948E15    1.5376947233775685E15    1.6091352741285655E15    1.6767568188642458E15    1.733129651218198E15
0.09065677655677654       0.028971875000000005     3.957959886191638E14     7.077114074279341E14     9.550506582507892E14     1.1644449253677518E15    1.3461780431884042E15    1.5086371608565978E15    1.6575584379656848E15    1.7928899209587688E15    1.9192798030374242E15    2.0367815463688072E15    2.1477841966610658E15    2.252997300933953E15     2.354717626643589E15     2.451091049734371E15     2.531443149627862E15
0.0861043956043956        0.03135312500000001      5.306140496843554E14     9.304957139139798E14     1.2458089296396082E15    1.5125043703842548E15    1.7439427500127675E15    1.9509531510929992E15    2.140763619273819E15     2.313238916682926E15     2.47431983059439E15      2.6240053298213605E15    2.7654632639997925E15    2.8995630664348005E15    3.028937826251401E15     3.151598994126518E15     3.25390769283256E15
0.08076410256410252       0.0343296875             6.16155849575091E14      1.0745791570151751E15    1.4354097244769082E15    1.7404972525558038E15    2.0053148483421272E15    2.2422892185278675E15    2.4595925726377145E15    2.6570668904559685E15    2.8414946524072635E15    3.012822485679275E15     3.174795675063398E15     3.3283683206005875E15    3.47626219254393E15      3.616564770188734E15     3.733632108262315E15
0.07463589743589744       0.0379015625             6.03688993398892E14      1.0583832795503004E15    1.41656757443964E15      1.7195636415775538E15    1.9827015969367418E15    2.2183056705561812E15    2.434383328358595E15     2.630767976958092E15     2.814179457266565E15     2.984519396471219E15     3.1456173598516165E15    3.2983808122700465E15    3.4452725013145405E15    3.584667682376853E15     3.7009981809837285E15
0.06929560439560441       0.04206875               4.635389652445409E14     8.285039133848272E14     1.1169793749883276E15    1.3612814686597848E15    1.5735906284635728E15    1.7638163198808288E15    1.938309728848782E15     2.0968855801383458E15    2.244980261349757E15     2.3824655902238995E15    2.512519448336403E15     2.6358460565955485E15    2.754316317587448E15     2.8667091472032365E15    2.960465746818454E15
0.06474322344322345       0.04683125               2.66495284668352E14      4.986997306003789E14     6.840349550965889E14     8.413780294200092E14     9.783034240846666E14     1.1011225629878582E15    1.2138413896213578E15    1.3162539376746532E15    1.4119020532670748E15    1.5006600788645275E15    1.58463050325029E15      1.6642534740701625E15    1.7407047735986748E15    1.8131770417386685E15    1.8735807797756635E15
0.06097875457875458       0.05099843750000001      1.0608066350332638E14    2.2228380558779572E14    3.18057755470026E14      4.0040744141620325E14    4.725042161031554E14     5.373842068503249E14     5.970322320263609E14     6.5130710242974E14       7.020499374686765E14     7.491812310670851E14     7.937838785770524E14     8.360892334568696E14     8.76719825874387E14      9.15216725838867E14      9.47295145117472E14
0.058002197802197786      0.054570312499999996     2.035588079894469E13     4.99536980019526E13      7.681988482013362E13     1.0084121665416503E14    1.2234595201716164E14    1.41892631467179E14      1.599540418672649E14     1.765234000525225E14     1.9206329982027775E14    2.0654345944872075E14    2.2032349642739788E14    2.3330312221940525E14    2.4569776113769638E14    2.5745935510130562E14    2.6729776821729234E14
0.05581355311355312       0.05754687499999996      2.7919789757145605E12    6.533856718751442E12     1.0069798523446588E13    1.3320492669547773E13    1.6273301186397953E13    1.8998995743472836E13    2.153388896506162E13     2.38755162837188E13      2.6095724235717387E13    2.816783231772603E13     3.013613032568545E13     3.2017222638035844E13    3.3847765233314113E13    3.55843205351995E13      3.704496343466867E13
0.09958644688644684       0.024881632653061227     1.5550149893580414E13    3.656713137637159E13     5.688875081387122E13     7.52895230315326E13      9.199358316893031E13     1.0792442338987412E14    1.229945471192403E14     1.37116122665787E14      1.50384214059387E14      1.627598172114924E14     1.745319796737967E14     1.8580256252232953E14    1.971370654441224E14     2.0805346978124744E14    2.170246523580912E14
0.09739780219780218       0.025400000000000016     9.304952659180883E13     1.9797612281046572E14    2.860444964319598E14     3.621125353228092E14     4.290164188714096E14     4.896821470596667E14     5.4552233200073094E14    5.965777213716356E14     6.445802549102965E14     6.894411666210515E14     7.316571908961809E14     7.716713610716581E14     8.10810808761739E14      8.47852619583484E14      8.787005911976735E14
0.09442124542124541       0.0259953125             2.48033903846087E14      4.668201707156731E14     6.436544634308959E14     7.92658582449831E14      9.219942309411519E14     1.038378146000209E15     1.1447697429968748E15    1.2413695671159668E15    1.3318135352225048E15    1.415801756577476E15     1.4948014464442448E15    1.5697063211754638E15    1.6424349495991618E15    1.7113258136416282E15    1.7687857251227315E15
0.09065677655677652       0.0271859375             4.139060933374729E14     7.365539059358951E14     9.936642615620235E14     1.209076138913636E15     1.395895259826656E15     1.5645280608654898E15    1.718885846422087E15     1.8589420446497965E15    1.9900502120935718E15    2.111722708448333E15     2.22619172859542E15      2.3347404143933375E15    2.439843099416657E15     2.539491681124261E15     2.6226201625087095E15
0.0861043956043956        0.028971874999999998     5.684907770312825E14     9.910790390167242E14     1.3260823117156698E15    1.606433336937876E15     1.8495758300762335E15    2.0692578279145458E15    2.2703693428533525E15    2.4528574971584745E15    2.6236939628219315E15    2.782162911220783E15     2.931299451391379E15     3.0727447657277315E15    3.2094073706565995E15    3.339089202085067E15     3.447325718685351E15
0.08076410256410252       0.031353124999999996     6.850854993374106E14     1.186020928177874E15     1.582422180628395E15     1.9140492874215222E15    2.2017838912870225E15    2.4619061715760095E15    2.700068126225872E15     2.9162234520510565E15    3.118585344887853E15     3.3062556999049095E15    3.4829474009635175E15    3.650561906717236E15     3.812210161177657E15     3.965724008190819E15     4.0939216613131925E15
0.07463589743589744       0.0343296875             7.111257981660424E14     1.2343923978959158E15    1.648750369738923E15     1.9956376669762522E15    2.296822167553804E15     2.569266115418372E15     2.8187666755505235E15    3.045290071391991E15     3.257374712074788E15     3.4540434771337115E15    3.639293064548796E15     3.8150616337306815E15    3.9843039274217795E15    4.145122779665297E15     4.2794790285303995E15
0.06929560439560438       0.0379015625             5.909557230580652E14     1.0405166078251318E15    1.397493531421307E15     1.6967529033610365E15    1.9567744585755508E15    2.192113663164575E15     2.4076917644115075E15    2.6034446585919825E15    2.7867198795856775E15    2.9566411581202565E15    3.116751777676342E15     3.268674229457763E15     3.414802048165558E15     3.5536498840111275E15    3.669630967571662E15
0.06474322344322345       0.042068749999999995     3.805181476751585E14     6.929592064094096E14     9.423334240790914E14     1.1518570857905082E15    1.334084461216891E15     1.4991139105735055E15    1.6503478834801318E15    1.787675161884693E15     1.9162361816005278E15    2.0353843905422462E15    2.1476855712510855E15    2.2542439795124995E15    2.356690098526894E15     2.453964604932543E15     2.5351483412709975E15
0.06097875457875458       0.046831249999999984     1.6861775088270328E14    3.3496386591461456E14    4.709886787723324E14     5.861911658964239E14     6.864640589978058E14     7.773176624669858E14     8.606838758923708E14     9.364186929162359E14     1.007300392250749E15     1.0729699412456739E15    1.1348767237468328E15    1.1936222162728902E15    1.2501207662282002E15    1.3037112452255092E15    1.3484042221550938E15
0.0580021978021978        0.050998437499999986     3.8794693885786836E13    9.138458203462873E13     1.3775276195632462E14    1.781328728310879E14     2.1382617591787966E14    2.4640808557100772E14    2.7646454801208116E14    3.039856480334821E14     3.298638989309841E14     3.538095628359868E14     3.764417931301827E14     3.978630834421981E14     4.184696902134365E14     4.3797145360580594E14    4.5423061176105056E14
0.05581355311355312       0.05457031250000002      4.89245800454359E12      1.1705648997725924E13    1.8173797225136086E13    2.4047764147414195E13    2.937857625798129E13     3.436448344396293E13     3.904313866861699E13     4.339789154376135E13     4.755635662041195E13     5.146658444105829E13     5.5133977634457125E13    5.866094895541504E13     6.209241129796912E13     6.532674133614509E13     6.801329735336401E13
0.09958644688644687       0.024276870748299324     1.575991771931113E13     3.712218831645966E13     5.769271992465153E13     7.645664400392427E13     9.351351151195028E13     1.0968657429079595E14    1.2498641396346055E14    1.3933996552631369E14    1.527592013973329E14     1.6534006533023128E14    1.7735776003347747E14    1.8885997278444453E14    2.0044647018281103E14    2.115370709108131E14     2.2063574667393738E14
0.09739780219780216       0.024881632653061227     9.432959967593336E13     2.006999142158817E14     2.895452571199964E14     3.6695836476322394E14    4.351004694072537E14     4.963578571750732E14     5.528250346992222E14     6.045296002754716E14     6.530573597666274E14     6.984734629792062E14     7.413532110082231E14     7.819687017744395E14     8.216875182413766E14     8.592398977973429E14     8.905102694245146E14
0.09442124542124543       0.02540000000000001      2.5150379266102916E14    4.734518128533339E14     6.518042967827785E14     8.035537908877799E14     9.353126654141039E14     1.052692568741629E15     1.1602163975529165E15    1.258014762653059E15     1.3493890699306448E15    1.434422151654675E15     1.5147278040399355E15    1.5908514931218865E15    1.664711626554351E15     1.7345999982650385E15    1.7928673504983908E15
0.09065677655677654       0.0259953125             4.254093144128122E14     7.566085559182078E14     1.0188621243894498E15    1.240889933303892E15     1.4335113119823088E15    1.6056429104047148E15    1.7634638708337865E15    1.9069239223080408E15    2.0409447742327732E15    2.1655976792445002E15    2.283359137733996E15     2.3949971928699325E15    2.5030151056939525E15    2.605318694766995E15     2.69063031876951E15
0.08610439560439562       0.0271859375             5.953758622675701E14     1.0364464755851785E15    1.3838684788867295E15    1.677719184191912E15     1.9326834168100285E15    2.160708838541932E15     2.3698136651077895E15    2.559916438345627E15     2.7375130018663005E15    2.902633961646191E15     3.058684744741439E15     3.2066479448727075E15    3.3495095681799865E15    3.4849398411456255E15    3.5979401916269E15
0.08076410256410255       0.028971874999999998     7.385427400221654E14     1.2752086139800775E15    1.6971188758507402E15    2.0539234842924155E15    2.3636778929898315E15    2.640857757843367E15     2.8950793562079305E15    3.126274597435934E15     3.34227902518993E15      3.5430832006100335E15    3.7329445219321945E15    3.9130134986501885E15    4.086549104504555E15     4.2512117431770695E15    4.3886970709908015E15
0.07463589743589744       0.031353124999999996     8.03687433773325E14      1.3887060930540038E15    1.8489435438890928E15    2.238468174711833E15     2.5769244779609515E15    2.8800084029430425E15    3.1580664922062865E15    3.411070937223307E15     3.6474932588636425E15    3.867284122302795E15     4.075204111162617E15     4.272457539973351E15     4.4622409852856145E15    4.642468207582002E15     4.793051966031713E15
0.06929560439560438       0.0343296875             7.14646885199419E14      1.2481729158101008E15    1.669090731425047E15     2.025815771799238E15     2.336060513066435E15     2.61410837099576E15      2.8692781393599805E15    3.101539455373149E15     3.318606842464559E15     3.520400345801432E15     3.711367303725629E15     3.8925596533682035E15    4.0666977277723645E15    4.2321056685427305E15    4.370329846906145E15
0.06474322344322345       0.0379015625             5.013200057429831E14     8.987046809357055E14     1.2137943161273005E15    1.4812958502244205E15    1.7141583270265458E15    1.9230664356210215E15    2.1148482551066578E15    2.2894320270465245E15    2.4526072449911815E15    2.604266592692055E15     2.747826869110971E15     2.884035367659918E15     3.0148603937168385E15    3.13906205178717E15      3.242786045653743E15
0.06097875457875458       0.042068749999999995     2.538842614806905E14     4.875381237213707E14     6.749626208008829E14     8.341780451256196E14     9.73098545800719E14      1.097962777253611E15     1.2127026912868208E15    1.3171999455296532E15    1.4149170629549738E15    1.505736554387512E15     1.5917309870812495E15    1.6733476577943008E15    1.751779444559365E15     1.8261589193691392E15    1.888172091315051E15
0.058002197802197786      0.04683125               6.6412277923218516E13    1.490409820376249E14     2.193474471422368E14     2.8080246739965356E14    3.3541016278246044E14    3.849276798831652E14     4.305032515497966E14     4.720680292570206E14     5.1103476393815675E14    5.473769426183509E14     5.818854688030579E14     6.14709220237936E14      6.4641278128978E14       6.764419209179711E14     7.014858899951996E14
0.05581355311355313       0.0509984375             8.111267713840847E12     1.950971069451906E13     3.0193723718362574E13    4.010140414470854E13     4.928608744844099E13     5.783964281555158E13     6.580818373283292E13     7.315709059074077E13     8.010335000052042E13     8.675559049921198E13     9.307784632612322E13     9.91714304746671E13      1.0513054406900219E14    1.1084516261548348E14    1.1566136767928261E14
0.09958644688644684       0.02358571428571429      1.5961643745536201E13    3.754119026058928E13     5.839671089599023E13     7.728240370834162E13     9.445357676767169E13     1.1085839344337416E14    1.2635193333505894E14    1.408632976792189E14     1.5440257788989956E14    1.6713545667323797E14    1.7926579647162572E14    1.9086722760705916E14    2.0259870422295566E14    2.1376071817252722E14    2.2290604187737712E14
0.09739780219780217       0.024276870748299324     9.564286835353528E13     2.0283528611722812E14    2.927771163367612E14     3.7044162053704706E14    4.387692515638367E14     5.00721210656447E14      5.5775782889908606E14    6.099044853260604E14     6.58948919840298E14      7.047372903093442E14     7.477772375755379E14     7.885631605908836E14     8.285229510365962E14     8.663164351796695E14     8.978162048373036E14
0.09442124542124539       0.024881632653061227     2.5421027762133547E14    4.773324249606068E14     6.575552185278596E14     8.093623190982861E14     9.410469759399176E14     1.0594605925124498E15    1.1678075892984662E15    1.2661991344554248E15    1.3583210282631138E15    1.44388353457879E15      1.524362032236393E15     1.6006834038838572E15    1.674818123322925E15     1.7450175296258748E15    1.8035711319768755E15
0.09065677655677656       0.02540000000000001      4.306738017384668E14     7.641242041940461E14     1.0296474750616494E15    1.2520993985200675E15    1.444962783137952E15     1.6190484688317372E15    1.778405670735552E15     1.923026641406039E15     2.058432926727983E15     2.1841212164312962E15    2.30236647698304E15      2.414506322547682E15     2.523132815727881E15     2.626100499097602E15     2.712008210188705E15
0.0861043956043956        0.0259953125             6.118972189998428E14     1.061760919619445E15     1.418154932529978E15     1.716376238619764E15     1.9749940974742232E15    2.2086578363129505E15    2.4225905436527755E15    2.6167730138705705E15    2.79859341358277E15      2.967308024658704E15     3.126085286171094E15     3.276696951746479E15     3.422291457226772E15     3.560435780587255E15     3.6757646215158125E15
0.08076410256410252       0.0271859375             7.761830137272656E14     1.334565642386621E15     1.7760827733981195E15    2.145473033086392E15     2.4660161057364645E15    2.7558168492636815E15    3.021189535392827E15     3.2621650938179875E15    3.4878324072059385E15    3.697216848239575E15     3.8943620819404105E15    4.0814241338654155E15    4.261916075690094E15     4.4333518012607385E15    4.576587495479462E15
0.07463589743589742       0.028971874999999998     8.771266410311374E14     1.5069539636576692E15    2.0052664821644255E15    2.4225665958478185E15    2.785057069553759E15     3.113030356548316E15     3.413460522131978E15     3.686460604318824E15     3.942180081170149E15     4.179479672439132E15     4.403038714132985E15     4.615237347452627E15     4.819633991273531E15     5.013974686004639E15     5.176491123741864E15
0.0692956043956044        0.031353124999999996     8.270986790429191E14     1.4325235964808452E15    1.912808017704149E15     2.3156982345976355E15    2.666071412294783E15     2.983329061129365E15     3.274070735325852E15     3.538431645529344E15     3.7861120023354205E15    4.015992403898529E15     4.232670288620703E15     4.438378839859674E15     4.636290265178884E15     4.824561379389455E15     4.982076403641656E15
0.06474322344322345       0.0343296875             6.271911215044709E14     1.1091798720821005E15    1.493249330931027E15     1.8162010238100825E15    2.0973825399998808E15    2.352191265380781E15     2.5858078522527395E15    2.798306401822214E15     2.99742052253931E15      3.1822302686371125E15    3.3564978607714305E15    3.521937754486846E15     3.680975960045355E15     3.832227854244348E15     3.958739199376494E15
0.06097875457875458       0.037901562500000006     3.499454971978477E14     6.538137569489466E14     8.973418041553002E14     1.103158208634711E15     1.2827389165127172E15    1.4456414890475615E15    1.595039166634385E15     1.7309717607135855E15    1.8582845076014428E15    1.9763824050434058E15    2.0878006239381028E15    2.1935769965453475E15    2.295239304125561E15     2.3918160452458275E15    2.472496921024432E15
0.058002197802197786      0.042068749999999995     1.0808598110920044E14    2.3141142023295284E14    3.36441375207256E14      4.273836413656736E14     5.0718833679927244E14    5.800313043141031E14     6.47288204144384E14      7.089471153909999E14     7.670190501382058E14     8.211495719768904E14     8.723416546020018E14     9.210524385469595E14     9.681313689346124E14     1.0128000012952529E15    1.0501818782686854E15
0.05581355311355312       0.046831249999999984     1.2799339954823762E13    3.0532214737069996E13    4.752741775244867E13     6.330202012069957E13     7.76631622074201E13      9.10924806072283E13      1.0375231527996202E14    1.1568745193427894E14    1.270833717006767E14     1.3784248812678634E14    1.4799685585018656E14    1.5769863133296725E14    1.6709286890364834E14    1.7602833816773644E14    1.835021887224292E14
0.09958644688644684       0.02280816326530613      1.6209340756861986E13    3.8188105788357375E13    5.933507878953895E13     7.863833194955197E13     9.622402904647677E13     1.1289955697852323E14    1.2866094544783489E14    1.4343411808884578E14    1.57155293605444E14      1.7014732666091828E14    1.825477828543092E14     1.943993095273064E14     2.0641915155913225E14    2.177593650712716E14     2.2703322561836088E14
0.09739780219780217       0.02358571428571429      9.724921372806261E13     2.0618616917192478E14    2.971587325825316E14     3.7638934200866156E14    4.4616474445932744E14    5.08881672906632E14      5.667117942112959E14     6.196586918501309E14     6.693609959969134E14     7.158065220014984E14     7.596064684715289E14     8.01127588915526E14      8.418085951008386E14     8.802291104474895E14     9.122635894687209E14
0.09442124542124541       0.024276870748299324     2.5760812877359166E14    4.8388878132318244E14    6.656040444963311E14     8.201849233626875E14     9.542968052471476E14     1.073719390537551E15     1.1832055460724702E15    1.282802609729826E15     1.375854756809855E15     1.4624675550284005E15    1.5442723600352688E15    1.62182551177987E15      1.6970935448945885E15    1.7682943960838535E15    1.827657551102364E15
0.09065677655677654       0.024881632653061227     4.354755641140316E14     7.731770685788828E14     1.0404383961078901E15    1.266730817429535E15     1.46300928092356E15      1.6383940594875222E15    1.7992114354245092E15    1.9454167424548168E15    2.0820146993518675E15    2.2090842496988612E15    2.329130588512379E15     2.4429376142640175E15    2.553082309246018E15     2.657389647658438E15     2.744378320074259E15
0.08610439560439562       0.0254                   6.201075264355672E14     1.0766873456323164E15    1.436157346833656E15     1.740217209010987E15     2.0040251021422105E15    2.2399411672686038E15    2.4563036207713635E15    2.6530425783264705E15    2.836859082028752E15     3.007798774855697E15     3.169351283033921E15     3.3225423434134795E15    3.470494767140542E15     3.6107448463454995E15    3.727783228075317E15
0.08076410256410252       0.0259953125             8.003965258500061E14     1.3759116387082828E15    1.828086438745267E15     2.2105387092889728E15    2.5425844383708865E15    2.8397035367118225E15    3.112243961180127E15     3.360188577253642E15     3.5918891054935085E15    3.8073529315052925E15    4.011084092431425E15     4.204334579222429E15     4.3906301941894465E15    4.56742147215318E15      4.715082441313791E15
0.07463589743589744       0.02718593750000001      9.3135203900724E14       1.597838978095505E15     2.1217681156220365E15    2.5653521862802965E15    2.950907848286715E15     3.2961936195341335E15    3.613034148396762E15     3.9015142199170595E15    4.17117947775096E15      4.421996768786455E15     4.659297689813909E15     4.884484079437557E15     5.101191699592042E15     5.307085785402013E15     5.479233616525252E15
0.06929560439560438       0.028971874999999998     9.222747120903908E14     1.5917352197659462E15    2.119431049287197E15     2.5669789859663905E15    2.9564997796215945E15    3.3056835249080055E15    3.626260234692147E15     3.9183787062990725E15    4.191537208860748E15     4.445676679589028E15     4.686244876239529E15     4.914601542540808E15     5.134094781983615E15     5.342796214672083E15     5.517421933560848E15
0.06474322344322345       0.031353124999999996     7.527984584576571E14     1.321041407833091E15     1.771125499910056E15     2.1537193654762375E15    2.4871550881380585E15    2.7864076787041315E15    3.0612902544965655E15    3.3119239012454455E15    3.546354134086295E15     3.764508221726381E15     3.971094837734482E15     4.167204457922425E15     4.3555381543471005E15    4.534628568678636E15     4.684500971173236E15
0.06097875457875458       0.0343296875             4.5964341438889906E14    8.423804063553349E14     1.1482747247394662E15    1.4091030178421925E15    1.6364989436643908E15    1.840918476220681E15     2.0287976645916492E15    2.2001874945804935E15    2.36057836486615E15      2.5098589286202195E15    2.6512804747261775E15    2.785491460695464E15     2.914299700841599E15     3.0366691143328685E15    3.13898197362453E15
0.058002197802197814      0.037901562500000006     1.59481475529619E14      3.323661843104116E14     4.771902430248152E14     6.029134116735772E14     7.143526467663266E14     8.156540587555864E14     9.09446277386216E14      9.954861824770174E14     1.076323653690945E15     1.1517975071675648E15    1.2234383984423748E15    1.2915557354276172E15    1.357113954977935E15     1.4192280128224372E15    1.4709924580252602E15
0.05581355311355312       0.04206875               2.002733332988948E13     4.816110584732266E13     7.530512073787945E13     1.005183015069987E14     1.2404485154793302E14    1.4602349194659288E14    1.6663038579172825E14    1.8562080734031603E14    2.0347151057326597E14    2.2031938474566397E14    2.3636102746200503E14    2.5175316230356103E14    2.6663240413744672E14    2.8068553799256906E14    2.922753699119159E14
0.09958644688644684       0.021944217687074833     1.6432015445971576E13    3.865408658791662E13     6.010552687206357E13     7.955401563648412E13     9.728416613167731E13     1.1420281954206505E14    1.3017661927822706E14    1.4511252140497538E14    1.5898904677597056E14    1.7216052457076972E14    1.8467285169593178E14    1.9663089341762016E14    2.0881546212696425E14    2.202204953241806E14     2.2954180381785306E14
0.09739780219780214       0.022808163265306124     9.876853509009184E13     2.086737618122207E14     3.008714571517073E14     3.80435087655974E14      4.504754913521397E14     5.13960997745273E14      5.724301648706908E14     6.258730074339901E14     6.761236932542476E14     7.229395411737669E14     7.66946605537582E14      8.086999720521009E14     8.496831989476388E14     8.883870712281071E14     9.207006903985012E14
0.0944212454212454        0.023585714285714297     2.6086886925543972E14    4.886218867051578E14     6.724369446351938E14     8.272302321933986E14     9.61355302852598E14      1.0819549750301169E15    1.192384415890264E15     1.2926751340490002E15    1.3865715004729885E15    1.473805995930883E15     1.5558660369193265E15    1.6336866198215228E15    1.7093033023180802E15    1.7808883300957458E15    1.8405963539617455E15
0.09065677655677656       0.024276870748299324     4.402802348447255E14     7.798126142956762E14     1.0500473587852142E15    1.2764491693024495E15    1.4726916514191975E15    1.6498243587526642E15    1.8119845882491625E15    1.9591652208650828E15    2.096982136868991E15     2.2249243148588355E15    2.3452860567459775E15    2.4594388568025645E15    2.570046523633277E15     2.6748809927299695E15    2.762352029436876E15
0.0861043956043956        0.02488163265306123      6.265157144255794E14     1.0854458518195462E15    1.448944479161854E15     1.7530949180957318E15    2.0168441091904678E15    2.255150029805817E15     2.4733404445639575E15    2.6714047947337545E15    2.856874555896611E15     3.028992882961833E15     3.190970111209624E15     3.3446260620814695E15    3.49318943397718E15      3.63414572854638E15      3.7518321043721075E15
0.08076410256410256       0.02540000000000001      8.116353496097035E14     1.3920781146383228E15    1.8509025143640742E15    2.2347652338577105E15    2.5678801853908955E15    2.8690599849600605E15    3.1448635509602195E15    3.395356238810657E15     3.6299653549579445E15    3.847680875629172E15     4.052669809257818E15     4.247192014689479E15     4.4349129237185535E15    4.613225843231914E15     4.762235539900286E15
0.07463589743589744       0.0259953125             9.657888868329792E14     1.6515132619758142E15    2.193782182770559E15     2.647946500300665E15     3.042547701386609E15     3.3996083386282365E15    3.7267212132745885E15    4.024089469112452E15     4.302702390463325E15     4.561321946596954E15     4.80498039492707E15      5.036302198107347E15     5.25914832209132E15      5.471099556251538E15     5.648425152615458E15
0.06929560439560438       0.027185937500000004     9.942179589244384E14     1.7074949725981185E15    2.2729729838459555E15    2.7475130897058595E15    3.16042701703674E15      3.534407417750423E15     3.877221953384643E15     4.1891773181024485E15    4.4815735858521115E15    4.753097110671301E15     5.009067905642785E15     5.252169396056275E15     5.486069640984817E15     5.708751039819164E15     5.89523232912805E15
0.06474322344322345       0.028971875000000005     8.667252124326748E14     1.5085425586184825E15    2.0196068157354082E15    2.4496298728088505E15    2.8244164421341435E15    3.164214059945914E15     3.4759071554521625E15    3.7597990173666325E15    4.025988436921432E15     4.273281505882529E15     4.506534277001192E15     4.728097856923926E15     4.941073855893994E15     5.14391628355781E15      5.313870984605138E15
0.06097875457875458       0.031353124999999996     5.81082931615714E14      1.047564988937707E15     1.4215632702126842E15    1.7374049237084862E15    2.0132910014699882E15    2.263739481197724E15     2.4936608111535945E15    2.703221590801884E15     2.899791128507593E15     3.082470353155607E15     3.254871312208207E15     3.418602275718128E15     3.5758191927937065E15    3.7254563533518255E15    3.85079442876201E15
0.058002197802197786      0.03432968750000002      2.2464555536667016E14    4.562810182731509E14     6.498298107065616E14     8.175336209438752E14     9.65983869372918E14      1.1013293244494535E15    1.225746401452497E15     1.3394295210300532E15    1.4462334432741945E15    1.5453985310723072E15    1.6391063127565195E15    1.7280505425065985E15    1.813258326005654E15     1.8941245272327078E15    1.9618287455744965E15
0.05581355311355312       0.03790156250000001      2.9711158899676586E13    7.230668418643931E13     1.1365119886822536E14    1.5220473818421634E14    1.8749001428655747E14    2.1992843218817788E14    2.5009752585106175E14    2.781060687549165E14     3.046912029141944E14     3.2945346119697025E14    3.5274759565603256E14    3.749509247002324E14     3.964582717757737E14     4.168742143289342E14     4.3399421701239694E14
0.09958644688644684       0.020993877551020404     1.6692693793688305E13    3.933024106439523E13     6.108195431818981E13     8.096416171650283E13     9.912861795217756E13     1.1632208836513917E14    1.3257279139958703E14    1.4775553211611194E14    1.61864269908775E14      1.7529105792528956E14    1.8807120048464753E14    2.0028271716219994E14    2.1276338596212447E14    2.2433455483656516E14    2.3379124586537422E14
0.09739780219780216       0.02194421768707484      1.0054907501550077E14    2.1233730779819634E14    3.056754608531892E14     3.86909195877139E14      4.5849811889129394E14    5.2282524262763106E14    5.821657024403249E14     6.364720752778874E14     6.873905424358888E14     7.348985947727619E14     7.797588814960536E14     8.22323641571888E14      8.641027462797081E14     9.034904703406404E14     9.363948533333489E14
0.09442124542124539       0.022808163265306124     2.6484385129649656E14    4.961725726835902E14     6.817979051825129E14     8.396738970594991E14     9.764577332138182E14     1.0983014761173628E15    1.2100827536801288E15    1.3117727265690188E15    1.4067777045991172E15    1.4952443030442458E15    1.5787976335629068E15    1.6580057784972722E15    1.7349118108829032E15    1.8076456972030985E15    1.8682837174445985E15
0.09065677655677654       0.02358571428571429      4.4630112927436094E14    7.909529008536686E14     1.0635865700404315E15    1.2944517434560032E15    1.4946493229454905E15    1.6735263023901322E15    1.8375703175093975E15    1.986729623931953E15     2.126102181362058E15     2.255772149296814E15     2.378272014643186E15     2.494412624854399E15     2.606848552061501E15     2.7133112026602055E15    2.802105112146037E15
0.0861043956043956        0.024276870748299324     6.346038189359278E14     1.1002882684258534E15    1.4668367953225322E15    1.7768982936030012E15    2.045904001993132E15     2.2864592598414115E15    2.5070885374873605E15    2.707729934392762E15     2.895204074049926E15     3.0695655742880255E15    3.234353760800232E15     3.3906191235671945E15    3.541563240441047E15     3.6846437253369415E15    3.804054326284122E15
0.08076410256410252       0.02488163265306122      8.218288570176319E14     1.4106948301942185E15    1.873239145474798E15     2.2644900743925035E15    2.6041836536768975E15    2.9081343590713795E15    3.1869546252257185E15    3.4406465701243035E15    3.6777337031848215E15    3.898231135336571E15     4.10672687419362E15      4.3045053533001685E15    4.495183424599915E15     4.676141639607497E15     4.827300045478816E15
0.07463589743589745       0.02540000000000001      9.830056143545129E14     1.681972537749085E15     2.2312248897292448E15    2.6963201883072215E15    3.100623343435468E15     3.462694496767305E15     3.794966513448861E15     4.097574135466722E15     4.380483952929365E15     4.643665021712942E15     4.892675763245556E15     5.128997260019094E15     5.35643636781162E15      5.572569948558012E15     5.753326524337603E15
0.0692956043956044        0.02599531250000001      1.042404492026993E15     1.7890281160610645E15    2.3771693047273745E15    2.87615257724682E15      3.310591865662926E15     3.700070252907648E15     4.0577077876786955E15    4.3837745847946875E15    4.688764278141952E15     4.972610335070939E15     5.241328740986753E15     5.496465079128362E15     5.741702400583974E15     5.975011952039639E15     6.170351251872436E15
0.06474322344322345       0.027185937500000004     9.596349722151128E14     1.6646194251948332E15    2.2223732986338335E15    2.69680429964711E15      3.110627006655435E15     3.482108169840063E15     3.8234704307635295E15    4.1350385877637835E15    4.4266147049930065E15    4.6981146510215E15       4.955275353318235E15     5.199506024527698E15     5.434044032341809E15     5.657335444019892E15     5.844439283063102E15
0.06097875457875458       0.028971874999999998     7.070705418048286E14     1.2606599157275015E15    1.701965041573586E15     2.0788088045102855E15    2.4082439481134355E15    2.704470222633638E15     2.9769288979201515E15    3.225847606050649E15     3.4589242857021385E15    3.676063300793963E15     3.8818215620289095E15    4.0771922086814315E15    4.26464368740793E15      4.443097224613175E15     4.592655000403079E15
0.058002197802197814      0.031353124999999996     3.103029726876014E14     6.151671850943609E14     8.686932780377209E14     1.0882293800372222E15    1.2805099732666308E15    1.453964073212913E15     1.613825097607703E15     1.7601337639781285E15    1.8973013463933262E15    2.0252557180511558E15    2.1465900299436102E15    2.2615091120852315E15    2.3715781114677975E15    2.476181407990512E15     2.5636901668256005E15
0.055813553113553106      0.0343296875             4.380896947410372E13     1.0742751527758423E14    1.6868437642672356E14    2.2481945838316147E14    2.754235234825828E14     3.220906643782804E14     3.656781703216098E14     4.058018470546956E14     4.4345191696166894E14    4.788723616907485E14     5.125873269915434E14     5.446392879005287E14     5.753091538621322E14     6.038456003936592E14     6.267487157141705E14
0.09958644688644686       0.01995714285714286      1.691223580153719E13     3.978361525343846E13     6.182934485473599E13     8.184788670438634E13     1.0015061929076428E14    1.1757626028064977E14    1.3403192736341652E14    1.4935335887957075E14    1.636442952691369E14     1.7722937993808334E14    1.9011126553182612E14    2.0242122120417538E14    2.1505144352648894E14    2.2666007631348247E14    2.3618135556942644E14
0.09739780219780217       0.020993877551020418     1.0213466442483423E14    2.1491988330334888E14    3.0951381596810106E14    3.910884143568071E14     4.6295112328372494E14    5.2806139142580794E14    5.880548757862215E14     6.428515486536605E14     6.942479730185224E14     7.421613094095959E14     7.872566791298025E14     8.300681702102095E14     8.721635877335165E14     9.118426097709004E14     9.4502976432783E14
0.09442124542124537       0.021944217687074836     2.6842360223605375E14    5.013965899649773E14     6.892641496676589E14     8.474335787507471E14     9.842604904006091E14     1.107374935982814E15     1.2201693678184528E15    1.3226035072559998E15    1.4185115728753895E15    1.5076498292357108E15    1.591485774787418E15     1.6709941987642578E15    1.7482870477972092E15    1.821441971855873E15     1.8824545538168405E15
0.09065677655677652       0.022808163265306134     4.518371630107378E14     7.986865459600225E14     1.0745798451759734E15    1.3057315255922958E15    1.5060287690964798E15    1.6868124031462032E15    1.852340362082402E15     2.0025944976731712E15    2.1433048658259098E15    2.273949456679162E15     2.396850946527579E15     2.513421772033626E15     2.626407359655688E15     2.733478949808197E15     2.822824810712877E15
0.0861043956043956        0.02358571428571429      6.423432333059386E14     1.1110028040127944E15    1.4820769972335585E15    1.7925535398896762E15    2.0617693636021348E15    2.305013606481503E15     2.527733069708087E15     2.729928762874793E15     2.919282128957378E15     3.0950240040392585E15    3.260409796454077E15     3.4173078346243845E15    3.5690336365210805E15    3.7129858281264105E15    3.833184179431034E15
0.08076410256410256       0.02427687074829932      8.322268630129214E14     1.4252633970369482E15    1.8939344802102045E15    2.2860267659602075E15    2.6262892630482935E15    2.9339390960906835E15    3.215674384624953E15     3.471580703293686E15     3.711279522276366E15     3.9337370588731955E15    4.143189469408587E15     4.341958869530573E15     4.533798481708695E15     4.716032683117754E15     4.868335845217454E15
0.07463589743589742       0.024881632653061224     9.968709186958844E14     1.701955380562294E15     2.259440365346078E15     2.7263506835021475E15    3.132052965002523E15     3.499175613589033E15     3.8355153921642925E15    4.1413090849164715E15    4.4278418013531635E15    4.693833654233499E15     4.944437617549711E15     5.182368844454336E15     5.411591799701896E15     5.62963362512878E15      5.812082874578168E15
0.06929560439560441       0.02540000000000001      1.0656824020571915E15    1.824417046645722E15     2.425719003735771E15     2.9303612398207075E15    3.369548182241538E15     3.767356988874418E15     4.1320426560959565E15    4.4639932739759815E15    4.775183690302166E15     5.064203695226002E15     5.336677321377251E15     5.595487581518898E15     5.844502831024658E15     6.081649637576434E15     6.280315374972606E15
0.06474322344322345       0.0259953125             1.0231361648012959E15    1.7666680156611628E15    2.3582809407230815E15    2.856233205485895E15     3.2904605126582295E15    3.684239416971802E15     4.045537402105023E15     4.374832735374684E15     4.683704456623348E15     4.970749799678765E15     5.241530291906437E15     5.498830228909259E15     5.746155196077168E15     5.981912113878406E15     6.179616049517898E15
0.06097875457875458       0.0271859375             8.188667780973204E14     1.4451187853965342E15    1.9471339624463075E15    2.371426520449142E15     2.742334925386763E15     3.079159753727878E15     3.3885172788300495E15    3.670823084638969E15     3.9357659138174235E15    4.182163748744973E15     4.414736314887626E15     4.635758718265541E15     4.84801473767827E15      5.050398760060967E15     5.22021127385017E15
0.058002197802197814      0.02897187500000001      4.207612952025958E14     8.13127181140094E14      1.135264568517689E15     1.40973243220996E15      1.6506806740192578E15    1.869930653833885E15     2.0716081986646698E15    2.255813064137043E15     2.4287486048521975E15    2.5897708685765055E15    2.7418820231605015E15    2.8864358342224845E15    3.024890855261188E15     3.1566076345730835E15    3.267043861784985E15
0.05581355311355313       0.031353124999999996     6.55635265262532E13      1.5998564140377703E14    2.4824295767345628E14    3.275437075564667E14     3.996319794432502E14     4.6600721897006444E14    5.269873763430882E14     5.831805732553426E14     6.362051245062059E14     6.858351256861376E14     7.328874959047558E14     7.771356117281779E14     8.173833912573028E14     8.542642178297665E14     8.848257457115461E14
0.09958644688644686       0.018834013605442183     1.7155077757914229E13    4.041161744867627E13     6.272510505976995E13     8.314870125583714E13     1.0186022076854277E14    1.1953169814477367E14    1.3623852941863188E14    1.517886825804511E14     1.6628917540844112E14    1.801033958377242E14     1.932325318960644E14     2.0577559930127756E14    2.1866319146738394E14    2.304078842853832E14     2.4007480772954822E14
0.09739780219780216       0.01995714285714286      1.0389481953639195E14    2.1852673472992688E14    3.142172011210216E14     3.9743792528456594E14    4.7083000761400525E14    5.3675423226221625E14    5.975973054148891E14     6.531954813844318E14     7.051996771314314E14     7.538339726142231E14     7.997872524629825E14     8.434068732305996E14     8.862929605513148E14     9.266588051712919E14     9.604136648788286E14
0.09442124542124541       0.020993877551020414     2.7257974606801475E14    5.0922324344392844E14    6.989506393587505E14     8.602815344167312E14     9.998111659248904E14     1.1242229612823045E15    1.238414727825167E15     1.3422840540412268E15    1.4393484327672762E15    1.5297489491447848E15    1.6151190464329378E15    1.6960575001785032E15    1.7746832975679472E15    1.849025569917554E15     1.9110005800487398E15
0.09065677655677656       0.021944217687074843     4.584869319553323E14     8.108336443555969E14     1.089387320091685E15     1.325289218857825E15     1.52978783180192E15      1.7125044753607542E15    1.8801030640795508E15    2.0325146085371368E15    2.174942054407702E15     2.3074735984906135E15    2.4326785513889585E15    2.5513917902344425E15    2.666355250894693E15     2.775193833734734E15     2.8659790543821645E15
0.08610439560439559       0.022808163265306134     6.518443483748474E14     1.1281761607008295E15    1.5029901384192555E15    1.8200591142448195E15    2.0951326966245255E15    2.341112057593266E15     2.5667316857426995E15    2.7719394806774215E15    2.963697424257824E15     3.1420681266763795E15    3.310645763548282E15     3.470512643466304E15     3.6249651883646975E15    3.771366923138068E15     3.893562036912662E15
0.08076410256410252       0.02358571428571429      8.451218172069645E14     1.4484264972199032E15    1.9222197622667535E15    2.3230156565168285E15    2.671011635291016E15     2.9823870766821525E15    3.2680331020251015E15    3.5279719493451885E15    3.7709163153241395E15    3.9968859244214065E15    4.2105585111541155E15    4.413257378204503E15     4.608697729971071E15     4.794183991764577E15     4.94914431224319E15
0.07463589743589744       0.024276870748299324     1.014037577871191E15     1.7325152395677878E15    2.2969795393836325E15    2.7749965773997625E15    3.1905597210712015E15    3.562705390314629E15     3.904238061329517E15     4.2153243427704E15       4.506181590811058E15     4.77678058754874E15      5.032816050848068E15     5.27581596978126E15      5.509687748692463E15     5.731958140481551E15     5.917875046132949E15
0.0692956043956044        0.024881632653061227     1.086573441278942E15     1.8612582849690238E15    2.471299469809959E15     2.9889221073572755E15    3.4396382407345895E15    3.8437023274465215E15    4.214758631691155E15     4.553124504913181E15     4.869647915756422E15     5.164257784998893E15     5.443178931143756E15     5.70802296656933E15      5.962589490178395E15     6.204822321820953E15     6.407675833910071E15
0.06474322344322345       0.02540000000000001      1.0556532872650559E15    1.822710137538131E15     2.429225577809062E15     2.9452757236984845E15    3.395536779225183E15     3.7997513551092785E15    4.1712538309372805E15    4.510470178083551E15     4.827982017823356E15     5.123691114132091E15     5.403809268037716E15     5.669899321481761E15     5.925421110415083E15     6.168807753149711E15     6.37284878785968E15
0.06097875457875458       0.02599531250000001      9.019165747773708E14     1.585736499098735E15     2.1302442428193635E15    2.5953164172058705E15    3.0021363820152085E15    3.367966005920763E15     3.7045312191065985E15    4.012286662233107E15     4.3005507858435665E15    4.569218815220503E15     4.823840618764982E15     5.065755990417688E15     5.297876776143455E15     5.519119088541145E15     5.704760769914886E15
0.05800219780219782       0.02718593750000001      5.502730490780755E14     1.0356189896936924E15    1.4278372227313318E15    1.7648465612135525E15    2.0607609250622608E15    2.3275117604571285E15    2.5732162248726265E15    2.7981681049244055E15    3.009048989819284E15     3.2057398272673815E15    3.3922143294764715E15    3.5692190955532985E15    3.738846938542023E15     3.900484764443311E15     4.0361615334240325E15
0.05581355311355309       0.02897187500000001      1.0235656669441373E14    2.4280091175958884E14    3.698748007906142E14     4.8424793353082956E14    5.86353815964059E14      6.791153523267616E14     7.649242528298344E14     8.443245405302488E14     9.19139876133787E14      9.892967665322802E14     1.0559413655761789E15    1.1169705029248421E15    1.1735594492971425E15    1.22696131307449E15      1.27164742668073E15
0.09958644688644684       0.017624489795918373     1.7335741454139484E13    4.076604595580782E13     6.331647981879427E13     8.381783970323573E13     1.0261616527481792E14    1.2047046029279277E14    1.3733577498280538E14    1.5299353172364312E14    1.6762677547485203E14    1.8156056793349522E14    1.9475590825001747E14    2.073615771192205E14     2.2033600690165553E14    2.3210462736328556E14    2.4181582889789528E14
0.09739780219780216       0.01883401360544218      1.0532995193076898E14    2.2079635869510766E14    3.1760930262800294E14    4.010460102531793E14     4.745936552241635E14     5.4120679925543125E14    6.026131798022299E14     6.585431367397951E14     7.109846700704606E14     7.599806915539129E14     8.061071613429714E14     8.499097640984672E14     8.930450783576819E14     9.336573033840524E14     9.67623363938581E14
0.0944212454212454        0.019957142857142857     2.7607194130080397E14    5.142298036520931E14     7.061152828785579E14     8.67634220994973E14      1.0070977613252E15       1.132732209232008E15     1.2478798011300955E15    1.3524309475561542E15    1.4503498639380652E15    1.541360432868367E15     1.6269558138259702E15    1.7081423020129535E15    1.7871075809240982E15    1.8618225009945068E15    1.924138327319481E15
0.09065677655677652       0.02099387755102041      4.642445306743631E14     8.188511499714581E14     1.1007380104685936E15    1.336929392436153E15     1.5415152205873722E15    1.7261754193594275E15    1.8952844256120528E15    2.0488073345389608E15    2.192590949145163E15     2.326112049958812E15     2.4517177480500345E15    2.570860866195532E15     2.686377205769546E15     2.7958288588072395E15    2.887170644405888E15
0.08610439560439559       0.021944217687074836     6.603883109372501E14     1.14009728828265E15      1.5197791909524518E15    1.837455364173264E15     2.1128924632148288E15    2.3617559539844835E15    2.589631166607677E15     2.7965324317593875E15    2.990309990214981E15     3.1701813200434155E15    3.339449332758439E15     3.5000395298049515E15    3.65536658726846E15      3.8027302431825185E15    3.9257897171261355E15
0.08076410256410252       0.022808163265306127     8.572705337636125E14     1.4656339710582075E15    1.946268048913785E15     2.3483596866328615E15    2.69730125193057E15      3.0127951744188135E15    3.301720073724127E15     3.564188073177427E15     3.810053750244173E15     4.038256278814122E15     4.253115771566202E15     4.4570284933169325E15    4.653852921608711E15     4.840831697214119E15     4.997119950526237E15
0.07463589743589742       0.023585714285714286     1.0312328650565951E15    1.7575221368192405E15    2.331582806986903E15     2.8123666030086295E15    3.230141795949051E15     3.608192452242185E15     3.9545515609445895E15    4.269495891196234E15     4.564630118300653E15     4.838628225546602E15     5.096775932813804E15     5.341886887090865E15     5.578036686486566E15     5.8026971116201E15       5.990715022448838E15
0.06929560439560438       0.024276870748299314     1.109051696181659E15     1.8949096402012562E15    2.5175155274911575E15    3.0400494872527425E15    3.4948522809236615E15    3.906825485066424E15     4.2845126658158135E15    4.628352233385416E15     4.950723166008275E15     5.250149549641138E15     5.532437556497563E15     5.800594155687957E15     6.058603940964938E15     6.304365738766154E15     6.510290596314807E15
0.06474322344322345       0.024881632653061224     1.0831592335997385E15    1.865129101416156E15     2.487176752883776E15     3.0107954784279095E15    3.4674767327349105E15    3.881650484549284E15     4.2616851161086995E15    4.608132912421051E15     4.933134186450561E15     5.235197080360927E15     5.520147406821593E15     5.790942511472136E15     6.051237718549277E15     6.299429625098134E15     6.507619659184223E15
0.06097875457875458       0.02540000000000001      9.451247963557999E14     1.6552160166937628E15    2.2237145340577692E15    2.7041704771606605E15    3.1242830210608625E15    3.505815178979018E15     3.856279408390165E15     4.1762608565261555E15    4.476630430361408E15     4.756010889560069E15     5.019715687704617E15     5.270385450010284E15     5.51114957339878E15      5.740897913631995E15     5.933807763696291E15
0.05800219780219782       0.025995312500000006     6.589469571697312E14     1.2127532348228578E15    1.6609443402477715E15    2.041895291365437E15     2.376183390800736E15     2.680300726837402E15     2.9600439689371755E15    3.215868192029111E15     3.456213805294173E15     3.6799651233624305E15    3.89130441797191E15      4.0921495495301245E15    4.284839034823495E15     4.4687755723747305E15    4.623335897890713E15
0.05581355311355309       0.02718593750000001      1.6738124591490406E14    3.7851568791239575E14    5.652658347243129E14     7.298809513243915E14     8.762121950120206E14     1.0103589041447892E15    1.1344830457468315E15    1.2489885687633265E15    1.3568797353604535E15    1.4579307989299245E15    1.553607836789676E15     1.6439102567827718E15    1.7290970547233395E15    1.8097189552422485E15    1.8773153906282998E15
0.09958644688644684       0.01632857142857143      1.7518189595680822E13    4.124593755171966E13     6.397803145499986E13     8.47936423788029E13      1.0392436033706448E14    1.2195023464841348E14    1.3899652489569194E14    1.5482306630124028E14    1.696050905492084E14     1.8371077586300972E14    1.9710019679394497E14    2.0988578265705116E14    2.2303670211449022E14    2.349316186214402E14     2.4473937034493084E14
0.09739780219780213       0.017624489795918363     1.0681625990973514E14    2.2386560700547988E14    3.21542614271067E14      4.0644285183599556E14    4.8134967929931E14       5.4862134311425375E14    6.107326732030684E14     6.672772234041095E14     7.202605646874518E14     7.698831243893679E14     8.167716884390366E14     8.61287658645434E14      9.05112507835685E14      9.463290021008018E14     9.807744068065038E14
0.09442124542124539       0.018834013605442183     2.799087227936427E14     5.214698396149042E14     7.14980152493852E14      8.794965253148939E14     1.0215240805106188E15    1.1483209439257988E15    1.2647396189564152E15    1.370617184664829E15     1.4695718718648322E15    1.5617460194421265E15    1.6487934183424608E15    1.7313315825312902E15    1.8115533598762615E15    1.8873760945256092E15    1.95059468818395E15
0.09065677655677654       0.019957142857142857     4.708183532280063E14     8.308300681070394E14     1.1152585664042965E15    1.3561597332745138E15    1.5649085439539925E15    1.7514360533373958E15    1.9225632013821665E15    2.0782017283301448E15    2.2236564863836108E15    2.359032392587211E15     2.4869214903957E15       2.6081870876311975E15    2.72566043068168E15      2.8368577409792535E15    2.9296191810383115E15
0.0861043956043956        0.020993877551020404     6.703748472020034E14     1.1580058965005442E15    1.5415553162352618E15    1.8660232639696648E15    2.147495846112459E15     2.3991920370164345E15    2.630071045253643E15     2.8400910290656575E15    3.036366070453161E15     3.218963458580058E15     3.391534035849492E15     3.5551970322236875E15    3.713349177344325E15     3.863253143342021E15     3.988384708049688E15
0.08076410256410252       0.021944217687074833     8.716837309797298E14     1.491198497931284E15     1.9775651692406942E15    2.3890130050797495E15    2.746267754494025E15     3.0659202379495005E15    3.3591739987762315E15    3.626075674636254E15     3.875551905875456E15     4.1076232853820575E15    4.3270670677714395E15    4.535252958192054E15     4.736006059923474E15     4.926546289850636E15     5.085751077171441E15
0.07463589743589741       0.022808163265306124     1.0518077934977534E15    1.793648495848414E15     2.3762924643320475E15    2.8697438128735575E15    3.298760215772809E15     3.682949484476584E15     4.0355551410849015E15    4.3567827827532565E15    4.657153315109317E15     4.936630868224371E15     5.201072372052211E15     5.452067353985936E15     5.693642843292652E15     5.923268703792821E15     6.11537330685911E15
0.06929560439560438       0.02358571428571429      1.1361675377405602E15    1.9421374193809618E15    2.576639450810915E15     3.1150901984818575E15    3.5840012666673045E15    4.0043765188413595E15    4.3904385433494635E15    4.742558656467232E15     5.071983914850715E15     5.378630957432366E15     5.668956946492218E15     5.944651885333873E15     6.209645072815959E15     6.461852884552129E15     6.673107956046006E15
0.06474322344322345       0.02427687074829932      1.1166905987151798E15    1.9231424363048688E15    2.5605908019125845E15    3.103031409587567E15     3.5763810778542805E15    4.0013190410437515E15    4.391897485922554E15     4.748613926807648E15     5.082539958474992E15     5.393561235377499E15     5.688193990245873E15     5.96809965720738E15      6.236881172812114E15     6.492969157836898E15     6.707717579634751E15
0.06097875457875458       0.024881632653061227     9.84273689951254E14      1.7223706384576155E15    2.3093568105955635E15    2.8106364949310925E15    3.2491966400414845E15    3.6435730168363235E15    4.0064460173642885E15    4.338353434628375E15     4.649274601290856E15     4.939076559730349E15     5.21375318488304E15      5.474781799788564E15     5.725243904912252E15     5.964079488838083E15     6.164567051845355E15
0.058002197802197814      0.02540000000000001      7.195067793715756E14     1.312811566876842E15     1.7895490133400592E15    2.198833974662781E15     2.558214323968102E15     2.882157342338266E15     3.1806201330699195E15    3.4540956833281375E15    3.7105258864241505E15    3.9498044057998835E15    4.1767123696707175E15    4.392329527726893E15     4.59899355418531E15      4.796140576980583E15     4.961763455559967E15
0.055813553113553085      0.02599531250000001      2.710598274965128E14     5.84586371556513E14      8.533781403617428E14     1.0900560512049215E15    1.3004275734166238E15    1.4918117297408205E15    1.6689931981415962E15    1.8323100251915985E15    1.985833232757447E15     2.129448188083703E15     2.265693860466169E15     2.3950544517299635E15    2.518836323816297E15     2.6367375825014485E15    2.735888286241697E15
0.09958644688644686       0.014946258503401364     1.7613525316048344E13    4.1391473375035195E13    6.4245451130308445E13    8.502006326765633E13     1.0412956832351878E14    1.2223844503507277E14    1.3934934153425417E14    1.552010572712879E14     1.7003718872862588E14    1.841834063351384E14     1.9756725597802138E14    2.1034526970999203E14    2.2349311343073103E14    2.3538773570582262E14    2.451775214333277E14
0.09739780219780216       0.016328571428571425     1.0782214818683973E14    2.2529066486572675E14    3.237476319368676E14     4.085693610045972E14     4.833548238751135E14     5.5107750975244344E14    6.135251649637605E14     6.701959154984488E14     7.234631008901121E14     7.732790927599349E14     8.201747228333022E14     8.647127735969815E14     9.086178277189122E14     9.499324815672104E14     9.844602566973701E14
0.09442124542124539       0.01762448979591836      2.82753142657789E14      5.252955122468415E14     7.205619762085679E14     8.848972089544616E14     1.0265538971817894E15    1.1543169968157185E15    1.2714450861436248E15    1.3777785166959758E15    1.477367817492198E15     1.5699538852081958E15    1.6570327243566558E15    1.7396346338649702E15    1.820017067869576E15     1.8960421664743555E15    1.9594635541307628E15
0.09065677655677654       0.01883401360544218      4.7601955448803225E14    8.378265108568445E14     1.1252538899617292E15    1.366105309847379E15     1.5746382755406638E15    1.762883619304157E15     1.9353043109871425E15    2.0918475596409672E15    2.2384752498895712E15    2.374660108948443E15     2.5027662495986295E15    2.624288424642266E15     2.7421481578585565E15    2.8538046583115245E15    2.9469943288321115E15
0.08610439560439559       0.019957142857142854     6.787609373103251E14     1.1695292277932355E15    1.5578018839140075E15    1.8826648730473115E15    2.1643085590022865E15    2.4187761115161635E15    2.651796071039885E15     2.8633954638414565E15    3.061594298344949E15     3.245591283329153E15     3.4187372737243085E15    3.5830160924345605E15    3.7419424333480705E15    3.8927168302979045E15    4.018638581982111E15
0.08076410256410256       0.020993877551020407     8.845107864270936E14     1.5093307396418558E15    2.0027927481858268E15    2.41561196869707E15      2.77386697019015E15      3.097775977452969E15     3.3944164765546565E15    3.663930778413944E15     3.916422106567037E15     4.1507975432865055E15    4.3714656827482505E15    4.58090372131127E15      4.783083475721057E15     4.97516219636618E15      5.135736119569743E15
0.07463589743589745       0.02194421768707483      1.0712956941583382E15    1.8221507980701265E15    2.4154048728584505E15    2.912263631892528E15     3.344029945933126E15     3.7347370179310155E15    4.0927011140697705E15    4.4182481466083675E15    4.723350468421423E15     5.006625421051992E15     5.273511916021099E15     5.526938442620303E15     5.771107740682951E15     6.003433168855063E15     6.197901937741709E15
0.06929560439560438       0.022808163265306127     1.1634663832181018E15    1.9832871179969922E15    2.6325222625867965E15    3.1774094590531065E15    3.651705127263994E15     4.081336095778899E15     4.4752237959398135E15    4.833875593362498E15     5.170172155917006E15     5.482553741662147E15     5.777056151879372E15     6.056840837234702E15     6.326034840939884E15     6.582509067543942E15     6.79746016820907E15
0.06474322344322345       0.023585714285714286     1.1526017627278108E15    1.978704066801172E15     2.635459442561234E15     3.1882815730986065E15    3.670485042855542E15     4.1078189049621325E15    4.509126970334417E15     4.875047533859063E15     5.218359537306376E15     5.537460963416255E15     5.838490504495974E15     6.124602723586155E15     6.399614224161116E15     6.66192233771628E15      6.882018840235397E15
0.06097875457875458       0.024276870748299324     1.0291759523887329E15    1.7932025795934698E15    2.4041716790120895E15    2.920479074568939E15     3.3720235317631835E15    3.7821482150321075E15    4.1589137268284785E15    4.5029992163167995E15    4.826040047705811E15     5.126541901947568E15     5.41020175319692E15      5.679897413333424E15     5.938938027567871E15     6.186229766445196E15     6.393943353871329E15
0.058002197802197814      0.02488163265306123      7.747574785842684E14     1.4011838872228008E15    1.9074048212367368E15    2.337850796257981E15     2.715666057521052E15     3.059404474667375E15     3.3755955088161065E15    3.664936811302821E15     3.9368192458517185E15    4.1900051969970105E15    4.42910358204084E15      4.656455687814677E15     4.874671285784115E15     5.083097349104081E15     5.258315412476886E15
0.05581355311355309       0.02540000000000001      3.4895664674152244E14    7.289802564066341E14     1.0514438370829641E15    1.3313147246021452E15    1.579466011042103E15     1.8064961625240762E15    2.0162484039382535E15    2.2091754592248145E15    2.3908093886840475E15    2.56018557694729E15      2.7202387695551375E15    2.872510265379344E15     3.01889471168439E15      3.158873024079491E15     3.2767848808130705E15
0.09958644688644684       -0.03631406249999997     5.504498951116506E11     1.150820228421113E12     1.6937226558466304E12    2.193879831681559E12     2.657015877313226E12     3.087056760067625E12     3.495719783095729E12     3.880581550124781E12     4.2500748121462627E12    4.602831224591477E12     4.944620345145654E12     5.2748600223344795E12    5.597024582915529E12     5.909909082177669E12     6.17661058781684E12
0.09958644688644684       0.013477551020408159     1.76850242839153E13      4.1598437407166484E13    6.4484132609202516E13    8.543086127023216E13     1.0471948609362469E14    1.2287063010601845E14    1.400393191559106E14     1.559573425549718E14     1.7084029487951684E14    1.8505439843130788E14    1.9853729008141784E14    2.114041684713066E14     2.2463131355785434E14    2.365983874684268E14     2.4641555640837497E14
0.09739780219780216       0.01494625850340136      1.0872043485826373E14    2.272242841888453E14     3.260802497094706E14     4.119832655417722E14     4.877756013027895E14     5.558416541059651E14     6.186942710239986E14     6.757584150619505E14     7.293430975879531E14     7.795608959602778E14     8.27005762412571E14      8.720521797396851E14     9.164323381391818E14     9.581583886452204E14     9.930034946251298E14
0.09442124542124537       0.016328571428571425     2.856244782645152E14     5.3084338707975275E14    7.271411060743678E14     8.940022448599261E14     1.0378501070950922E15    1.16640728913791E15      1.2844659481787292E15    1.3918166952217172E15    1.4921537242875105E15    1.585640131595909E15     1.6739272158703825E15    1.7576479099226775E15    1.8390562751496445E15    1.9159706823526588E15    1.9801115350211482E15
0.09065677655677652       0.01762448979591837      4.815997324403748E14     8.48111840387299E14      1.1374913028315758E15    1.382606000798986E15     1.5949209170059982E15    1.78466051136113E15      1.958761143775941E15     2.1171162399312652E15    2.2651281472828965E15    2.402904166469712E15     2.5330562496170115E15    2.6564747026582115E15    2.776067977346712E15     2.889258154297651E15     2.9836886383460495E15
0.08610439560439562       0.01883401360544218      6.880413355336566E14     1.1862175715761608E15    1.5778822455757635E15    1.9092217224031798E15    2.196632559570654E15     2.4536305976747085E15    2.6893888820890495E15    2.9038756301952955E15    3.104346246512125E15     3.2908701781746955E15    3.4671484901080935E15    3.6343369307647805E15    3.795926435921385E15     3.9490852360121875E15    4.076947067617093E15
0.08076410256410252       0.019957142857142857     8.989527334551839E14     1.5348533763740222E15    2.0338807890295768E15    2.4560451187571255E15    2.8226097702084755E15    3.1505778262438905E15    3.451472653621467E15     3.725368738395493E15     3.981409201894498E15     4.2196121891483425E15    4.444852312994049E15     4.658549500022236E15     4.864639150044787E15     5.060258182291983E15     5.223728909930328E15
0.07463589743589744       0.020993877551020414     1.0934578930405458E15    1.8607259357649225E15    2.463071593155142E15     2.97322514044031E15      3.4167868263556725E15    3.8139832480264145E15    4.1785410844479995E15    4.510713202390798E15     4.821352423028813E15     5.110409149836373E15     5.383915693947632E15     5.643532557430848E15     5.893414217301586E15     6.130974073179181E15     6.329753507123044E15
0.06929560439560438       0.02194421768707483      1.1948792373467068E15    2.0373655040579075E15    2.700275208831628E15     3.2628703720785175E15    3.7528528959277275E15    4.1921023280023775E15    4.595520724996472E15     4.963547174289025E15     5.307896982511017E15     5.628461009536205E15     5.931968699022189E15     6.220206718494476E15     6.497251589769221E15     6.760995887127451E15     6.98196892084235E15
0.06474322344322345       0.022808163265306117     1.1946130417406675E15    2.0504376444013418E15    2.7264770809254765E15    3.301822129716152E15     3.803964203173729E15     4.254747585758173E15     4.669122523821858E15     5.047672211530491E15     5.402087002193389E15     5.732219602544605E15     6.04496873452756E15      6.34212323552136E15      6.627460078039533E15     6.899415969820149E15     7.127543521065564E15
0.06097875457875458       0.02358571428571429      1.0830417990798771E15    1.8845548162859572E15    2.5214578307001955E15    3.065470049888974E15     3.5415153028696865E15    3.9696215341765425E15    4.3635771613246565E15    4.724037665173344E15     5.061754914338086E15     5.376566895175733E15     5.674959458864508E15     5.958586927423516E15     6.230741392413001E15     6.49037997862861E15      6.708415266263712E15
0.058002197802197814      0.024276870748299324     8.434843635217585E14     1.5169914749335965E15    2.0575178714181755E15    2.521548845252269E15     2.928967596167868E15     3.296141661950303E15     3.6344271280625825E15    3.944544368838972E15     4.235352096496548E15     4.506645377280073E15     4.763872500085929E15     5.008437487029509E15     5.242943141633085E15     5.466820063802591E15     5.655023361331961E15
0.05581355311355309       0.02488163265306123      4.3116640432410406E14    8.722075911756471E14     1.2381387255607042E15    1.5564013391861435E15    1.8379016646692128E15    2.0928409731046182E15    2.328389403532791E15     2.5450984044629625E15    2.7485522851032915E15    2.9385700022206715E15    3.118837770786385E15     3.290273879119788E15     3.454723816100979E15     3.6119245301078895E15    3.744286550927124E15
0.09958644688644686       -0.03452812499999999     9.610733138699873E11     2.108009421593144E12     3.177229354170018E12     4.164446566388987E12     5.078149935915715E12     5.932234743818811E12     6.742780979866554E12     7.504459396762688E12     8.233995160515599E12     8.921488937230527E12     9.579384966476123E12     1.0214937735726355E13    1.0834860836958553E13    1.1431802657486572E13    1.193521067014825E13
0.09739780219780218       -0.03631406249999998     1.0064471884609875E12    2.2057193956374536E12    3.325835336903985E12     4.353071672419184E12     5.309084651699436E12     6.207671581128976E12     7.05235174165313E12      7.843139079284162E12     8.603745973945938E12     9.328610131700012E12     1.0025067161698107E13    1.0685924057705596E13    1.1323208073560111E13    1.193838669573297E13     1.2461247372415588E13
0.09958644688644686       0.011922448979591835     1.7642857943315906E13    4.14071632081793E13      6.4231852916609695E13    8.49763387682455E13      1.0405410000661645E14    1.2213099883415045E14    1.3920988369646364E14    1.5503627659702512E14    1.6984835466989675E14    1.8397557233814484E14    1.9733848336225144E14    2.1009100324307688E14    2.2321489370225038E14    2.3510098233287822E14    2.4483368802773128E14
0.09739780219780213       0.01347755102040816      1.0896030410299688E14    2.27180217353309E14      3.2622456163852656E14    4.115427086685031E14     4.867605615363844E14     5.548680794453317E14     6.176706017663215E14     6.745903509618071E14     7.28153520202851E14      7.782647994242066E14     8.254330724384869E14     8.702298230237234E14     9.144094689616376E14     9.559768647598252E14     9.906952505619632E14
0.0944212454212454        0.014946258503401363     2.8711881962022256E14    5.32296991985575E14      7.295596254656259E14     8.955528088549579E14     1.0384851919188355E15    1.1674978354192025E15    1.2857881141920302E15    1.3931584174396045E15    1.493729949172464E15     1.587248950119945E15     1.6752035200742295E15    1.7586415039763158E15    1.8398680179470448E15    1.916667308775462E15     1.9807459214254542E15
0.09065677655677654       0.016328571428571432     4.852305515818081E14     8.52408780314948E14      1.1439323121538175E15    1.3882260075557435E15    1.5996605327926628E15    1.7905494222795965E15    1.9654111392776298E15    2.1241813914910692E15    2.272911095520194E15     2.411064664559228E15     2.541016781355549E15     2.664296309199356E15     2.7838903302641385E15    2.8971798125372225E15    2.9917394827305145E15
0.0861043956043956        0.017624489795918376     6.949263449192069E14     1.1951318156464115E15    1.5906919601867378E15    1.9216460183423678E15    2.2085436816818982E15    2.467749916717058E15     2.705120964236161E15     2.9206970245526E15       3.1226408092436775E15    3.310133909431487E15     3.4865629537826065E15    3.653964850553805E15     3.8159405578955695E15    3.9696069695076E15       4.097957508606172E15
0.08076410256410252       0.01883401360544218      9.107539605202688E14     1.5510835690594422E15    2.0565799104109158E15    2.4794523024949325E15    2.8464290576660805E15    3.1782092586818525E15    3.482065040132274E15     3.758171208832278E15     4.0168651143093025E15    4.25701778929568E15      4.4831182390113045E15    4.6977236352949E15       4.904912376416013E15     5.101764989195444E15     5.266352362076054E15
0.07463589743589744       0.019957142857142857     1.11316306824419E15      1.8892312535530335E15    2.5021092674671075E15    3.0153866527806715E15    3.461433685008437E15     3.8650453518671765E15    4.234838916734415E15     4.571195250685963E15     4.886464265955934E15     5.179195720369466E15     5.454985210085764E15     5.716882864623591E15     5.969220813678828E15     6.20935889983515E15      6.410404861017961E15
0.0692956043956044        0.02099387755102041      1.2248938284129808E15    2.0824710611879495E15    2.7612029124575665E15    3.3308377293959855E15    3.8267079120372745E15    4.275866969216969E15     4.68767084734379E15      5.062706868450336E15     5.414412637124233E15     5.741122443199682E15     6.049129076619192E15     6.341768963838267E15     6.623324768286533E15     6.891646709713122E15     7.116583430130879E15
0.06474322344322345       0.02194421768707483      1.2373921286199522E15    2.1166567965825785E15    2.8151742395832885E15    3.403152023968778E15     3.916077789630944E15     4.3812788533475695E15    4.808183775477691E15     5.197537106765423E15     5.56288721036262E15      5.90248620486192E15      6.222851883051674E15     6.52738102227881E15      6.820081616987911E15     7.099362036817764E15     7.333774460894429E15
0.06097875457875458       0.02280816326530613      1.1412870380621438E15    1.9768489500065625E15    2.6443347794233365E15    3.208353367510078E15     3.7016593675463E15       4.1497418583541555E15    4.561399810263248E15     4.937467604915123E15     5.290583034228391E15     5.619068202520481E15     5.929143986852867E15     6.224019581325932E15     6.507237707604096E15     6.777740900004127E15     7.005045037207216E15
0.058002197802197814      0.02358571428571429      9.221291912419726E14     1.6427176018639995E15    2.222994281548446E15     2.7157916161318345E15    3.1482607995687325E15    3.541680024100463E15     3.9036056429572265E15    4.234888382691475E15     4.546189930269311E15     4.836049310996813E15     5.10981955793011E15      5.370267813648252E15     5.62028478260556E15      5.859262520137592E15     6.060290204034326E15
0.05581355311355309       0.024276870748299324     5.382265584806469E14     1.0461415666974936E15    1.4635423430106822E15    1.8217361400029542E15    2.1379445845138112E15    2.4265921307334375E15    2.6927968267088485E15    2.9372894315131855E15    3.1672275569169175E15    3.3818062948608805E15    3.584667960394206E15     3.777748839518476E15     3.9631681361722895E15    4.1405681113303605E15    4.2899136608577725E15
0.054412820512820516      0.024881632653061234     8.407142644328653E13     1.8972727232212912E14    2.886022523005971E14     3.78958550258785E14      4.615671543007196E14     5.38606281680611E14      6.106714554285916E14     6.779346623040941E14     7.418434017666008E14     8.02509648785832E14      8.600365650035075E14     9.148723298086321E14     9.676779015515802E14     1.0178688499594931E15    1.0602552118727814E15
0.09958644688644684       -0.03214687499999999     1.6414144742592432E12    3.7421491606033496E12    5.730495773796376E12     7.581943572139484E12     9.293107946299748E12     1.0883302490200494E13    1.2371716317523934E13    1.3766311161696867E13    1.5096555464402432E13    1.6338579151811E13       1.7523611783314955E13    1.8650906159762418E13    1.9742311935162844E13    2.0790917477740047E13    2.166818207109144E13
0.0973978021978022        -0.034528124999999986    2.274022500648027E12     5.3594961658022E12       8.275205060191224E12     1.0967055596766574E13    1.3439250177421432E13    1.5713928868713281E13    1.7848441888665562E13    1.9814522472359203E13    2.1671777596790023E13    2.341907523378489E13     2.5084875068766207E13    2.666569841517581E13     2.8182627461852176E13    2.9623986418257727E13    3.0827887525321867E13
0.0944212454212454        -0.036314062499999994    1.7665319906560068E12    4.016870605127007E12     6.147896623536218E12     8.132672669636807E12     9.957374709949277E12     1.1654605911237348E13    1.3244628885457389E13    1.4734552219840873E13    1.6150101420720943E13    1.747766063899479E13     1.8752137302213555E13    1.9972503708156594E13    2.115168795876595E13     2.2274466776753863E13    2.3221523071557348E13
0.09958644688644686       0.010453741496598641     1.7565991756150863E13    4.125430231055214E13     6.391787601113149E13     8.466197752945064E13     1.0371773708744438E14    1.2167265359915769E14    1.3865015323970938E14    1.5441842364372072E14    1.6914703221653334E14    1.8320802390515875E14    1.9654825737597628E14    2.0927773668177044E14    2.2237883052411175E14    2.342461550605288E14     2.4394750801139494E14
0.09739780219780217       0.011922448979591839     1.0891064327564238E14    2.2730747909744097E14    3.26027275868206E14      4.1180142793671894E14    4.8747885661169225E14    5.5543580265107806E14    6.181893106170068E14     6.751755636361739E14     7.286850096904189E14     7.78835393533577E14      8.262105959855948E14     8.711888792566105E14     9.155085456482888E14     9.57174934951518E14      9.919597947897529E14
0.09442124542124539       0.01347755102040816      2.8825410484415456E14    5.3483456976325194E14    7.321166653593902E14     8.997980952136465E14     1.0442708913898776E15    1.173438555330684E15     1.2920682423194512E15    1.3999285956118638E15    1.5007550980994182E15    1.594709946258834E15     1.6834353599895658E15    1.7675749885305165E15    1.8494107059885445E15    1.9267142094730655E15    1.9911868363842022E15
0.09065677655677654       0.014946258503401363     4.886735585424176E14     8.59102748618115E14      1.1514131885484662E15    1.3990188005998238E15    1.6134332904917438E15    1.8050658631622328E15    1.9809189030188838E15    2.1408794000801022E15    2.290406390599008E15     2.429606810868258E15     2.561098670912833E15     2.6857924914372615E15    2.806645095845889E15     2.9210207630193215E15    3.0164450519888535E15
0.08610439560439562       0.016328571428571425     7.01943682293049E14      1.2080403695650072E15    1.6057398139353758E15    1.942182621491731E15     2.2339989415492392E15    2.4949230668268515E15    2.7342951664947285E15    2.952093975423966E15     3.15568099721201E15      3.3451224123039635E15    3.5241514857790005E15    3.6939558270863585E15    3.8580979831812645E15    4.0136767813693855E15    4.143569475785048E15
0.0807641025641025        0.01762448979591837      9.231803867202079E14     1.5732056358877845E15    2.0830686047066948E15    2.5143909618348E15       2.888905017107891E15     3.223960649292089E15     3.531366138043258E15     3.811224383039089E15     4.072866147235984E15     4.3162991052779825E15    4.546478448229446E15     4.76487202776617E15      4.975509902506168E15     5.175461360641991E15     5.342572137615831E15
0.07463589743589744       0.018834013605442183     1.134262790781506E15     1.9258922056385302E15    2.5469997352168225E15    3.073032670661789E15     3.5304086071094085E15    3.939937420432752E15     4.3158216142791395E15    4.658364695027842E15     4.978739368410253E15     5.276871298124782E15     5.558959365386454E15     5.826737359431002E15     6.084480128111568E15     6.329553825071219E15     6.534655110759904E15
0.06929560439560438       0.019957142857142857     1.2575398255909312E15    2.1382786799532478E15    2.8307842557964265E15    3.418497052909947E15     3.930377831624171E15     4.3892138214360015E15    4.810634112506235E15     5.195155306057486E15     5.554986060865504E15     5.889973602275806E15     6.207134055686051E15     6.508361621576225E15     6.797882370043998E15     7.073576182401751E15     7.304615387523625E15
0.06474322344322345       0.020993877551020418     1.2848225804821442E15    2.1969359408813912E15    2.91678376070842E15      3.5294273029233135E15    4.064162651231408E15     4.544166429785078E15     4.985426136947926E15     5.388634312926132E15     5.76618980355618E15      6.117886520036401E15     6.451065127442627E15     6.767667068959499E15     7.071659897496264E15     7.361503271817987E15     7.604711137565208E15
0.06097875457875458       0.021944217687074836     1.2074238884628658E15    2.087786490705305E15     2.786329416118481E15     3.382955385766463E15     3.9050732292626405E15    4.3745779929274725E15    4.806664575419001E15     5.202138097339486E15     5.572709873305203E15     5.918159807248626E15     6.245603963591076E15     6.556908671668039E15     6.855610676062666E15     7.140717483608668E15     7.380236397552507E15
0.058002197802197814      0.022808163265306124     1.0141586661845968E15    1.794083036644118E15     2.4176626721090995E15    2.952662604877677E15     3.422394757656613E15     3.8456728118903935E15    4.235730621427803E15     4.593401494936798E15     4.928823102722218E15     5.241793073780956E15     5.538602692604873E15     5.820921567544853E15     6.091702402480974E15     6.350389704246989E15     6.567959239076055E15
0.055813553113553106      0.02358571428571429      6.775541642752672E14     1.2741847505985258E15    1.759337419104916E15     2.1787101221690118E15    2.5485931417685575E15    2.8828803107077335E15    3.191501209535387E15     3.4754343402582815E15    3.7419938884839445E15    3.9910492705721885E15    4.227369848947824E15     4.4522993771890115E15    4.668108880532219E15     4.874507500852177E15     5.048304333274359E15
0.054412820512820516      0.024276870748299324     2.2039238409162825E14    4.8482743248515525E14    7.208249936811109E14     9.331465988147512E14     1.1252651229904632E15    1.3018953190808455E15    1.4665592832677035E15    1.6197243983682822E15    1.7647425200071465E15    1.9012866983869605E15    2.0312445707932495E15    2.1551873861122882E15    2.2743522084231425E15    2.388429831074672E15     2.484934965837954E15
0.09958644688644684       -0.029170312499999993    2.659128871133205E12     6.213222607571933E12     9.612903340117162E12     1.2739004688951182E13    1.560700793762561E13     1.8288095283735633E13    2.079704526566052E13     2.3111104354304793E13    2.530896454890944E13     2.7362042872031535E13    2.9316220665748496E13    3.1188739582237117E13    3.3010611014901062E13    3.476379102349647E13     3.623857966912294E13
0.09739780219780218       -0.032146875             4.969179671306901E12     1.2112404713031643E13    1.8852159963468016E13    2.494360413557043E13     3.0442851073555582E13    3.546529868461773E13     4.012215481671013E13     4.441298405830592E13     4.846176122264468E13     5.225146569923579E13     5.5824822248346164E13    5.915592316833208E13     6.232273005712577E13     6.532445199213218E13     6.7821002790117625E13
0.09442124542124539       -0.034528124999999986    5.074734934719848E12     1.2316570955221393E13    1.917364329179532E13     2.5367067951837758E13    3.1001727132063652E13    3.618148570186422E13     4.102214299648534E13     4.542046995240079E13     4.954883669973866E13     5.339372095737976E13     5.701958844741064E13     6.044737557700879E13     6.373608085944692E13     6.685451051012485E13     6.9446677628054836E13
0.09065677655677654       -0.03631406249999997     2.8533399656476353E12    6.616011808081885E12     1.0195658401377783E13    1.3511812372289377E13    1.655131432380531E13     1.936905687703081E13     2.2013417529240184E13    2.4478266890063797E13    2.684087625347921E13     2.9076157856177137E13    3.1214522996200535E13    3.32680707615006E13      3.525729531985882E13     3.714901569110691E13     3.874565774735857E13
0.0995864468864469        0.009071428571428576     1.7393056362234932E13    4.075073728463895E13     6.318937502035363E13     8.357540673511089E13     1.0225410134846481E14    1.1999277937241645E14    1.3674608174761484E14    1.523078930248818E14     1.6685307954098466E14    1.8071101513978406E14    1.938256169144069E14     2.063444273188869E14     2.1924644229770697E14    2.3096152363870512E14    2.405325510951124E14
0.09739780219780218       0.010453741496598641     1.081327378309795E14     2.253465581408679E14     3.234994425801497E14     4.0804076103100056E14    4.825730619950123E14     5.500497237771342E14     6.122688677615309E14     6.6876911933748E14       7.218642600949171E14     7.715247256298785E14     8.182636954415515E14     8.626495199819498E14     9.064167403496945E14     9.475956216936955E14     9.819939871242182E14
0.09442124542124539       0.011922448979591833     2.875978807833334E14     5.325645745275598E14     7.295814358064762E14     8.953565606309214E14     1.0381014312827156E15    1.1669300642436568E15    1.2850508884802342E15    1.3922778090487042E15    1.4927221352770718E15    1.5861260753598108E15    1.6739668020336742E15    1.7572977912203918E15    1.8384257889370058E15    1.9151340233871875E15    1.979139023520677E15
0.09065677655677652       0.01347755102040816      4.8951443423828394E14    8.5870051419538E14       1.151682860366972E15     1.3971927138103445E15    1.6096423407342775E15    1.80144861350729E15      1.977157381495296E15     2.1367074854741928E15    2.286180324422752E15     2.425033267495667E15     2.5556360967468795E15    2.679536324887944E15     2.7997478704080575E15    2.913623387649383E15     3.0086766112212295E15
0.08610439560439562       0.014946258503401363     7.056261406054272E14     1.211572687673955E15     1.6114888956765818E15    1.946069682988096E15     2.236087020605063E15     2.4980948111837805E15    2.738037282164324E15     2.955968086805606E15     3.160137280215027E15     3.3497084124672045E15    3.5280831384518585E15    3.6973366799354925E15    3.8611234867457365E15    4.0165131247041875E15    4.1463131399222555E15
0.0807641025641025        0.01632857142857143      9.316492302241111E14     1.5837653778210758E15    2.0983095964344025E15    2.5287177151911095E15    2.902220108648814E15     3.239871684436905E15     3.5491055432700935E15    3.8301279266887425E15    4.0934544520791915E15    4.337919134884093E15     4.56806717467646E15      4.786522655239538E15     4.997444901569727E15     5.197862008904775E15     5.365448415109443E15
0.07463589743589742       0.01762448979591837      1.1510433333456612E15    1.9492174081274462E15    2.579154916683809E15     3.1066658597127075E15    3.565070845309455E15     3.9798221577470155E15    4.359818165926914E15     4.705495972830368E15     5.029538070606936E15     5.330420333712112E15     5.613873426605206E15     5.883061050285102E15     6.142427444100849E15     6.389294909666941E15     6.596007501438237E15
0.0692956043956044        0.018834013605442176     1.286367344449833E15     2.1807883118420868E15    2.8881077082547305E15    3.4816716725600315E15    3.998368703918035E15     4.466342299336475E15     4.895393082639397E15     5.286196284925491E15     5.652736384369782E15     5.993221506149879E15     6.314197432246744E15     6.619179341735939E15     6.912597632000863E15     7.192297999557057E15     7.426825622153327E15
0.06474322344322345       0.019957142857142854     1.3302083145370802E15    2.266469862787052E15     3.0094853674212805E15    3.634845313940837E15     4.180390442098885E15     4.675133315653364E15     5.129154130978261E15     5.543321103402442E15     5.932012193819166E15     6.293294501298092E15     6.634098910073614E15     6.958088776980119E15     7.269471631761482E15     7.566686701816475E15     7.816225710784187E15
0.06097875457875458       0.020993877551020418     1.2748458891503838E15    2.1935908840722558E15    2.926390752281659E15     3.545472407693942E15     4.0869572143798415E15    4.578793792873516E15     5.030685282745676E15     5.443614399139342E15     5.831398953515682E15     6.19212344167477E15      6.53262507068472E15      6.856492390285218E15     7.167537024934971E15     7.464763716270626E15     7.714618009018882E15
0.058002197802197814      0.021944217687074833     1.112608020412799E15     1.950256097043302E15     2.6230167411965765E15    3.1941013911737815E15    3.69522060563989E15      4.151211583192661E15     4.570773463658886E15     4.954905476628383E15     5.315901729873374E15     5.65202512130419E15      5.969512009737451E15     6.271647121601864E15     6.561702873068855E15     6.839134994811462E15     7.072620566412302E15
0.055813553113553106      0.02280816326530613      8.334127910089201E14     1.5237598307014352E15    2.084188939473049E15     2.5632867627996715E15    2.9854092934934505E15    3.370367750249213E15     3.725237524750892E15     4.0509677042028895E15    4.3573462134283925E15    4.643022465209493E15     4.913052898005566E15     5.170183218607121E15     5.41704333265511E15      5.653342448101863E15     5.85245365896537E15
0.054412820512820516      0.023585714285714286     4.477593625995284E14     9.131310858680661E14     1.3056558163986662E15    1.6466468563657148E15    1.9502843982312855E15    2.228434819892886E15     2.4859928523267105E15    2.7233052000924425E15    2.9468201345927E15       3.1557978942833675E15    3.353464476447828E15     3.5418925586402145E15    3.7229939324939875E15    3.896575193133442E15     4.043138218125901E15
0.0538                    0.02427687074829932      1.397470410000894E14     3.163110948629807E14     4.795048893445288E14     6.280323970011525E14     7.640699129188971E14     8.908252562546758E14     1.0093734800653404E15    1.1200139540755355E15    1.2250155425693015E15    1.3243970959505318E15    1.419147781213773E15     1.5096417528835358E15    1.596736953306682E15     1.6801291564238695E15    1.7508246843183458E15
0.09958644688644684       -0.025598437499999994    4.0747821889852188E12    9.645221187674736E12     1.4908438800521678E13    1.9790185590235438E13    2.4224255319368492E13    2.8294235346685258E13    3.2122660789622254E13    3.5691956477541664E13    3.910618928869732E13     4.23371114467852E13      4.543088287397227E13     4.839697012071925E13     5.125676528024575E13     5.399236785048917E13     5.629609482061961E13
0.09739780219780217       -0.029170312499999983    9.92939594342733E12      2.4354419625441855E13    3.7773242745431234E13    4.988523217559425E13     6.084194530575341E13     7.084110993881025E13     8.01591881510997E13      8.878625222054311E13     9.692508188560211E13     1.0454068279570678E14    1.1172073758100756E14    1.1833984507490805E14    1.2466528330668545E14    1.3065719285868536E14    1.3563932151316838E14
0.09442124542124537       -0.032146874999999984    1.3581128192298188E13    3.321996898805745E13     5.1185600471739234E13    6.732231036455766E13     8.179812952063158E13     9.501786087385458E13     1.0726545085578961E14    1.1856671615302077E14    1.2922919745671836E14    1.39167552688722E14      1.4858057443808944E14    1.574980927961311E14     1.6606669136434103E14    1.7420007707194566E14    1.8099048421032338E14
0.09065677655677655       -0.03452812499999999     9.91526160064619E12      2.411935839945577E13     3.741559055850528E13     4.956783399074989E13     6.054052748134789E13     7.049454444064362E13     7.973291024217405E13     8.822826101549108E13     9.620820211326108E13     1.0365210704504811E14    1.1070177103142908E14    1.1737959515214389E14    1.2371876930269803E14    1.2959797013464206E14    1.3444970128529072E14
0.0861043956043956        -0.036314062499999994    4.138262850397335E12     9.643326391559889E12     1.486017619831845E13     1.9623023925393414E13    2.398417809351028E13     2.803452207966527E13     3.1860070245445535E13    3.5448657382477164E13    3.886160822950408E13     4.206009627068191E13     4.5083230582632734E13    4.797378993432269E13     5.0742022539264055E13    5.338070244962929E13     5.558376067250093E13
0.09958644688644684       0.007775510204081633     1.7212108221522912E13    4.035356114469968E13     6.2502840564986984E13    8.27561815950735E13      1.0129482679983842E14    1.1880336762361772E14    1.3535327216032772E14    1.507688508011056E14     1.6514470889234644E14    1.7884898664832644E14    1.9186168942670097E14    2.0428408265687906E14    2.1707411684277284E14    2.2873026629254056E14    2.382330274466955E14
0.09739780219780216       0.00907142857142858      1.0717894436305838E14    2.2378666024713234E14    3.2096095815681425E14    4.0540263645744975E14    4.799002562929881E14     5.467858753357422E14     6.085370730113569E14     6.648135785260511E14     7.175289250750335E14     7.669044972530116E14     8.135437641659191E14     8.578183004209776E14     9.014221558608264E14     9.424185099677532E14     9.766608010154862E14
0.09442124542124539       0.01045374149659864      2.864164213881042E14     5.3113430355871075E14    7.268808754491334E14     8.932582132319389E14     1.0367029200080919E15    1.1648723265007568E15    1.2825753319563595E15    1.3896211805291535E15    1.489689075059838E15     1.5829297332139758E15    1.6709730591894652E15    1.7544636668712442E15    1.8356574475365972E15    1.9123729390888698E15    1.9763494242661645E15
0.09065677655677655       0.01192244897959184      4.895148677283585E14     8.596442006496976E14     1.151604737569824E15     1.398901823027582E15     1.6130508072079045E15    1.8044291197254335E15    1.980049357911836E15     2.1398077890337482E15    2.2891584554201E15       2.4281977279322725E15    2.559529045896534E15     2.684071471452227E15     2.8047819193100925E15    2.9190301394999805E15    3.01434892215344E15
0.0861043956043956        0.01347755102040816      7.0850539094088E14       1.2176284664109538E15    1.6175162278208328E15    1.955793843426529E15     2.249188817545213E15     2.511501754175866E15     2.7521517640353075E15    2.9711292994901285E15    3.1758368600641245E15    3.3663280060279675E15    3.546338591606774E15     3.717076928460574E15     3.8821342690957605E15    4.03858750581276E15      4.1692158632033565E15
0.08076410256410256       0.01494625850340136      9.394311206500179E14     1.598182166323601E15     2.1145991800402102E15    2.551434757961447E15     2.93072251246898E15      3.2700094664451595E15    3.58129752923954E15      3.864715477273456E15     4.129710805937458E15     4.376271188831401E15     4.609394713390784E15     4.83058703908152E15      5.043936756399908E15     5.246478357973433E15     5.41576669946181E15
0.07463589743589742       0.01632857142857143      1.1673335136784675E15    1.977792392276932E15     2.613199383171298E15     3.1512863468691265E15    3.6191211846269425E15    4.0379480559258385E15    4.422360436733165E15     4.772710470306672E15     5.100421534130404E15     5.405379740279108E15     5.693909647911459E15     5.967810800013716E15     6.231449828239616E15     6.482166849978581E15     6.692015854403657E15
0.0692956043956044        0.01762448979591837      1.315314780951222E15     2.2301505933432185E15    2.9487559130229345E15    3.558545691767453E15     4.0896261594397825E15    4.5655785895489E15       5.002710981368151E15     5.401619638284207E15     5.774959737051185E15     6.122509551713792E15     6.451543490592629E15     6.764061551989124E15     7.064419020978058E15     7.350501352731282E15     7.59028961965519E15
0.06474322344322345       0.018834013605442176     1.3771280987869955E15    2.345278025662954E15     3.1083596668668845E15    3.7577150307453925E15    4.3244637978516805E15    4.833096400307967E15     5.300673301516601E15     5.728001669088523E15     6.128197180498187E15     6.500955585522995E15     6.854066331249759E15     7.189632192381769E15     7.511804602441146E15     7.819088256817938E15     8.076994613584051E15
0.06097875457875458       0.019957142857142857     1.346248631206904E15     2.3123250815216155E15    3.0775392741763385E15    3.7310143215306795E15    4.302858356206025E15     4.816984067020424E15     5.290165108481386E15     5.723349580417829E15     6.129309829947849E15     6.507716171175172E15     6.866388619611778E15     7.207424929960585E15     7.534619956256483E15     7.847067548795726E15     8.109640877138221E15
0.058002197802197814      0.020993877551020414     1.218211671578117E15     2.124036518697042E15     2.8462533683500635E15    3.4656165579989485E15    4.0092757007712875E15    4.4991046648553865E15    4.950540593939694E15     5.364595836530274E15     5.752911495274877E15     6.115196973529815E15     6.458787330989245E15     6.785668460643765E15     7.099161465725904E15     7.398831322619797E15     7.650968422638574E15
0.05581355311355309       0.02194421768707483      9.947222789753658E14     1.7841331335435225E15    2.4189273937229735E15    2.966014437195808E15     3.4478234387220125E15    3.883011803465419E15     4.284682775464093E15     4.653886465818186E15     5.000459355731268E15     5.324173641168716E15     5.631351219960626E15     5.923774295299061E15     6.204220356642701E15     6.472535365501262E15     6.698556057953585E15
0.054412820512820516      0.022808163265306127     6.891920580145482E14     1.3121847630605118E15    1.8207755110933408E15    2.2621756238403645E15    2.652940191268635E15     3.0071580112599525E15    3.334682845486044E15     3.6365143334767795E15    3.9201871476704045E15    4.185555676094546E15     4.437457685655165E15     4.677470045233467E15     4.907781992476557E15     5.128261774777663E15     5.314194516199767E15
0.0538                    0.023585714285714286     3.5714698452075075E14    7.592093925554396E14     1.1073953498813686E15    1.4166509071059078E15    1.6943597071812968E15    1.9483366771281362E15    2.1841679930267765E15    2.402711724991284E15     2.6087545585173675E15    2.801974895152037E15     2.9854629443336985E15    3.1604458066321025E15    3.328654916927398E15     3.4900148816011995E15    3.626392297190473E15
0.05304999999999999       0.024276870748299317     8.894506359919017E13     2.0203752340642225E14    3.072948854747349E14     4.043529914445564E14     4.933986081857601E14     5.758148723975818E14     6.528644158551742E14     7.24907082736096E14      7.932399350398139E14     8.577890472747898E14     9.192633385021291E14     9.778111262064264E14     1.034185391978013E15     1.0882302501364895E15    1.134037591335111E15
0.09958644688644684       -0.02143124999999998     5.850763263509399E12     1.3763933862414756E13    2.1229343355549117E13    2.795376006211972E13     3.412012178786306E13     3.989268264742749E13     4.5342817846021516E13    5.0436665018332516E13    5.526349976661985E13     5.97658937915033E13      6.398703268310484E13     6.7994872493407766E13    7.18475847271066E13      7.55228897946887E13      7.859148986741664E13
0.09739780219780218       -0.025598437499999994    1.7726983014275344E13    4.276225135034662E13     6.5542545295279195E13    8.579116277291289E13     1.0400966392432688E14    1.2074502248578348E14    1.3621908725665664E14    1.504099451350164E14     1.6375162611820144E14    1.7616985888497462E14    1.878175765757725E14     1.9870268506639525E14    2.0912252070726128E14    2.1902609195092934E14    2.2726648455898388E14
0.09442124542124539       -0.0291703125            3.028088554073567E13     7.083592670977138E13     1.0688928899496422E14    1.3866258860491112E14    1.6711377552862853E14    1.932528897922339E14     2.1752724354382044E14    2.3974606474845288E14    2.607066767731669E14     2.8022705937586656E14    2.986629483495061E14     3.161697711797365E14     3.329972285257333E14     3.4903481019158506E14    3.624260213887121E14
0.09065677655677654       -0.032146875             2.9593604966933965E13    6.9100023879478266E13    1.0416851483497339E14    1.3503193889752408E14    1.6254800013217062E14    1.8777982324328338E14    2.1118324885485947E14    2.326289386077888E14     2.5287420940447747E14    2.7173871825957425E14    2.8956674190882425E14    3.0649702051757944E14    3.227254044827274E14     3.381808588868708E14     3.510977877028141E14
0.0861043956043956        -0.034528124999999986    1.62748880868657E13      3.890094977513345E13     5.981692262094408E13     7.838060731074848E13     9.491957842957816E13     1.1000684422706008E14    1.2391591057925267E14    1.3663813868476116E14    1.486065481360238E14     1.5974844683293706E14    1.7029969499126856E14    1.8028500790523972E14    1.8950222950800688E14    1.9822332931481138E14    2.0551345765381106E14
0.08076410256410256       -0.03631406249999998     5.248844083237443E12     1.2156275947285346E13    1.8605982474886215E13    2.4462988358202727E13    2.9845608029821938E13    3.4883520836309152E13    3.9633830608635055E13    4.398082521897888E13     4.809417996206588E13     5.1969230037588414E13    5.563047860083841E13     5.9105183615844836E13    6.243771769221189E13     6.562932930929422E13     6.835201636493155E13
0.09958644688644684       0.006565986394557819     1.696287152905999E13     3.96736939233324E13      6.150387419222331E13     8.13013327521897E13      9.937892029236952E13     1.1658952681780769E14    1.3283766794420672E14    1.479859886192246E14     1.6210526333482394E14    1.7554080874403644E14    1.8826897365496447E14    2.004246860858224E14     2.1293034261302578E14    2.2441096977751247E14    2.337607257087354E14
0.09739780219780217       0.007775510204081629     1.0568876202852802E14    2.2049901665719766E14    3.1659602779524406E14    3.99385154761685E14      4.7234565814180644E14    5.3839945431012125E14    5.992829511649301E14     6.54811294187008E14      7.068666092911479E14     7.555008504384102E14     8.012666099783844E14     8.447210396518449E14     8.875327511030644E14     9.27825692304255E14      9.615082902185732E14
0.09442124542124539       0.009071428571428578     2.837065498758296E14     5.253897545886559E14     7.19763416919024E14      8.833143108958544E14     1.0243085266291154E15    1.1514252938227208E15    1.2679584562447925E15    1.3737772914982568E15    1.4729089287448525E15    1.5650770871967405E15    1.6517468312359095E15    1.7339626170067705E15    1.8139812928673158E15    1.8896745088041832E15    1.9528219792445728E15
0.09065677655677652       0.010453741496598638     4.866439036649067E14     8.531009882034795E14     1.1438492498451098E15    1.3874563345622728E15    1.598288292688409E15     1.7885962312935252E15    1.9629234579671188E15    2.1212270090274012E15    2.269543058839248E15     2.40731855696812E15      2.536899482617355E15     2.6598294608445375E15    2.779093524088992E15     2.892088212482219E15     2.986406384028066E15
0.08610439560439558       0.01192244897959184      7.070348187323821E14     1.21262840627061E15      1.6120947004628145E15    1.9462638694870635E15    2.235909644001767E15     2.4975510395547855E15    2.7371537752834735E15    2.954786107506656E15     3.1586918212069045E15    3.348018566860581E15     3.526150682944958E15     3.695175181758795E15     3.8587451317926255E15    4.0139429838178455E15    4.1435872026279255E15
0.08076410256410255       0.013477551020408164     9.417373124906659E14     1.5984932792729705E15    2.1164065708747295E15    2.54957297782683E15      2.925439434687748E15     3.2651812000823725E15    3.576320894550528E15     3.8590906758456955E15    4.1240773501638615E15    4.370081552517655E15     4.601660404533932E15     4.821476440775528E15     5.033721077074543E15     5.235413427299291E15     5.404076607302382E15
0.07463589743589744       0.014946258503401364     1.1769699033576938E15    1.9890612039901788E15    2.629473961537464E15     3.1656471986101895E15    3.6315285046448175E15    4.0529663259857595E15    4.4390677380890295E15    4.790319262581906E15     5.119617486085242E15     5.425364992626759E15     5.713372902881325E15     5.98688903849893E15      6.250427680320305E15     6.501301665897574E15     6.711388792766136E15
0.06929560439560438       0.016328571428571432     1.3371024860632958E15    2.2604269071746815E15    2.9898065072990935E15    3.6017190720900855E15    4.1343131363305225E15    4.616573538701684E15     5.058689844587163E15     5.461420528964022E15     5.83918934134988E15      6.190066575121322E15     6.520799310730719E15     6.835056485585015E15     7.137382661896476E15     7.425638725851735E15     7.66737463423783E15
0.06474322344322345       0.017624489795918363     1.4174217067819455E15    2.405218731571697E15     3.1879840729228655E15    3.8465942497872145E15    4.4210570113997495E15    4.941893375174313E15     5.419826108685623E15     5.855847387552896E15     6.26510075466829E15      6.645431841673405E15     7.004157309933875E15     7.345194580136762E15     7.672926403668393E15     7.985849326357153E15     8.248630471979556E15
0.06097875457875458       0.01883401360544218      1.4128321419201112E15    2.415114046835509E15     3.2130064111751555E15    3.886807738514298E15     4.4760587080959695E15    5.011172913025048E15     5.502808170865577E15     5.952111817793436E15     6.374108202932527E15     6.766577327089236E15     7.136996925107062E15     7.48934344236867E15      7.82769027388832E15      8.15114498508231E15      8.423118453383788E15
0.058002197802197814      0.019957142857142857     1.320767967716951E15     2.285275156178084E15     3.057678007369701E15     3.712741451486017E15     4.287331326663681E15     4.810130378065066E15     5.291144824029437E15     5.731582029505329E15     6.145520127091522E15     6.530857613208827E15     6.894798364848396E15     7.241177083699885E15     7.573643175286797E15     7.891806907107528E15     8.159651110043251E15
0.05581355311355309       0.020993877551020418     1.14630857116393E15      2.0230041722113055E15    2.7302101073048565E15    3.3328664591384205E15    3.8632328649049215E15    4.34679289247466E15      4.792370545689447E15     5.201173170196618E15     5.585616739365245E15     5.943888031912573E15     6.282495555732412E15     6.604945978484017E15     6.914406444615362E15     7.210810457166135E15     7.460613867184653E15
0.0544128205128205        0.02194421768707483      9.045675993272699E14     1.6532305435069402E15    2.2632260139138755E15    2.7857214344288065E15    3.2470427039681745E15    3.668420580620588E15     4.057373610930808E15     4.414951058147593E15     4.751423494979294E15     5.065346744675088E15     5.362207985862595E15     5.645027608455202E15     5.91651815418998E15      6.176717791613029E15     6.396226103889808E15
0.0538                    0.02280816326530612      6.300008621474185E14     1.2225561743151058E15    1.7124420795552292E15    2.1347098156717002E15    2.508898404753775E15     2.8512274536114405E15    3.1677666199208525E15    3.45934523078208E15      3.733974998857445E15     3.99055823573867E15      4.2332630541601575E15    4.464688133724616E15     4.686980258962848E15     4.900044937218711E15     5.079939658145205E15
0.05304999999999999       0.02358571428571428      2.827818929545694E14     6.223491882892679E14     9.267070440227694E14     1.1993462633186048E15    1.4460474821401155E15    1.674718152691749E15     1.887760991048073E15     2.085688831134951E15     2.2730946581583075E15    2.4491685293924405E15    2.6164314334419535E15    2.776206869080812E15     2.930049040706643E15     3.0779766628872355E15    3.2032957919770205E15
0.052299999999999985      0.02427687074829932      7.129273914135369E13     1.6182659541411597E14    2.4719512763876584E14    3.2577410044665775E14    3.9810517193188544E14    4.657975543298793E14     5.2918730268601044E14    5.886034855776435E14     6.450560783163585E14     6.984613241202881E14     7.493293480040929E14     7.978673112646139E14     8.447131185382136E14     8.897339487230144E14     9.279749531836002E14
0.09958644688644686       -0.016668749999999982    7.950531892364687E12     1.860933048433195E13     2.843068699163795E13     3.7517093312702055E13    4.587506519093416E13     5.368524980883527E13     6.093923791690531E13     6.757097016694122E13     7.38588817880633E13      7.970848569354769E13     8.52344149466839E13      9.058991928062211E13     9.587192595089497E13     1.0100571016506253E14    1.0534588446702058E14
0.0973978021978022        -0.02143124999999998     2.850874786256451E13     6.660682569178791E13     1.0022575545960495E14    1.3002770406783798E14    1.5642088604114684E14    1.8025931019266438E14    2.0223090924001122E14    2.2227517893612488E14    2.4109834838751538E14    2.5867241409501172E14    2.753315336604805E14     2.911093361521433E14     3.0630984095286006E14    3.207609189544355E14     3.3275959994684644E14
0.09442124542124539       -0.02559843749999998     5.584059352501879E13     1.228119952298184E14     1.7961628929739072E14    2.2900936193038834E14    2.7256044747530825E14    3.119288961446251E14     3.482873066858099E14     3.814913335231218E14     4.1266029089297994E14    4.4165291059559475E14    4.690784572882453E14     4.950765562759626E14     5.200496374276388E14     5.438130855901229E14     5.636297521156819E14
0.09065677655677652       -0.029170312499999993    6.566920269993625E13     1.4139955953384288E14    2.046948133880068E14     2.5944086058444934E14    3.0762660835492506E14    3.5111308917381706E14    3.912309052270912E14     4.278192652375505E14     4.621224328312115E14     4.939878002591981E14     5.241226052863876E14     5.526929012586997E14     5.800812377823532E14     6.06130144762447E14      6.278576850887026E14
0.08610439560439562       -0.03214687499999999     5.027477646506451E13     1.1132265580878838E14    1.6334827656271234E14    2.0874355011655716E14    2.4900922976506528E14    2.854816640987376E14     3.192048153655755E14     3.500427336358374E14     3.790051989308275E14     4.059460702430905E14     4.314169474352847E14     4.5558770935557725E14    4.786855514185369E14     5.0062999796963206E14    5.1892474590326275E14
0.08076410256410256       -0.03452812499999999     2.2138226055110668E13    5.2106240728336484E13    7.912893190791427E13     1.0287742457962511E14    1.2394082396731762E14    1.4300527483169744E14    1.6053914422711225E14    1.766633796521328E14     1.918081414484857E14     2.059352201137464E14     2.1929148595753262E14    2.3195192276079E14       2.4364377004158466E14    2.54726769731699E14      2.6387713632128225E14
0.07463589743589742       -0.03631406249999997     5.676488312707289E12     1.3135216792527762E13    2.0009355343321797E13    2.632444736082245E13     3.2126871329486258E13    3.7523479390617625E13    4.255727885452444E13     4.717788943962915E13     5.160608931953068E13     5.574412931360039E13     5.965258122675878E13     6.338351399058091E13     6.696880300679379E13     7.04589521986186E13      7.345594368720453E13
0.09958644688644686       0.005442857142857145     1.6728614959857531E13    3.915302448340551E13     6.062903015828695E13     8.022978357882492E13     9.811140398814002E13     1.1503900695354766E14    1.3103475182157998E14    1.460077413243095E14     1.5990452156687197E14    1.7313937027938838E14    1.8572718689847922E14    1.9774907464079997E14    2.1007146468979975E14    2.2146402263763488E14    2.3075363465643716E14
0.09739780219780213       0.006565986394557824     1.0419401261571262E14    2.179300695782852E14     3.126686182075651E14     3.950366031513843E14     4.676651502600748E14     5.328783138955151E14     5.930562516356909E14     6.481129897683615E14     6.99646561631918E14      7.478218781750471E14     7.933137120904555E14     8.364883628296875E14     8.789571724402605E14     9.18914413364307E14      9.523056772318238E14
0.09442124542124537       0.0077755102040816294    2.8088126516531312E14    5.211761144143271E14     7.134036698944681E14     8.768060954793922E14     1.0179167740017685E15    1.1438342503545635E15    1.2594437862309958E15    1.3646168173419315E15    1.4629461231978325E15    1.5545465618605322E15    1.6410306241761052E15    1.7230357195841438E15    1.8027519047075345E15    1.8781115467515268E15    1.9409415857595992E15
0.09065677655677654       0.009071428571428576     4.8332916830411306E14    8.486083054006848E14     1.136705343443786E15     1.380701831867446E15     1.5920602494948165E15    1.780895687233102E15     1.9541665888937385E15    2.111794465863715E15     2.259160300478042E15     2.396342454424186E15     2.5259105344216805E15    2.648777385069921E15     2.767847028020017E15     2.8805624697426065E15    2.9745991284148235E15
0.0861043956043956        0.010453741496598641     7.043410855457851E14     1.2095624865007355E15    1.6062262548923338E15    1.9417458436593932E15    2.23275226667739E15      2.492895610567789E15     2.731547332812121E15     2.9487108537517205E15    3.1517352805290595E15    3.340652827306812E15     3.5191623155363485E15    3.688474422364136E15     3.8521478724100175E15    4.0073045732445315E15    4.1368490238997255E15
0.08076410256410256       0.011922448979591835     9.418506417422011E14     1.6002779139463878E15    2.1161239264991068E15    2.552416352159833E15     2.93120593466442E15      3.269990388081153E15     3.580806443901452E15     3.863801590699581E15     4.128421522876605E15     4.374622561292488E15     4.60738461128172E15      4.828231409126386E15     5.041250079447994E15     5.243493125891441E15     5.41253359059296E15
0.07463589743589744       0.013477551020408169     1.183762568250592E15     2.0018878511031308E15    2.6427222934706815E15    3.1852848813673225E15    3.656945925782964E15     4.079094307016315E15     4.466529045723837E15     4.819640226505341E15     5.149960855421066E15     5.457321515884871E15     5.748090809221745E15     6.024113054713924E15     6.289792505310926E15     6.542476087993886E15     6.753977396719034E15
0.06929560439560441       0.014946258503401368     1.35553701829724E15      2.2921202005609415E15    3.02684817000318E15      3.6501253785096445E15    4.192836580369813E15     4.679045180341424E15     5.125551156924135E15     5.533018639219369E15     5.914403138518645E15     6.269385560360016E15     6.605408023070516E15     6.924556018838306E15     7.231267635059151E15     7.523452106130598E15     7.768370463205702E15
0.06474322344322345       0.016328571428571425     1.4542288170014345E15    2.466591559852297E15     3.2631075734785915E15    3.9406674760813125E15    4.531874961677977E15     5.062233959884826E15     5.549727019308644E15     5.995267397097328E15     6.412560486962795E15     6.801151585612874E15     7.169200280800814E15     7.518953429637353E15     7.854704261888458E15     8.175026134338233E15     8.443906809218291E15
0.06097875457875458       0.017624489795918363     1.4765572318422508E15    2.5201195267191995E15    3.344799706915272E15     4.048737517123289E15     4.664546724411584E15     5.217951368413423E15     5.727232100001451E15     6.1934828252515E15       6.630470497333516E15     7.037676763781557E15     7.423583884573142E15     7.790510470462775E15     8.14247801423286E15      8.478703676936774E15     8.761304469047678E15
0.058002197802197814      0.018834013605442186     1.4202165341260818E15    2.4479814890607595E15    3.2647983372225735E15    3.964771161159982E15     4.578952514403996E15     5.132078468367725E15     5.641824986524701E15     6.109368835099412E15     6.54786200649231E15      6.956825575093369E15     7.344636807538339E15     7.713585726690561E15     8.067323590620215E15     8.405607235804861E15     8.690281850311904E15
0.055813553113553106      0.019957142857142857     1.289635932685858E15     2.255685112538074E15     3.0284817641664475E15    3.6933959250958635E15    4.27865302230981E15      4.80694607273607E15      5.294518591925613E15     5.742540016662626E15     6.162988186394987E15     6.555505285907744E15     6.927940023404293E15     7.282460173053965E15     7.622304009011976E15     7.947588055992698E15     8.221620387128518E15
0.054412820512820516      0.02099387755102042      1.0994818121680422E15    1.965038349013013E15     2.6618846261393075E15    3.263630323366871E15     3.794866601209564E15     4.275443225577576E15     4.719587394239049E15     5.128379535361124E15     5.51224916565588E15      5.870961898007512E15     6.211479590861469E15     6.535783996331474E15     6.846707195761336E15     7.144510889683497E15     7.395620249487484E15
0.0538                    0.02194421768707483      8.694918362746134E14     1.6063292223321085E15    2.204553474587001E15     2.7231861664157385E15    3.1824344489591915E15    3.598693552495217E15     3.9838758143341065E15    4.3388761328247215E15    4.672408321864244E15     4.984359846678078E15     5.280560701254794E15     5.562769185937882E15     5.833450549264244E15     6.092772292932731E15     6.311562795889308E15
0.05304999999999997       0.02280816326530612      5.683323115410874E14     1.1308832490281175E15    1.5994364108272578E15    2.0086822439160358E15    2.3731587931866055E15    2.7046221335745565E15    3.01201589162397E15      3.296118357898592E15     3.5633422378865445E15    3.813596943200736E15     4.051176060105481E15     4.2776781133407335E15    4.495117510463486E15     4.703510358811258E15     4.87950845974038E15
0.05229999999999999       0.023585714285714286     2.4026480312914075E14    5.391806407157994E14     8.115714199039994E14     1.0597361129676716E15    1.286248106339193E15     1.49616960382437E15      1.6928854831372072E15    1.8766543544167E15       2.0506026850994335E15    2.2144665029910392E15    2.370664511418052E15     2.519973595623131E15     2.663769322443014E15     2.802070307540187E15     2.919376843583562E15
0.051549999999999985      0.024276870748299314     6.5339602670040945E13    1.4872683267146122E14    2.272890124621502E14     3.0062522861471525E14    3.6830621789179056E14    4.3126167181427606E14    4.903646761201362E14     5.4602590816889125E14    5.98895454751779E14      6.490089271252542E14     6.97062704300015E14      7.429463654790011E14     7.872195378456462E14     8.297742003723794E14     8.659351185071084E14
0.09958644688644684       -0.012501562499999988    9.787907196009887E12     2.273981682560944E13     3.484946580294976E13     4.5991227877931055E13    5.632258029053521E13     6.574088088395256E13     7.451045595565336E13     8.26021812980997E13      9.023252568626689E13     9.757824633557861E13     1.0466161815328775E14    1.1147623238102578E14    1.1814660893862775E14    1.2449791174656456E14    1.2980460673329631E14
0.09739780219780216       -0.01666874999999999     4.19616944589557E13      9.453617199979978E13     1.4031481242930986E14    1.7980734550502472E14    2.1455463905300328E14    2.460174519532906E14     2.7504513203888953E14    3.016396198766695E14     3.265989561581839E14     3.498373710434543E14     3.717345068433138E14     3.923241676836423E14     4.1212034300824356E14    4.308441724071442E14     4.4646830647864E14
0.09442124542124539       -0.02143124999999999     8.796211764021069E13     1.8189289555621594E14    2.597546487861921E14     3.2612517853009506E14    3.842999101308299E14     4.371237096683772E14     4.857112878465649E14     5.299644786851973E14     5.714831028473419E14     6.099793716150765E14     6.461988884232568E14     6.804862274293315E14     7.13460149787234E14      7.448239086448051E14     7.70980707184882E14
0.09065677655677652       -0.02559843749999998     1.1320838713573122E14    2.2497616668045088E14    3.160875856987296E14     3.9317228123685144E14    4.6042043739946956E14    5.213960457525877E14     5.774228267704016E14     6.283195299473482E14     6.76042935677856E14      7.202411109081386E14     7.618344271554586E14     8.012439609808731E14     8.390751653161718E14     8.750768586211504E14     9.051040847088975E14
0.08610439560439562       -0.029170312499999986    1.0609783640284384E14    2.1318990390388797E14    3.0055120731200056E14    3.7445489535517794E14    4.3892830114910844E14    4.9739446039318894E14    5.511322810280237E14     5.999327428170292E14     6.456578997582048E14     6.879744841816274E14     7.278048793839389E14     7.655583587407055E14     8.017237383102119E14     8.361345584241196E14     8.648400929069048E14
0.08076410256410256       -0.032146874999999984    6.856463513456525E13     1.458992412801463E14     2.1100030105525575E14    2.6706227103590125E14    3.1641362660975356E14    3.613129138598304E14     4.0267932746508306E14    4.4031284828523506E14    4.75619275425508E14      5.082618974032991E14     5.390057472304156E14     5.681513670229728E14     5.959725971204729E14     6.224225693934526E14     6.445010794979344E14
0.07463589743589742       -0.03452812499999998     2.4384219561666863E13    5.686649957979383E13     8.605746532660811E13     1.1148318195835612E14    1.3399934275886028E14    1.544895766006487E14     1.7335610482684684E14    1.9071891994998812E14    2.071060576988363E14     2.22329656986713E14      2.367243340031493E14     2.5034051960691572E14    2.6293170719637362E14    2.747258662336198E14     2.844105282936774E14
0.06929560439560438       -0.03631406249999998     5.103137503696347E12     1.1781781867870908E13    1.8027089687857215E13    2.3682536493121152E13    2.8885653769766434E13    3.3756977841657555E13    3.836263657103431E13     4.259233418225315E13     4.658487671447704E13     5.034346242043112E13     5.390405157848932E13     5.7273841424314695E13    6.0516121489449516E13    6.3617674349418164E13    6.6238025891346016E13
0.09958644688644684       0.004406122448979589     1.645051907266773E13     3.840763935585124E13     5.952903579753953E13     7.86437568706589E13      9.603678614982866E13     1.1263311435845016E14    1.282988383767697E14     1.4296753422221666E14    1.566138591253679E14     1.695379103517752E14     1.8181590027708675E14    1.9354779694804784E14    2.055351309295741E14     2.1672444985458684E14    2.2587696558036572E14
0.09739780219780213       0.005442857142857146     1.0233590870407966E14    2.1397130471291738E14    3.07377787353235E14      3.8789139430750044E14    4.5878851462413375E14    5.2299193087953606E14    5.821376809431681E14     6.362044289646404E14     6.870046012546909E14     7.343404245618554E14     7.788526188579718E14     8.210998697042888E14     8.626580438062458E14     9.018268843850916E14     9.345512912423912E14
0.09442124542124539       0.006565986394557824     2.769457498309691E14     5.1338292450707925E14    7.0358843495688E14       8.636429300733365E14     1.0018803492204321E15    1.1263269375381318E15    1.2403788837793825E15    1.3439742138790505E15    1.4410311070440598E15    1.5312571160296822E15    1.6160903387233625E15    1.6965550906964212E15    1.7748310339179532E15    1.8489196517220868E15    1.910712966208172E15
0.09065677655677652       0.007775510204081631     4.778387243907908E14     8.378086066563552E14     1.1234167708217265E15    1.3626722788139275E15    1.569812123612751E15     1.7567310754728985E15    1.9279314453465095E15    2.0834013521609208E15    2.229065934467547E15     2.3643671992608125E15    2.4916141135998795E15    2.612325505724064E15     2.729412702754486E15     2.8403721043566075E15    2.932988844279386E15
0.0861043956043956        0.00907142857142858      6.979180475122164E14     1.1965594544626182E15    1.590417952092319E15     1.9198483063777248E15    2.205383846676712E15     2.4632744454951725E15    2.6994289404605175E15    2.9139276764743535E15    3.114907251258205E15     3.3015055621122795E15    3.477057874469624E15     3.643630846940703E15     3.804816030451567E15     3.95777282396116E15      4.08554288123648E15
0.08076410256410252       0.010453741496598641     9.358295237946141E14     1.5870078292299492E15    2.1002337051226988E15    2.5293932016317385E15    2.9017377730974095E15    3.238233089764854E15     3.5463809542503035E15    3.8264276762749185E15    4.0888783162672305E15    4.3325106736924495E15    4.561832732603143E15     4.779501360512554E15     4.989670152617407E15     5.1894086499516E15       5.35643627290255E15
0.07463589743589741       0.011922448979591839     1.1813763046464472E15    1.993256527605168E15     2.632896544760936E15     3.168243744671816E15     3.6333042136706785E15    4.0538794451687995E15    4.43914794776579E15      4.78962773507536E15      5.11822347532823E15      5.423277561339436E15     5.710587707448511E15     5.983429800611148E15     6.24631771952021E15      6.496595008073113E15     6.706180110457792E15
0.0692956043956044        0.013477551020408172     1.3628148362260272E15    2.298031031959796E15     3.0357481683885465E15    3.654349198937356E15     4.192583549511149E15     4.679755044839055E15     5.126296006164614E15     5.533025993584411E15     5.914571613467053E15     6.268871733143376E15     6.602759786413572E15     6.919994330023719E15     7.225169232545043E15     7.516180454841996E15     7.760226382840305E15
0.06474322344322345       0.014946258503401364     1.4783845249671708E15    2.4988919074973675E15    3.30596180705077E15      3.9845846323819685E15    4.576243095571436E15     5.112399402074648E15     5.604279721906525E15     6.052979897738171E15     6.474165611784205E15     6.865442292650748E15     7.234392231464155E15     7.585119263767565E15     7.922118015643302E15     8.243960465432693E15     8.514240072031683E15
0.06097875457875458       0.016328571428571432     1.5269234714516422E15    2.5943188062966135E15    3.4418151698420985E15    4.156949623059147E15     4.782026476102488E15     5.349362039770328E15     5.870476140105288E15     6.346666113262335E15     6.793947115808444E15     7.209733829687243E15     7.602041025286778E15     7.97516962630564E15      8.333393439801875E15     8.675957321507997E15     8.964016105493841E15
0.058002197802197814      0.017624489795918366     1.505600284775454E15     2.57904434743427E15      3.435816285314376E15     4.1617096740453045E15    4.798080309417795E15     5.376792205674687E15     5.909137324706673E15     6.396504202153246E15     6.854564669128017E15     7.280744489469761E15     7.68313729200017E15      8.066071617613565E15     8.433503807601806E15     8.785252242023403E15     9.081385966591992E15
0.055813553113553106      0.018834013605442176     1.4160802210858208E15    2.4534064546032945E15    3.286205603890945E15     3.994633034191958E15     4.617581640177232E15     5.185247825997047E15     5.708223547657115E15     6.187878673163242E15     6.638936158406519E15     7.059020346081468E15     7.455936729965363E15     7.83386361149134E15      8.19639020192641E15      8.543736452309684E15     8.836466845706629E15
0.054412820512820516      0.019957142857142857     1.2676503692469188E15    2.2296429421275E15       3.006439772559128E15     3.6694948894151675E15    4.2540670998063715E15    4.78772076474228E15      5.27998018046021E15      5.732124813648298E15     6.157507067185229E15     6.554054034702218E15     6.928948057187982E15     7.286072949322637E15     7.628653402049692E15     7.957086208486103E15     8.234111427467608E15
0.0538                    0.020993877551020407     1.0788781297530109E15    1.936042864297005E15     2.6314546115565605E15    3.2264203167848645E15    3.7518548696074175E15    4.2321009222212595E15    4.675473696877025E15     5.083143787506913E15     5.466821382599433E15     5.824754368514591E15     6.163264571225332E15     6.485838721592901E15     6.79536860429657E15      7.092217390415087E15     7.342730770447593E15
0.05304999999999997       0.021944217687074826     8.307349989107319E14     1.5503645005335982E15    2.139389971720909E15     2.6456008197752505E15    3.0943425197879495E15    3.505268855072144E15     3.8853987823805375E15    4.235562641116094E15     4.565332697847447E15     4.873432981383773E15     5.165006554464219E15     5.443034045065774E15     5.709955271523341E15     5.966047029775556E15     6.182347243313234E15
0.05230000000000002       0.02280816326530612      5.222374025174881E14     1.0598129498218375E15    1.5121049685686878E15    1.9066789732734142E15    2.25941662674353E15      2.583318035248323E15     2.8835417644906965E15    3.160866841401515E15     3.4224164058898535E15    3.667218721049011E15     3.8990884997392525E15    4.120350079658967E15     4.332984572014392E15     4.537180577601804E15     4.70989355127762E15
0.051549999999999985      0.02358571428571428      2.1793776349685253E14    4.937430590847458E14     7.485094702074008E14     9.812529240046659E14     1.194462901839349E15     1.3938119935184608E15    1.5809255627254212E15    1.7565191366361035E15    1.9235881316562538E15    2.0811572189214272E15    2.231035955670308E15     2.3744590293939E15       2.5127910980165285E15    2.646048222188527E15     2.7592572660516515E15
0.0508                    0.02427687074829932      6.268168026037475E13     1.4258763433664494E14    2.1824267413861275E14    2.887126700269258E14     3.539240962825716E14     4.150514470969346E14     4.724486953885602E14     5.2649490528787475E14    5.779334104469586E14     6.267005719466661E14     6.735455839567841E14     7.18331344342273E14      7.61591321083099E14      8.032344481355081E14     8.386707803188202E14
0.09958644688644684       -0.008929687499999988    1.1392881192439357E13    2.645249926338235E13     4.0574793653039625E13    5.377419758245881E13     6.573524980164142E13     7.670340190572283E13     8.684736310212872E13     9.635660608847962E13     1.0559324386701702E14    1.1436047156917277E14    1.2275582552020666E14    1.3074929415533936E14    1.384415572528372E14     1.4578885718227406E14    1.520287552557548E14
0.09739780219780217       -0.012501562499999992    5.4434170471427664E13    1.2022304984114717E14    1.7618163402205906E14    2.2465578951533266E14    2.6727209486871953E14    3.059102906362433E14     3.4147972916035956E14    3.7399855087138856E14    4.044652136071251E14     4.326196794203766E14     4.5910331155813244E14    4.841399716935317E14     5.0837316774869294E14    5.314325492165395E14     5.5074463540090244E14
0.0944212454212454        -0.01666874999999999     1.2526571457688542E14    2.4874443383924753E14    3.491897098546379E14     4.353306495331912E14     5.107030049299121E14     5.784445615184202E14     6.406628523149212E14     6.972780554567088E14     7.502483638782112E14     7.994341118812971E14     8.458832657816776E14     8.899043512603374E14     9.323257105333664E14     9.726486416091146E14     1.0062772346867008E15
0.09065677655677654       -0.021431249999999985    1.6750939357185222E14    3.176747845249657E14     4.379273878787388E14     5.4034500132470625E14    6.296506608686598E14     7.097503612314341E14     7.833437300461491E14     8.502479192449895E14     9.128191537385502E14     9.708799709942241E14     1.0257183814830232E15    1.0776859276151399E15    1.127629102462747E15     1.1751145115747232E15    1.2147104575386342E15
0.0861043956043956        -0.025598437499999998    1.7198441250754616E14    3.2506305440131975E14    4.4729659886718256E14    5.512399432255097E14     6.418624984293866E14     7.231403722110015E14     7.978338945404036E14     8.65714028938839E14      9.29184410440592E14      9.880391478487156E14     1.0436277858607626E15    1.0963174715532861E15    1.1468585380917932E15    1.1949215133591005E15    1.2350011940695485E15
0.08076410256410255       -0.029170312499999976    1.3986951620606117E14    2.716073425693646E14     3.7726290175569344E14    4.6698178689517094E14    5.452821484074089E14     6.155743576775545E14     6.801985507613421E14     7.389522265379958E14     7.938867226579665E14     8.448188045083105E14     8.92932481760232E14      9.385405024986131E14     9.822005456198835E14     1.0237204079690496E15    1.0583491222763521E15
0.07463589743589742       -0.03214687499999999     7.564701116480973E13     1.5943211522630356E14    2.2948108124376275E14    2.901261492242972E14     3.435140052155904E14     3.916880262089139E14     4.3606404053997294E14    4.7644001450261256E14    5.1408159694280444E14    5.490253794193051E14     5.820279775297904E14     6.133079624606952E14     6.43202569021874E14      6.716783964197606E14     6.954808391942811E14
0.0692956043956044        -0.03452812499999998     2.1139737422510324E13    4.985349398419363E13     7.58252972893177E13      9.873322924267667E13     1.1910690190595988E14    1.375688693541069E14     1.5456695645932328E14    1.7019305420654272E14    1.8491281983784834E14    1.9860698266513625E14    2.1160701844602178E14    2.2378732770456878E14    2.3516567106716475E14    2.459529700803091E14     2.5492719601433762E14
0.06474322344322345       -0.03631406249999998     3.874718565960612E12     8.996670170602865E12     1.3846687703066627E13    1.8284939059199184E13    2.234533489410412E13     2.6115007823213258E13    2.96732562430031E13      3.3020319837397598E13    3.622187997321964E13     3.921928069494257E13     4.208901951377566E13     4.4796069639050766E13    4.740660976867235E13     4.989006695470094E13     5.198475845505971E13
0.09958644688644686       0.0034557823129251807    1.6203395404945924E13    3.785928148623181E13     5.861223079491499E13     7.752173234497236E13     9.471706900984172E13     1.1101706246236839E14    1.264233914619818E14     1.408781977108262E14     1.5435686396024978E14    1.6705748861985922E14    1.791764983092303E14     1.907649736526335E14     2.0254647940131197E14    2.1364179041457138E14    2.227355261320102E14
0.09739780219780218       0.00440612244897959      1.0060833495318697E14    2.1097891033262025E14    3.028758941329536E14     3.828338006443728E14     4.532796543291381E14     5.165508676501095E14     5.749030913478949E14     6.283428900599188E14     6.785253695616241E14     7.253850026750111E14     7.695722522738842E14     8.114834296887149E14     8.526362327068779E14     8.914343824402016E14     9.237993198839131E14
0.09442124542124539       0.005442857142857147     2.7324272725832716E14    5.0768657935585606E14    6.952965491108846E14     8.548023034930181E14     9.9283799525654E14       1.1158291732554395E15    1.2287076785122922E15    1.33142849959252E15      1.4274499678486035E15    1.5169001302408932E15    1.6013469019499052E15    1.681412082686934E15     1.7592030369169068E15    1.8327808200145138E15    1.8941171026026055E15
0.09065677655677654       0.0065659863945578215    4.725164251870986E14     8.300389142482974E14     1.1120429865259324E15    1.350846292744847E15     1.557805674903239E15     1.742660758750589E15     1.9122505829804848E15    2.066531156518934E15     2.2107684892625048E15    2.3450205863720235E15    2.471813887777499E15     2.5920447272055915E15    2.7085303666426935E15    2.818827264218636E15     2.9108423011836185E15
0.08610439560439558       0.007775510204081631     6.912608823658245E14     1.187082148651614E15     1.5762664507621922E15    1.9054266201776402E15    2.1909371627444015E15    2.446133874102508E15     2.6802315134984015E15    2.893243141861728E15     3.092392074911806E15     3.2776843586660205E15    3.452753597192009E15     3.618796490512404E15     3.77929038469731E15      3.9314528682008925E15    4.058490513472693E15
0.08076410256410256       0.009071428571428576     9.284910036971612E14     1.576752545322339E15     2.0843623762725025E15    2.513617442729421E15     2.8862680334038905E15    3.219500988156033E15     3.5252040418626745E15    3.803530568889053E15     4.0637946534848435E15    4.3059171969414805E15    4.534797092067869E15     4.75195037934932E15      4.961397328712669E15     5.160261811165096E15     5.326467974466098E15
0.07463589743589744       0.01045374149659864      1.1750475515055548E15    1.9846530488530618E15    2.6181892684477825E15    3.154394588229514E15     3.6204234041489155E15    4.037396902925362E15     4.4200353490609295E15    4.768744809047528E15     5.094960417027909E15     5.398448476406252E15     5.685504429716285E15     5.957981216292806E15     6.22024334988152E15      6.469685465855267E15     6.678455072345871E15
0.06929560439560435       0.011922448979591839     1.3628394284783025E15    2.2991889040187955E15    3.0325295874087705E15    3.6542780310082705E15    4.1954299431284855E15    4.679987472365094E15     5.124880586243802E15     5.530812612209412E15     5.910772231735831E15     6.264319099383993E15     6.598897727075202E15     6.916635767143832E15     7.221975829014961E15     7.512868162198031E15     7.756674814993044E15
0.06474322344322345       0.013477551020408172     1.4931395845758015E15    2.5232400855568895E15    3.3317682791182415E15    4.0190107239079645E15    4.618299743432089E15     5.155515043269884E15     5.649159661177676E15     6.100221858672857E15     6.522698730857324E15     6.915930373865754E15     7.288252090239686E15     7.642005680282757E15     7.981547070294094E15     8.305523063429895E15     8.57744002229147E15
0.06097875457875458       0.014946258503401364     1.5658002939507095E15    2.657089813238642E15     3.516756250165249E15     4.2498901805359665E15    4.890758503812622E15     5.466172885139277E15     5.995522051914393E15     6.480017504140372E15     6.934112381882397E15     7.356992576113001E15     7.757600551602162E15     8.138424168964807E15     8.503627147645246E15     8.8525717034196E15       9.14583532365285E15
0.058002197802197814      0.016328571428571425     1.5780862289338408E15    2.696102680949351E15     3.5812432714656455E15    4.338984084697564E15     5.003302684887766E15     5.601020726096421E15     6.151674849444022E15     6.65659573496724E15      7.130134086093397E15     7.571467057139878E15     7.989812652933444E15     8.387718783909538E15     8.769073142349161E15     9.13385558325895E15      9.440797018619592E15
0.055813553113553106      0.01762448979591837      1.5273543582962105E15    2.633269402447409E15     3.513868341219507E15     4.270568841106577E15     4.935994903400137E15     5.536061238474308E15     6.089706593529364E15     6.598267568790079E15     7.075481550652362E15     7.520660666934404E15     7.942925654606489E15     8.344780094140395E15     8.729791721505739E15     9.098387356733196E15     9.408857360759218E15
0.054412820512820516      0.018834013605442183     1.417484956942889E15     2.471565917460597E15     3.3155333434697165E15    4.0429981907971695E15    4.684369551555552E15     5.263887087350443E15     5.799231311025178E15     6.291668649397405E15     6.753954917509894E15     7.185601494932249E15     7.595255333589583E15     7.985290916245946E15     8.358969994842092E15     8.716928140694253E15     9.018682294028216E15
0.0538                    0.019957142857142857     1.2615837997053945E15    2.2295320447391642E15    3.0079462721897925E15    3.6802241089428425E15    4.273922351726766E15     4.811081919656556E15     5.307650879831213E15     5.764801280921601E15     6.194092646941706E15     6.595198439508483E15     6.975985197325866E15     7.338654559059134E15     7.686200016405972E15     8.019210913774725E15     8.300081691295473E15
0.05304999999999997       0.020993877551020407     1.058889697073177E15     1.9166815050087652E15    2.61008557909838E15      3.210427127734948E15     3.7418068991692835E15    4.2234602834286615E15    4.669118149212946E15     5.079880562608677E15     5.465798023904741E15     5.826610861443314E15     6.16922443417532E15      6.495677401219086E15     6.808626872609988E15     7.108639196001339E15     7.361855872891448E15
0.05229999999999999       0.021944217687074823     8.017027939471429E14     1.5140410417997315E15    2.0973471258904508E15    2.6039305435368855E15    3.05379698770593E15      3.4626615144182005E15    3.841730175066388E15     4.1917710525226835E15    4.520873186150043E15     4.828986338153821E15     5.121677879187859E15     5.400738506977547E15     5.668424013067909E15     5.925204899627579E15     6.142147120389155E15
0.051549999999999985      0.02280816326530612      4.9296937005491675E14    1.0182001675533484E15    1.46189871582946E15      1.8511720896120832E15    2.201179674844127E15     2.521927038384704E15     2.8204116888768395E15    3.0965250256216355E15    3.356184125707224E15     3.5995884714183945E15    3.8309851773646875E15    4.0518303035550565E15    4.263936739952388E15     4.4676622983580355E15    4.640080598681915E15
0.05079999999999999       0.023585714285714286     2.073639212087314E14     4.741573169782593E14     7.209090671157292E14     9.496053838095689E14     1.1601285682458438E15    1.3560460890981878E15    1.5405062422090215E15    1.7138496522974662E15    1.8785713595281052E15    2.0349190895107158E15    2.1844575687511445E15    2.327618622198611E15     2.4656568279796955E15    2.5986636192919505E15    2.7117395165668775E15
0.049953333333333315      0.02427687074829931      6.1808160498664945E13    1.4101460702661512E14    2.1591850256112744E14    2.8628830815899794E14    3.517639820851485E14     4.128074190174073E14     4.702459444827293E14     5.244823855656146E14     5.760454370462989E14     6.249257767755466E14     6.722284472334431E14     7.175422207506386E14     7.612992876477489E14     8.034349659217309E14     8.393117763763664E14
0.09958644688644684       -0.005953124999999989    1.2693231190563316E13    2.9406437179248055E13    4.524555040911692E13     5.994068401172482E13     7.313480723629016E13     8.53379585641623E13      9.674668835326258E13     1.0762046502475652E14    1.180360530245526E14     1.2792821574778756E14    1.3728165703841947E14    1.460406372935736E14     1.5463939270711303E14    1.6297740208282888E14    1.7005725254359738E14
0.09739780219780217       -0.008929687499999988    6.524569961456029E13     1.4178247636035238E14    2.0637975892493422E14    2.6187504849387344E14    3.108602293578972E14     3.5535830475528594E14    3.963072140962377E14     4.3350484451637394E14    4.6820398971420756E14    5.0050132691188375E14    5.309024309672637E14     5.5976292726033944E14    5.879086969382261E14     6.147140573600158E14     6.371386947713889E14
0.09442124542124543       -0.012501562499999994    1.5764098114041475E14    3.0523311142887456E14    4.252378005437064E14     5.269019610308643E14     6.154976496872959E14     6.955850304988746E14     7.690175971508078E14     8.357016922114828E14     8.981745024739539E14     9.561382150888188E14     1.0106463100486285E15    1.0622693705433938E15    1.1121146734456945E15    1.159483235272141E15     1.198990593552607E15
0.09065677655677654       -0.016668749999999993    2.2801865786177225E14    4.1894241715378894E14    5.717059851200702E14     7.001294827045279E14     8.117818078695944E14     9.127206082556496E14     1.0052366300226055E15    1.089192575761636E15     1.1678412610976495E15    1.2407017469122625E15    1.3092028150773115E15    1.3740938644107122E15    1.4365889261577718E15    1.4960140666477852E15    1.5455836203412335E15
0.08610439560439562       -0.021431249999999992    2.4580361142967984E14    4.4778714488008194E14    6.087715315698572E14     7.438053532842678E14     8.611138477846728E14     9.671783176964379E14     1.0644086633771829E15    1.152599526477609E15     1.235214173427968E15     1.3116964503270358E15    1.3836209478630495E15    1.4517760922539792E15    1.5172816682923182E15    1.5795979048125565E15    1.6315847801162712E15
0.08076410256410256       -0.025598437499999994    2.2020948409268853E14    4.055200491551262E14     5.531447071629586E14     6.769578284029832E14     7.8457802174079E14       8.819137766522955E14     9.71173811532161E14      1.0521340028025591E15    1.1279694065450795E15    1.1981500346020385E15    1.264160005771526E15     1.3267163897193768E15    1.3867391647669195E15    1.4438532536170485E15    1.491508527188943E15
0.07463589743589742       -0.029170312499999993    1.529690102380299E14     2.938857782012571E14     4.068284577317405E14     5.018380255084011E14     5.84635057572379E14      6.596054611552934E14     7.284231954030965E14     7.908970684212699E14     8.49411718332391E14      9.03575452839874E14      9.545335051592501E14     1.0028172926634268E15    1.0490616896087052E15    1.0930717099124382E15    1.1298032199782292E15
0.06929560439560438       -0.03214687499999998     6.590569149894252E13     1.4134970108458325E14    2.0502463541860884E14    2.5994114973056362E14    3.0844550754501125E14    3.5261304022574794E14    3.9333739043246694E14    4.3044695614103356E14    4.6528377792970625E14    4.976330537102798E14     5.2805325737988225E14    5.5682620331832E14       5.843439717184505E14     6.105328741951286E14     6.324143819200062E14
0.06474322344322345       -0.03452812499999998     1.4552878563136195E13    3.4978593861795836E13    5.3989316313483984E13    7.095904969009598E13     8.618522240506366E13     1.001362141236119E14     1.1307071882826217E14    1.249147462262295E14     1.3607162323524417E14    1.4650464233706088E14    1.5635211381316828E14    1.655005522085474E14     1.741153541939347E14     1.822923459504667E14     1.8912456651094947E14
0.060978754578754596      -0.03631406249999998     2.447021960569569E12     5.663871865333884E12     8.763488466944587E12     1.1649487565809303E13    1.4333840175119143E13    1.6844698940589047E13    1.9219013770019453E13    2.1429757790433008E13    2.354734571764897E13     2.555974942777003E13     2.7497670050811277E13    2.9348543207274375E13    3.1139715502200984E13    3.287418366894473E13     3.4349151989113984E13
0.09958644688644687       0.002591836734693877     1.5931093245408256E13    3.713379596068578E13     5.753888125198056E13     7.597917150265386E13     9.271154263851042E13     1.0867565424326595E14    1.2376085742454461E14    1.3790154927637983E14    1.5116834964215447E14    1.6358223820084697E14    1.7537789209624103E14    1.8666834110250238E14    1.98110180033095E14      2.0899480662261294E14    2.179311030591761E14
0.09739780219780218       0.0034557823129251816    9.866533081441967E13     2.0688318334071203E14    2.973995203942525E14     3.7546985077164644E14    4.4415237192161344E14    5.06372664939876E14      5.636619850114944E14     6.160623554390531E14     6.653771975354845E14     7.114101488152526E14     7.546325385045298E14     7.956075124152652E14     8.358311551658459E14     8.738235442932844E14     9.054938529395338E14
0.09442124542124539       0.004406122448979592     2.6879650249084344E14    4.990631070225015E14     6.843936214929628E14     8.403622913641679E14     9.753466477961312E14     1.0967033774647565E15    1.2078715875213568E15    1.3088773840446045E15    1.4034897120742255E15    1.4914340261275198E15    1.5741241997851145E15    1.6525459410510248E15    1.728792808687959E15     1.8009925118243422E15    1.8612118398180098E15
0.09065677655677654       0.005442857142857142     4.656550861909171E14     8.170579097801449E14     1.0959270423216545E15    1.329487069287298E15     1.531779298889354E15     1.7142805794108555E15    1.881404496640522E15     2.0331707825024655E15    2.1753699944882945E15    2.307430631939829E15     2.4316238213276925E15    2.5494308983553065E15    2.663665383844769E15     2.7719527862869285E15    2.862334228231857E15
0.0861043956043956        0.006565986394557824     6.818943468057058E14     1.1693940820560512E15    1.5543933853643645E15    1.8763627930764882E15    2.1554340891171222E15    2.4074501403070155E15    2.6382089228841595E15    2.8477971765742015E15    3.044180232290379E15     3.22649212123428E15      3.397999930592675E15     3.560727333224082E15     3.718166050326523E15     3.867592368642635E15     3.99240608260664E15
0.08076410256410256       0.007775510204081633     9.166176592889055E14     1.55412807326235E15      2.0563628520248195E15    2.476240074890345E15     2.8404804461688055E15    3.1695883188732425E15    3.4709494279742435E15    3.7448099814132415E15    4.001470038226461E15     4.2397008807311265E15    4.4639157316404765E15    4.676725668235573E15     4.882190302065494E15     5.077474581468561E15     5.240766120119898E15
0.07463589743589742       0.009071428571428576     1.1609902044191818E15    1.95724176864233E15      2.5840186289701005E15    3.1083919891270665E15    3.563786358930302E15     3.9754860151944465E15    4.352570632653251E15     4.695561910348399E15     5.017143484867043E15     5.315629687517754E15     5.596704263360779E15     5.863601797762924E15     6.120758080518117E15     6.365585029584451E15     6.57058193935854E15
0.06929560439560437       0.01045374149659864      1.3499511093106808E15    2.272096928494564E15     2.9983103953578095E15    3.606827376445264E15     4.136004102425417E15     4.614707109476248E15     5.053365077384149E15     5.452817606470707E15     5.827537549520345E15     6.175372967081057E15     6.503069660831487E15     6.814372574499962E15     7.113830964398558E15     7.399390993266921E15     7.638819594827568E15
0.06474322344322345       0.01192244897959184      1.4891152720166265E15    2.508418123291239E15     3.3123628940714155E15    3.987594889181423E15     4.575792414245178E15     5.108346921256596E15     5.596705720182527E15     6.042014966991948E15     6.460010450191541E15     6.848078909353535E15     7.213836158191139E15     7.561439521235821E15     7.895392889713487E15     8.21433763305941E15      8.482116608237422E15
0.06097875457875458       0.013477551020408169     1.582371049877517E15     2.673992214313802E15     3.5375813779952885E15    4.2652672557680735E15    4.900620897552104E15     5.476656906418726E15     6.005464198038889E15     6.488436317241745E15     6.942069936007334E15     7.36339102022987E15      7.760691315246918E15     8.138441548728342E15     8.50100588038739E15      8.847765069319593E15     9.139275790197792E15
0.058002197802197814      0.014946258503401371     1.625711360038528E15     2.762472965406416E15     3.6659015835490355E15    4.4301600999447705E15    5.099373771172659E15     5.707263435790647E15     6.266125317294568E15     6.777496936057907E15     7.258096149346846E15     7.704794005892353E15     8.126297648458385E15     8.527270582593457E15     8.911850964334949E15     9.280080007747748E15     9.590006306454698E15
0.055813553113553106      0.01632857142857143      1.6126239521933422E15    2.761097571928859E15     3.6788295798592315E15    4.458269502281988E15     5.142868551960823E15     5.766045813981422E15     6.339863094870532E15     6.865878276893219E15     7.360484125292435E15     7.820653733835928E15     8.255193879166221E15     8.668793757113853E15     9.065317633872984E15     9.445293395585612E15     9.76543077651901E15
0.054412820512820516      0.017624489795918363     1.5407747087386072E15    2.6617223326656325E15    3.5621384874139045E15    4.329383429957716E15     5.005043650268695E15     5.621224703510806E15     6.189350785368518E15     6.71090787088501E15      7.201509720401399E15     7.658410385503699E15     8.090160859001458E15     8.501301291673237E15     8.895426095106598E15     9.273316699272354E15     9.591950048369104E15
0.0538                    0.018834013605442176     1.417249031606935E15     2.472723486958355E15     3.324068441417972E15     4.0509874142704555E15    4.692177598089932E15     5.277630504624173E15     5.817841514889224E15     6.314189361523345E15     6.781192685765924E15     7.216456630513567E15     7.627950374563698E15     8.019934346597835E15     8.395773887263874E15     8.756228608547178E15     9.060312541597382E15
0.05304999999999999       0.019957142857142854     1.2533322368757125E15    2.220162734887714E15     3.00393666166496E15      3.6748385681024E15       4.2678107771250445E15    4.810002817815084E15     5.310777633145096E15     5.771385210539566E15     6.204910675928902E15     6.609314375490383E15     6.991805605277478E15     7.356304205214861E15     7.705879077151008E15     8.041277256976934E15     8.324404053649334E15
0.05229999999999999       0.0209938775510204       1.0410887150783514E15    1.8944658652610532E15    2.589794821275874E15     3.1865162810184155E15    3.715227495689198E15     4.199438073906127E15     4.647193368532744E15     5.059593929507825E15     5.447937595175799E15     5.810524475923136E15     6.153595608523468E15     6.480682543250269E15     6.794502418867546E15     7.095754285812039E15     7.350256242109145E15
0.05155                   0.02194421768707483      7.793901787174618E14     1.4839372370829952E15    2.0648557428036632E15    2.5667309685449E15       3.012961516184767E15     3.4222443828536865E15    3.8013747773763285E15    4.1513336981909995E15    4.481153342071962E15     4.789451883776072E15     5.081245369650194E15     5.359612727794009E15     5.626870123977649E15     5.883620871805614E15     6.100766720601997E15
0.050799999999999984      0.02280816326530612      4.745842515175876E14     9.907694514028649E14     1.4323730031410938E15    1.816004061480279E15     2.1606515933421385E15    2.4798121240788015E15    2.777760730451265E15     3.0541951279440795E15    3.314955399386189E15     3.5584668875230425E15    3.788862029296523E15     4.008884498973888E15     4.220406809063792E15     4.4238819544104465E15    4.596287764483962E15
0.049953333333333315      0.02358571428571428      2.0158892410090644E14    4.633666589930692E14     7.081029884474908E14     9.337029754925149E14     1.1423852145790695E15    1.338273435447677E15     1.5228218771129585E15    1.6965654148741702E15    1.8619221096931222E15    2.0182355330138082E15    2.1681869343158338E15    2.3119652001154085E15    2.450722480689704E15     2.584626765769983E15     2.698610373511423E15
0.04892842105263157       0.024276870748299314     6.194700127536014E13     1.4139591358784866E14    2.1714920303556338E14    2.87834155327586E14      3.539096085085517E14     4.1604021545960456E14    4.745185084993741E14     5.29804976267518E14      5.82531690729248E14      6.324093070886205E14     6.806637857566039E14     7.270044322225039E14     7.717936299903129E14     8.149952446737851E14     8.518382592960158E14
0.09958644688644684       -0.003571874999999997    1.3710843057574295E13    3.1834692564412887E13    4.905079455019069E13     6.49779039386142E13      7.94118046990326E13      9.25683590087003E13      1.0521593331939773E14    1.171160471669699E14     1.2850706339006194E14    1.392664846116982E14     1.493046318431841E14     1.588658953202589E14     1.6829788170472472E14    1.7749429070415038E14    1.8521812345583334E14
0.09739780219780217       -0.005953124999999989    7.427131529819856E13     1.599098703548256E14     2.3150945651331122E14    2.9358826804511844E14    3.4847832213353644E14    3.9790899600124675E14    4.4325159072517944E14    4.8447174161177694E14    5.2320178592759794E14    5.594177318469189E14     5.937033308774109E14     6.263188842941409E14     6.580629327732942E14     6.882622172367344E14     7.134728403380292E14
0.09442124542124539       -0.008929687499999986    1.8525016844541053E14    3.5401600177602506E14    4.902429188401741E14     6.064484246619234E14     7.077401118878141E14     7.984727950118152E14     8.816634895951896E14     9.573346312881371E14     1.0281028870001092E15    1.0938569575223222E15    1.1559059628593972E15    1.2146645261946702E15    1.2714245585843408E15    1.325321962300717E15     1.3702386843153938E15
0.09065677655677655       -0.012501562499999987    2.808746162972934E14     5.0834588605279125E14    6.888608190415514E14     8.420755279756318E14     9.753341941855168E14     1.0945621630242751E15    1.2039097456747918E15    1.3032973116721355E15    1.396171565102673E15     1.482407601312435E15     1.5638204892942665E15    1.6409745576369205E15    1.7153585052411368E15    1.7860214269017782E15    1.8449482543714108E15
0.08610439560439559       -0.01666874999999998     3.301864742935377E14     5.888164156187016E14     7.928900862550558E14     9.657364582623551E14     1.1159546680089088E15    1.2503340588455788E15    1.373618609178698E15     1.485632719469745E15     1.5903268251455595E15    1.6874944967872088E15    1.7792568852399118E15    1.866237495847251E15     1.9499282458017475E15    2.0294705077075068E15    2.0958144232635915E15
0.08076410256410257       -0.021431249999999992    3.1215334060439025E14    5.5911261306190606E14    7.537751492115921E14     9.185537193851302E14     1.0617665921287048E15    1.1899131653968762E15    1.3075153342557555E15    1.4143499481476492E15    1.5142076981768182E15    1.6068393057355478E15    1.6943319031204275E15    1.7772709982581128E15    1.85692496209422E15      1.9326634244032245E15    1.99584695026082E15
0.07463589743589741       -0.025598437499999994    2.4119306009710516E14    4.4173564615426506E14    6.003807944778438E14     7.348494735253895E14     8.518777744301422E14     9.566972479777582E14     1.0529530435841379E15    1.1404248738165862E15    1.2222029619722058E15    1.2980536394776E15       1.369710880852648E15     1.4376406129602275E15    1.5027825027661475E15    1.5647468595230825E15    1.6164534118649215E15
0.06929560439560438       -0.029170312499999983    1.3709741227255586E14    2.6796256333159166E14    3.7313585582262044E14    4.627056196278788E14     5.4084177021966156E14    6.110004605375352E14     6.755147331695825E14     7.342216310967358E14     7.891535167374704E14     8.401380550598966E14     8.883214566245346E14     9.339865546208749E14     9.777213857025755E14     1.0193386731357232E15    1.0540818049043826E15
0.06474322344322345       -0.032146874999999984    4.527130082793895E13     1.0245144242015681E14    1.5184170834338388E14    1.951542431673207E14     2.337093153878039E14     2.68772853439551E14      3.0131565792892275E14    3.311367468316287E14     3.5918872808011925E14    3.8531241279003425E14    4.100648879742589E14     4.33512566723755E14      4.5596478695711975E14    4.773256770713937E14     4.9518680734619606E14
0.06097875457875458       -0.03452812499999998     7.628763360572257E12     1.890919701188833E13     2.9704968212124266E13    3.9735516863086914E13    4.893222170938916E13     5.7360729816582016E13    6.527718978534077E13     7.263431421680489E13     7.960990026757311E13     8.614859260377233E13     9.235086102968953E13     9.822627301142902E13     1.0377072272191777E14    1.0893944167514067E14    1.1326359600412398E14
0.058002197802197814      -0.03631406249999998     1.2548590762123743E12    2.8073633237528535E12    4.305726848107634E12     5.735241301873417E12     7.090310775279587E12     8.375275422074882E12     9.604011721035865E12     1.0774822409965502E13    1.190823512281972E13     1.2992742378808734E13    1.404654149815146E13     1.5065642991314217E13    1.6047967368198236E13    1.6997438412046768E13    1.7808712260289945E13
0.09958644688644688       0.0018142857142857155    1.5699660386124371E13    3.662802641515995E13     5.66824078031763E13      7.495214037468795E13     9.154065249016908E13     1.0721231668518003E14    1.2206134857953325E14    1.3600101510941319E14    1.4911934437551794E14    1.613600360780068E14     1.7301862202933984E14    1.8416835255569534E14    1.9542167743295494E14    2.0621268470803084E14    2.1507144174008378E14
0.09739780219780217       0.0025918367346938784    9.694931011597183E13     2.039192836299669E14     2.9295443824228444E14    3.704828331427635E14     4.387382529939305E14     5.0005529271816944E14    5.565753007540367E14     6.083540731498785E14     6.569912884656268E14     7.025247741832611E14     7.45477919493132E14      7.861679571067554E14     8.260336364379599E14     8.636924577958492E14     8.950451423409559E14
0.0944212454212454        0.003455782312925177     2.648412797751655E14     4.929474538688835E14     6.75578810102522E14      8.308927073150545E14     9.65570946810842E14      1.0854491599893891E15    1.1953985395838168E15    1.2954668821888582E15    1.38901412703303E15      1.4761258377949278E15    1.5583774591437588E15    1.6363646796088092E15    1.7121018503919088E15    1.78376677385125E15      1.843515651409355E15
0.09065677655677655       0.004406122448979593     4.594469251866016E14     8.078596328554536E14     1.0827412016933948E15    1.3154866983055168E15    1.5172942600249052E15    1.6975187745463765E15    1.862821974052495E15     2.0131933821805362E15    2.1537805652042355E15    2.2846131305598135E15    2.408170507782885E15     2.5253304672834135E15    2.638806790931948E15     2.74628660707334E15      2.8359452138180215E15
0.08610439560439559       0.005442857142857146     6.731324059002804E14     1.1565381269150968E15    1.535925958195947E15     1.8567758768157188E15    2.1351072256942152E15    2.383858099682428E15     2.612022756541015E15     2.819620514647605E15     3.013708596894937E15     3.1942696550328275E15    3.3648562074814285E15    3.526641823519925E15     3.6829952151964455E15    3.831255148737187E15     3.955026268745084E15
0.08076410256410252       0.0065659863945578215    9.048499709378271E14     1.5367646656047652E15    2.0313721379275E15       2.4495684455716625E15    2.8125965326371475E15    3.137170470051158E15     3.434906329778122E15     3.7059532693014935E15    3.9594122480565165E15    4.195170873550303E15     4.41800938461867E15      4.629418578674768E15     4.833310182758932E15     5.02691060393411E15      5.188701066937792E15
0.07463589743589742       0.007775510204081636     1.1454625581879922E15    1.9338447676227365E15    2.5502613325402205E15    3.0717990587214135E15    3.5249727704610295E15    3.930318636183134E15     4.3022335349743915E15    4.641115863177349E15     4.958136718089491E15     5.253006930368158E15     5.531858815152029E15     5.796520064660725E15     6.051253314919628E15     6.293527722417577E15     6.496263381135385E15
0.06929560439560438       0.009071428571428584     1.332016594391409E15     2.2442382537443525E15    2.95754318175242E15      3.5618890690380435E15    4.087619953167977E15     4.558094365923614E15     4.989934980287073E15     5.383841528875979E15     5.752532347533776E15     6.095459784707069E15     6.419886514533131E15     6.727923723451533E15     7.023932347283464E15     7.305909484964878E15     7.542176536059219E15
0.06474322344322345       0.010453741496598641     1.4731535845735522E15    2.4822455008817735E15    3.271969276794287E15     3.9423987948618375E15    4.526444352316567E15     5.049444278314526E15     5.529778200781428E15     5.96844620284422E15      6.379281082624053E15     6.761394389165367E15     7.123001304989138E15     7.466457060353469E15     7.796072545889589E15     8.110544556626512E15     8.374371788177441E15
0.06097875457875458       0.011922448979591839     1.5792916402050132E15    2.666286129891461E15     3.5187813930582955E15    4.244530291114307E15     4.878014764217658E15     5.445924612559885E15     5.967977834552249E15     6.445430658347822E15     6.892868114351439E15     7.309082228416164E15     7.703094813189719E15     8.077460952256682E15     8.436361210818697E15     8.779269169985545E15     9.067311884665656E15
0.058002197802197814      0.013477551020408169     1.6502332742733528E15    2.7984421476647115E15    3.702729331372365E15     4.4754307772783625E15    5.151738873520422E15     5.759200050085187E15     6.318369584799245E15     6.83067869398638E15      7.311081224101952E15     7.758224328962676E15     8.181743918217897E15     8.58434367998534E15      8.970013492079035E15     9.338945223941938E15     9.649226919268222E15
0.055813553113553106      0.014946258503401364     1.6735318238304538E15    2.856126276855336E15     3.792581677280728E15     4.595894977411179E15     5.301197199792505E15     5.936185996761547E15     6.521627399340019E15     7.059006293899582E15     7.563175343682335E15     8.032882624309924E15     8.478087658170395E15     8.901546872477863E15     9.307005060119666E15     9.695190917141492E15     1.0022004586039216E16
0.054412820512820516      0.01632857142857143      1.6398321622463505E15    2.8197496845658075E15    3.7591412017657765E15    4.56756018812256E15      5.279279913545908E15     5.92140360452544E15      6.514241966093774E15     7.059232950033625E15     7.570749924926999E15     8.047801348362587E15     8.500285354289539E15     8.930894815539193E15     9.343141769036484E15     9.738051166768934E15     1.0070796107884674E16
0.0538                    0.017624489795918366     1.5501402853607568E15    2.686431724636261E15     3.594918289968715E15     4.3782861094961645E15    5.069147654128693E15     5.693348648782758E15     6.270109063255864E15     6.800783058796514E15     7.298986700054008E15     7.764019585690416E15     8.205325782472965E15     8.625460092981801E15     9.027758298259792E15     9.413252069616612E15     9.738245205744862E15
0.05304999999999999       0.018834013605442172     1.421983137691393E15     2.491446970382766E15     3.3506985754700125E15    4.093286584952561E15     4.749481103634112E15     5.343308798222901E15     5.892498175008508E15     6.398300995889184E15     6.873304816255833E15     7.317058682237359E15     7.738361549936562E15     8.13961062970827E15      8.523909262150143E15     8.892298228045787E15     9.203070376302142E15
0.05229999999999999       0.01995714285714285      1.2508617704311265E15    2.2273282753834302E15    3.016441565411208E15     3.700024975358113E15     4.305371921355613E15     4.854143554899041E15     5.36215187222805E15      5.830531031590878E15     6.270564011894003E15     6.681996585903632E15     7.072754176064494E15     7.445067817067506E15     7.80176444757073E15      8.143855837924945E15     8.432651220978002E15
0.05155                   0.020993877551020404     1.0310386179430831E15    1.889682419447648E15     2.5884840648461605E15    3.1948449843582475E15    3.733013121269164E15     4.22191810250484E15      4.675018032508736E15     5.093318484528513E15     5.486521793383445E15     5.854530008671186E15     6.204128141416713E15     6.53738771819715E15      6.856818706992233E15     7.163357348451997E15     7.422366763568343E15
0.05079999999999999       0.02194421768707483      7.667137596450644E14     1.4742641329473332E15    2.0558659694671915E15    2.5635427161063035E15    3.0167304508511935E15    3.429903898011987E15     3.813006583815599E15     4.1673564236072585E15    4.5007745182397315E15    4.813208163268919E15     5.109939978907078E15     5.392967777420056E15     5.664462678611575E15     5.925233865864192E15     6.145839981330104E15
0.049953333333333315      0.02280816326530612      4.6505865164672856E14    9.8215186403121E14       1.4248400208415005E15    1.8141779805756058E15    2.1637458431816842E15    2.4852042357558215E15    2.785730647737553E15     3.066452713882478E15     3.3313488857088325E15    3.579873934110433E15     3.814927058786565E15     4.039259474084984E15     4.2547767296217825E15    4.4620966901142335E15    4.637841266429385E15
0.04892842105263157       0.023585714285714276     2.0019691344763288E14    4.638170369823077E14     7.10979108964981E14      9.409152738816066E14     1.1547438235651145E15    1.3545795288390045E15    1.5431795092818012E15    1.7214010973811112E15    1.8912277392352528E15    2.0518726421930552E15    2.2063384148772475E15    2.3548931094997435E15    2.4981902474475705E15    2.6365220297277235E15    2.7543599239703495E15
0.047725263157894736      0.024276870748299314     6.325954695472446E13     1.4496731507168016E14    2.2288450446873294E14    2.963235959073949E14     3.6525356899185544E14    4.297867569888615E14     4.90652625515572E14      5.483913695163668E14     6.035150591856919E14     6.558458416117864E14     7.066943627668794E14     7.554729416838571E14     8.026046380994225E14     8.480933454468888E14     8.869203589597612E14
0.09958644688644684       -0.001785937499999995    1.4403703277513594E13    3.3438919776076953E13    5.165727926787238E13     6.827839523159475E13     8.336924556489111E13     9.732227729975075E13     1.1072053783305662E14    1.2329797724623845E14    1.3534005865924469E14    1.465455427404825E14     1.5707649533326953E14    1.6712838543979744E14    1.7709494137548047E14    1.8683247080816588E14    1.9491789026235162E14
0.09739780219780217       -0.00357187499999999     8.113969586963412E13     1.7306998737456653E14    2.5008259694321638E14    3.164184251187617E14     3.7480458494322325E14    4.2784188648765025E14    4.7624980270369875E14    5.206036038685741E14     5.623374244832922E14     6.012790550598689E14     6.380594963583041E14     6.729323592320621E14     7.069522975028182E14     7.393268014590576E14     7.663241511073615E14
0.0944212454212454        -0.005953124999999986    2.0711362055579244E14    3.914842200817728E14     5.407441611951751E14     6.666118374691845E14     7.760708343446832E14     8.748969919288584E14     9.653469451211209E14     1.0474892440432342E15    1.1243490361955271E15    1.1956075810139002E15    1.2625472333223732E15    1.3259456564479078E15    1.3873333560509938E15    1.4456245035047355E15    1.494230579403247E15
0.09065677655677654       -0.008929687499999993    3.24755027302414E14      5.808735249564838E14     7.84940888924361E14      9.56070362794538E14      1.1045614208587259E15    1.2385885077505758E15    1.3612905484311292E15    1.4726342724128788E15    1.5769111106677215E15    1.6735893797076482E15    1.7644751516314865E15    1.8506057905430518E15    1.9337893738277875E15    2.01281955908541E15      2.0787474567142552E15
0.0861043956043956        -0.012501562499999997    4.038073910923919E14     7.095342540625091E14     9.516375368007195E14     1.154162546493918E15     1.3298084354444915E15    1.4884187373934415E15    1.6336560855972088E15    1.7654218171156768E15    1.888848404801409E15     2.0032189120704288E15    2.1107573958822345E15    2.2126846778232562E15    2.3109194899334355E15    2.4043075837497605E15    2.482238549913726E15
0.08076410256410252       -0.016668749999999982    4.185351638733668E14     7.337648167737772E14     9.828582099091288E14     1.1910850275197218E15    1.3716764450281128E15    1.5347756894160472E15    1.6841473469363735E15    1.8196454698982032E15    1.9465779299855078E15    2.0641346036201148E15    2.1746857954274872E15    2.279476849448676E15     2.3802883109206775E15    2.476181322751812E15     2.55622215400492E15
0.07463589743589744       -0.021431250000000002    3.435699728811425E14     6.110090743607144E14     8.226531641497452E14     9.997439035152292E14     1.1534540998915325E15    1.292342808671774E15     1.4196083837328515E15    1.5350688499839072E15    1.6432513437513625E15    1.7434082232391675E15    1.8376199169359745E15    1.9269273947242932E15    2.0127026402701575E15    2.094334663624768E15     2.1624822476575168E15
0.0692956043956044        -0.025598437499999994    2.2066296387472934E14    4.079483883920383E14     5.57487232583338E14      6.83062449494741E14      7.922741911849754E14     8.910763201000861E14     9.817196802869544E14     1.0640143019217572E15    1.1411644093260208E15    1.212608005297932E15     1.2798451639775715E15    1.3435856528208835E15    1.404735119845595E15     1.4629562359445805E15    1.511571059631796E15
0.06474322344322343       -0.029170312500000004    9.981836547282055E13     2.0472999928114106E14    2.910196019102539E14     3.643801876674057E14     4.2855114333677194E14    4.867839301609842E14     5.4030428052495694E14    5.889977843608972E14     6.347335505360436E14     6.771525980248921E14     7.171222092237644E14     7.550043924402392E14     7.913180382287619E14     8.259082046660376E14     8.548093959167865E14
0.06097875457875458       -0.032146875             2.2380389782681164E13    5.528980080414091E13     8.573131824229061E13     1.1302937339173639E14    1.3775295248591783E14    1.606499712690913E14     1.8206578032732262E14    2.018410256779759E14     2.2060813147066756E14    2.3817661399712238E14    2.5484398819645178E14    2.7067486635161544E14    2.8590809234536775E14    3.004793681329307E14     3.1270537790380856E14
0.0580021978021978        -0.03452812499999998     2.868226992602262E12     6.984679916901346E12     1.1117149050928988E13    1.5062933966392463E13    1.879089852903395E13     2.2345157372675043E13    2.577451366067913E13     2.9003741463624684E13    3.2098887853088188E13    3.5043038681767434E13    3.7873230437916125E13    4.059869614897623E13     4.323121135612245E13     4.574414512185361E13     4.7871872606772766E13
0.055813553113553106      -0.03631406249999997     4.89830637742733E11      1.000367423860499E12     1.4713377237847341E12    1.907358772733771E12     2.3146491709017593E12    2.7040912280477773E12    3.078829106656621E12     3.4337601794575737E12    3.7759678681023203E12    4.104291851326225E12     4.424434255718215E12     4.734566197506385E12     5.039222213729503E12     5.334074996660985E12     5.586515265084376E12
0.0995864468864469        0.001123129251700683     1.545790979883981E13     3.598118878369147E13     5.5719661096961055E13    7.357318424744502E13     8.97652094358724E13      1.0510818653802962E14    1.1966813436407203E14    1.3332207715787938E14    1.4624596154492216E14    1.5824534244528553E14    1.69630334975439E14      1.8050702152115538E14    1.9144130599254525E14    2.020068602061658E14     2.106870868995774E14
0.09739780219780217       0.0018142857142857162    9.513893675740569E13     2.0008859249407266E14    2.8785807994624994E14    3.6358727121782094E14    4.3016207835608844E14    4.9048700698853444E14    5.460108323876883E14     5.968060739524214E14     6.445982387303575E14     6.892844570532005E14     7.313034747584168E14     7.711243228483115E14     8.101197667561724E14     8.470004563702186E14     8.776972847849902E14
0.09442124542124539       0.0025918367346938823    2.6044931564242147E14    4.8445829614698825E14    6.648619583649822E14     8.167006652632568E14     9.483278064833836E14     1.0666097083408036E15    1.17488164276852E15      1.273260004195796E15     1.3654235913464135E15    1.4510523879397418E15    1.531554549132025E15     1.6078961589684488E15    1.6820818444147082E15    1.752352842319378E15     1.810966570189271E15
0.09065677655677654       0.003455782312925177     4.52243390945634E14      7.943957199804891E14     1.0660094895375578E15    1.2934412641845545E15    1.4904953857141975E15    1.6682585837351942E15    1.83101476694764E15      1.978807698458932E15     2.1172791510783052E15    2.2458588773029385E15    2.3667658044683045E15    2.481440573522968E15     2.5925961001520865E15    2.6979947696594315E15    2.785956862219842E15
0.08610439560439562       0.004406122448979597     6.625535349498349E14     1.1370006998342385E15    1.511675171950287E15     1.824959988315521E15     2.0965079784075498E15    2.3417032319599395E15    2.566205084530318E15     2.7700987768412095E15    2.9611442064635725E15    3.1384780524659565E15    3.305290651588516E15     3.4635499108353235E15    3.6166325876215015E15    3.761948037714534E15     3.8833189377033845E15
0.08076410256410252       0.00544285714285715      8.900109323209584E14     1.50951802189551E15      1.9974203691069182E15    2.4052267915369335E15    2.7589451040170015E15    3.078490471630943E15     3.3710766371889685E15    3.636938381468218E15     3.886102407573055E15     4.1173442310444145E15    4.334958984370108E15     4.541487680458599E15     4.740865605487652E15     4.930377407197132E15     5.088824584229363E15
0.07463589743589744       0.0065659863945578285    1.1247423173162364E15    1.895934776055888E15     2.5025637376665605E15    3.0098818679580495E15    3.4503291017834405E15    3.8483927828420915E15    4.2129377443845905E15    4.544467110257711E15     4.855298702150315E15     5.143748616457456E15     5.415325789563945E15     5.673175640821995E15     5.921605919316725E15     6.158120644494095E15     6.356121321030937E15
0.0692956043956044        0.007775510204081638     1.305330914765597E15     2.195209158936058E15     2.895014226959719E15     3.4809662576815325E15    3.990220675238465E15     4.450638274598131E15     4.872417571396922E15     5.256375643646944E15     5.616543430737118E15     5.950742851912208E15     6.265496096395947E15     6.564443009247596E15     6.852012271415127E15     7.126205602366456E15     7.356030817724964E15
0.06474322344322345       0.009071428571428584     1.4420910092305218E15    2.4238712674261025E15    3.1960534567698045E15    3.843702718974118E15     4.407246549892864E15     4.916934936731441E15     5.384054938859059E15     5.809732443602448E15     6.209253252059098E15     6.579882213832761E15     6.929004371955995E15     7.2606728966879E15       7.579288627522474E15     7.883529661849108E15     8.138829085466855E15
0.06097875457875458       0.01045374149659864      1.5505941826354718E15    2.6083081843642785E15    3.4409918463843925E15    4.141031059971505E15     4.751118641658139E15     5.303265465964793E15     5.809647799607659E15     6.271654363782589E15     6.70551150000472E15      7.107912887163981E15     7.487023919005108E15     7.847248546105809E15     8.192885856608698E15     8.523403133837468E15     8.801061094240507E15
0.0580021978021978        0.011922448979591839     1.639596476638907E15     2.766196965174024E15     3.655854512175354E15     4.4063993779571275E15    5.062078868078846E15     5.656371515007599E15     6.202053467671539E15     6.700718435209742E15     7.169253880199363E15     7.603938489865188E15     8.013630232597515E15     8.403045318664653E15     8.776346297653521E15     9.133757734433456E15     9.434348724286614E15
0.055813553113553106      0.013477551020408166     1.6972613598558178E15    2.879285433703471E15     3.8176793362928955E15    4.61261446602399E15      5.309289267689345E15     5.942187557534553E15     6.524312233690775E15     7.057333823725321E15     7.55840594319207E15      8.023745644442264E15     8.46267847083457E15      8.880142254384704E15     9.280104134048236E15     9.663360487004974E15     9.986028961928426E15
0.054412820512820516      0.014946258503401368     1.703084466349997E15     2.9082550515369655E15    3.870382242189179E15     4.688390983023823E15     5.407394375576174E15     6.061990299490961E15     6.665015475872687E15     7.218121362161485E15     7.738286315168585E15     8.221942783856166E15     8.678549382822248E15     9.113081231408368E15     9.529304302258378E15     9.928357286453666E15     1.0264610757396742E16
0.0538                    0.016328571428571425     1.6500378065219278E15    2.836555716151965E15     3.788013467297808E15     4.598820670998901E15     5.312904497641512E15     5.964013143900323E15     6.564410024599985E15     7.115672266681335E15     7.634233282081245E15     8.116911817967127E15     8.572912371815206E15     9.007066544252975E15     9.423000902012394E15     9.821892437889022E15     1.0158212879700584E16
0.05304999999999997       0.01762448979591836      1.5589248732734905E15    2.703087502201543E15     3.6248189615681865E15    4.4122550128223325E15    5.107200482453667E15     5.741832349348606E15     6.327627594830782E15     6.866056732483678E15     7.372688475356238E15     7.844736225558848E15     8.290981237127951E15     8.71603102420734E15      9.123315852038474E15     9.514057611293404E15     9.843718832258616E15
0.05229999999999999       0.018834013605442176     1.4254863801927665E15    2.5005164108444085E15    3.3709358398696095E15    4.116478070434351E15     4.775851505251213E15     5.37891914588676E15      5.936136754739402E15     6.448841596814491E15     6.931415382385034E15     7.381484147309669E15     7.807193840911897E15     8.212855220325966E15     8.601663115411307E15     8.974837618386841E15     9.289894494941196E15
0.05155                   0.019957142857142854     1.2488199534118472E15    2.2280816707759652E15    3.0258707843084385E15    3.711158161541601E15     4.3186054664286605E15    4.875061867779716E15     5.38976392894144E15      5.86388633595884E15      6.310306690594262E15     6.727066812141847E15     7.121456817474763E15     7.497439054919922E15     7.857930228055485E15     8.20410640536067E15      8.496597851748619E15
0.05079999999999999       0.020993877551020407     1.0241217483855555E15    1.882929309236871E15     2.588194235982979E15     3.1958567102540765E15    3.7354756051871605E15    4.230545232324591E15     4.689060325057003E15     5.111957853581812E15     5.510339930977717E15     5.882659678060244E15     6.235102627356071E15     6.571255586391066E15     6.893724242177887E15     7.203594119724602E15     7.465658779796347E15
0.049953333333333315      0.02194421768707483      7.583214522264804E14     1.4672676937520822E15    2.0545538438546212E15    2.563181191651407E15     3.0172876759636715E15    3.4361395869847105E15    3.82515340781747E15      4.1842184341645845E15    4.522783768404606E15     4.839620835008468E15     5.139478116122573E15     5.425604194244555E15     5.700303154813179E15     5.964534796459982E15     6.188304876518556E15
0.04892842105263157       0.02280816326530612      4.611377789220413E14     9.811813396287496E14     1.4301314520569708E15    1.823742981756021E15     2.176849551670727E15     2.5046211373086715E15    2.8107171022457595E15    3.0967025894160805E15    3.367872625633322E15     3.6223624080074055E15    3.862438197475023E15     4.0912632877351795E15    4.31127840468609E15      4.523252935162927E15     4.703163037975979E15
0.047725263157894736      0.02358571428571428      2.01803004774695E14      4.698093719171436E14     7.236012900314979E14     9.590606170949555E14     1.1787091529014742E15    1.385735462624103E15     1.5811667697650505E15    1.76590582322683E15      1.9426294186975108E15    2.1097406947126155E15    2.270514974093167E15     2.424937011213928E15     2.5739972077538115E15    2.718120334567016E15     2.841059570477262E15
0.0463438596491228        0.024276870748299314     6.525138366603315E13     1.4971108640049303E14    2.309341379696164E14     3.0732081073075E14       3.792301505018633E14     4.471779910391855E14     5.1133777170553544E14    5.723222649919731E14     6.306758493830902E14     6.864761269806138E14     7.404169534259899E14     7.92127791030428E14      8.421408869742845E14     8.905028827752929E14     9.318614190158018E14
0.09958644688644684       -5.95312499999995E-4     1.4866043999094637E13    3.4606916703331895E13    5.346778701726876E13     7.074482200021294E13     8.644846978071877E13     1.0100776306018623E14    1.1494181234524656E14    1.280304846135553E14     1.4050716835866973E14    1.5206640836776184E14    1.6303300548674375E14    1.7350309731022116E14    1.8392475833500084E14    1.94077952131665E14      2.0245087076394453E14
0.09739780219780216       -0.001785937499999995    8.619265373123312E13     1.831561893696623E14     2.6394242479620462E14    3.3423848883404556E14    3.961255389267437E14     4.517910712357109E14     5.0291865156758906E14    5.4980432937225644E14    5.937963549610226E14     6.350049243971979E14     6.7398927791277E14       7.109634455560718E14     7.470849101139845E14     7.814033739552581E14     8.099853912585539E14
0.09442124542124539       -0.0035718749999999926   2.2399781891925216E14    4.216155255650422E14     5.80430563799092E14      7.157135995090804E14     8.334444725990764E14     9.386616585625128E14     1.035067016745446E15     1.1225888422422274E15    1.2043440759034835E15    1.280389497431495E15     1.3521484865781332E15    1.4201779297510462E15    1.4860969551516732E15    1.5486064545627748E15    1.6007182003396538E15
0.09065677655677654       -0.005953124999999985    3.6045548419645575E14    6.416665744816748E14     8.641701225104049E14     1.0527320704813655E15    1.2164702755666998E15    1.362808610499472E15     1.496962083989218E15     1.6189004248316278E15    1.7328758593970935E15    1.8388162552607042E15    1.93884869309349E15      2.0336848182108638E15    2.1253194202934395E15    2.2122849387982198E15    2.284812887783123E15
0.0861043956043956        -0.008929687499999988    4.6717103047735944E14    8.154813115514352E14     1.0892407718837968E15    1.3208527912774898E15    1.521953852208718E15     1.7016891377193452E15    1.8664982108579598E15    2.0163104007450778E15    2.156341009260606E15     2.286426028153282E15     2.40928438895135E15      2.5257740949396585E15    2.638097550631175E15     2.74477812517353E15      2.8337876282674655E15
0.08076410256410255       -0.012501562499999985    5.155373775863838E14     8.948786885510702E14     1.1922410098558245E15    1.443631598513415E15     1.6618972712378298E15    1.8569738418287252E15    2.035868586226732E15     2.198476644179381E15     2.3504798114068635E15    2.4916155683127225E15    2.6249330521822975E15    2.7513508545876795E15    2.873026095256005E15     2.9886700812317735E15    3.085191302039546E15
0.07463589743589741       -0.01666874999999999     4.6806411054657975E14    8.178938502660138E14     1.0921947154509266E15    1.3241569697080495E15    1.525645786664403E15     1.705784967656337E15     1.8710280244988615E15    2.021235661102858E15     2.1616756411768972E15    2.292014487344731E15     2.4151518570508135E15    2.5319229996634775E15    2.644135932600193E15     2.750852816326763E15     2.839938575328931E15
0.06929560439560438       -0.021431249999999992    3.215869764970775E14     5.773501815424215E14     7.790473223342022E14     9.4999967114732E14       1.0987328352560632E15    1.2318779378576442E15    1.3541306696981365E15    1.4652977094196988E15    1.5692883439371788E15    1.665785617465394E15     1.7569813531327618E15    1.8434715927618808E15    1.9264868472988295E15    2.005476603434808E15     2.071418755132414E15
0.06474322344322345       -0.025598437499999994    1.7055355924229428E14    3.2629819852337006E14    4.511882078184889E14     5.577270484635381E14     6.50802239118386E14      7.343663002658186E14     8.112546428259408E14     8.81246298395034E14      9.468041844575089E14     1.0076747498506802E15    1.0652453980295984E15    1.1198584747762399E15    1.1722437135604402E15    1.222116247748196E15     1.2637656067723455E15
0.06097875457875458       -0.029170312499999986    5.3713170466756586E13    1.2305784153861066E14    1.8320147234904975E14    2.3591405998157394E14    2.827000593722008E14     3.251305671534597E14     3.6436937205694444E14    4.002476553393661E14     4.339926305006851E14     4.654231714062879E14     4.9520673647274956E14    5.234585132328123E14     5.5057459700378456E14    5.764076784821535E14     5.98004142797406E14
0.058002197802197814      -0.03214687499999999     7.060465050975106E12     1.8495433060269625E13    3.0186311504088953E13    4.147324186811642E13     5.2172151961067195E13    6.233811321548634E13     7.209519623026103E13     8.130594100040575E13     9.018121993406345E13     9.86262089397981E13      1.0677321372191039E14    1.1460452980247183E14    1.2219677985902339E14    1.2950252500153344E14    1.3568564349105145E14
0.055813553113553106      -0.03452812499999998     8.12732040728347E11      1.7569380162808323E12    2.6547140220824287E12    3.5058004716414194E12    4.308317817292359E12     5.075529425279612E12     5.82023270339729E12      6.523533180862471E12     7.202001817349351E12     7.852575737596382E12     8.487122703043409E12     9.103898670708318E12     9.705066034954354E12     1.0288160926838973E13    1.078509705597282E13
0.09958644688644684       5.183673469387828E-4     1.526371366992975E13     3.556897761445943E13     5.500073474883684E13     7.274562945330162E13     8.886580782520781E13     1.0395687498608355E14    1.1832911471048144E14    1.31824689627608E14      1.446223121300766E14     1.564933973512199E14     1.6778728626604416E14    1.785740755886669E14     1.8937059834954894E14    1.9983998893209088E14    2.0845026323309884E14
0.09739780219780216       0.0011231292517006818    9.360981009371855E13     1.9748303940327425E14    2.839350383853411E14     3.592405851902892E14     4.255223549160691E14     4.85065707799428E14      5.399290906468421E14     5.901926435896825E14     6.373820622078322E14     6.816093492543682E14     7.2337432726916E14       7.629789005025391E14     8.0173826551894E14       8.383918201784469E14     8.688802170030415E14
0.09442124542124539       0.0018142857142857155    2.5670754285335512E14    4.7872422476424156E14    6.565797262287705E14     8.078865859648745E14     9.392772805295044E14     1.056240230146017E15     1.163402060718045E15     1.260923022259234E15     1.3521021683816872E15    1.43698647561548E15      1.517125730399643E15     1.5931169211491545E15    1.6668990754780698E15    1.7367515509089508E15    1.7949985579150818E15
0.09065677655677654       0.0025918367346938844    4.4602678487722425E14    7.852145560336352E14     1.0528983505495802E15    1.2795414847738888E15    1.476141814920572E15     1.6517064732714812E15    1.8126947701281845E15    1.959127042218718E15     2.0960299451153128E15    2.2234216292526342E15    2.343733555842041E15     2.4578216624843105E15    2.568294636010092E15     2.672966909796322E15     2.7602820601051985E15
0.08610439560439559       0.0034557823129251824    6.531986294457604E14     1.1232272191480572E15    1.4920998449298612E15    1.804050283979668E15     2.0746932654323958E15    2.3165457852458315E15    2.538359634493065E15     2.740159704126435E15     2.928829649191097E15     3.1043284667959985E15    3.2701283959736415E15    3.4273759900600325E15    3.5793178780204695E15    3.7234196129896975E15    3.8437121166564895E15
0.08076410256410252       0.004406122448979595     8.763977932999849E14     1.4892412422377258E15    1.9687831410509972E15    2.3741968693452405E15    2.7261144675182685E15    3.040706400039371E15     3.3292583715558E15       3.591911436074317E15     3.837520376141728E15     4.065944338611919E15     4.281830439969694E15     4.4866356491933725E15    4.684141022038124E15     4.871688497450053E15     5.028402906179278E15
0.07463589743589744       0.005442857142857146     1.104671482811515E15     1.865335359237733E15     2.459699999330523E15     2.9624333341777855E15    3.3991786487512485E15    3.7897238701852455E15    4.1480072044417145E15    4.474405736085426E15     4.779740590489811E15     5.063680786913339E15     5.332150708627834E15     5.586933308780117E15     5.832154741134537E15     6.065371685823773E15     6.260489497279781E15
0.06929560439560437       0.006565986394557828     1.2774102014346565E15    2.1514793884031018E15    2.834060828168845E15     3.412002113005919E15     3.914514833256159E15     4.3639716110085025E15    4.776402181351073E15     5.152472333349803E15     5.504442421981858E15     5.831689731557686E15     6.141186332848872E15     6.43498644843802E15      6.717313654034259E15     6.986212370321478E15     7.211438745180594E15
0.06474322344322345       0.007775510204081641     1.4053562564216928E15    2.3644655697353765E15    3.113058997708675E15     3.7477206818302035E15    4.3000198705967355E15    4.794057753180314E15     5.247526576871619E15     5.661381490945459E15     6.048913267967226E15     6.409070427809087E15     6.749701277877347E15     7.073098144152493E15     7.383438174243949E15     7.679432909392522E15     7.927600115666084E15
0.06097875457875458       0.009071428571428581     1.5075425253335422E15    2.535537113413634E15     3.337592054615222E15     4.018728378966721E15     4.612063001847258E15     5.142897987711317E15     5.630345656485594E15     6.075605445486665E15     6.492759140955329E15     6.880210194934165E15     7.246623330483046E15     7.594499058599153E15     7.927895162797276E15     8.246328978443246E15     8.51355895059488E15
0.058002197802197814      0.010453741496598641     1.602093895923315E15     2.6981527255897325E15    3.5546340087207315E15    4.283988922468442E15     4.920452923637262E15     5.490429365451629E15     6.014258631358719E15     6.493346672146426E15     6.942408017665671E15     7.359399860532453E15     7.753800929954023E15     8.128291026025975E15     8.486800779995442E15     8.829670853063261E15     9.117696542768576E15
0.055813553113553106      0.01192244897959184      1.6854602174880845E15    2.850608685039875E15     3.765469505261056E15     4.547561535585103E15     5.2320168692855E15       5.846343891644052E15     6.411806348773519E15     6.929935758094523E15     7.415837861214703E15     7.867394504870156E15     8.294750316703133E15     8.700758715251543E15     9.08919139422683E15      9.461006618123078E15     9.773675990832754E15
0.054412820512820516      0.013477551020408166     1.7318398923280465E15    2.9470338142039195E15    3.9072109810017335E15    4.731310792008985E15     5.454945676926216E15     6.106181432894313E15     6.70669018646525E15      7.258022963996685E15     7.775317208088455E15     8.256741386144539E15     8.712811881917698E15     9.14644053829935E15      9.561216313113362E15     9.958469578039828E15     1.0292864546659132E16
0.0538                    0.01494625850340136      1.7194074045036112E15    2.9436945943252535E15    3.9160866478930235E15    4.752771102533504E15     5.489158261361844E15     6.15317084672989E15      6.76619027856349E15      7.329714571652391E15     7.858609780179798E15     8.35146785759147E15      8.818757128358364E15     9.263320001065046E15     9.688636125793748E15     1.0096126690865808E16    1.0439397097056382E16
0.05304999999999999       0.016328571428571425     1.6674527111089822E15    2.8756465723639715E15    3.8401020626334255E15    4.67206519964982E15      5.405975621084077E15     6.068984637485022E15     6.68175429450189E15      7.245706890182828E15     7.775165080668031E15     8.269108976452299E15     8.737763674504903E15     9.183850903626726E15     9.61069664979189E15      1.001981564393642E16     1.0364708716030888E16
0.05229999999999999       0.017624489795918363     1.5725646892323018E15    2.7367637998972195E15    3.6706956500400335E15    4.478303177941555E15     5.192316177432459E15     5.838502279140295E15     6.4363372134874E15       6.98714234746212E15      7.504419169215699E15     7.987496335221205E15     8.446118951474153E15     8.88285479225226E15      9.300846337139342E15     9.701649790261094E15     1.0039777241091626E16
0.051549999999999985      0.018834013605442172     1.4342962044491102E15    2.526679496256487E15     3.407718024877541E15     4.171543872169115E15     4.848395452890644E15     5.462066017176313E15     6.030386995819513E15     6.554557227280434E15     7.046989232283688E15     7.507315544616523E15     7.944558713146294E15     8.361119524612179E15     8.759925127610854E15     9.142514525794426E15     9.46552199069416E15
0.05079999999999999       0.019957142857142857     1.2527240057724382E15    2.2461227080869128E15    3.0527034701880465E15    3.753909552283235E15     4.376803335194043E15     4.942651970572705E15     5.467213133260987E15     5.951555436462406E15     6.406749117758762E15     6.832685853048366E15     7.237413578201962E15     7.623175441814518E15     7.992648864549124E15     8.347301813174084E15     8.646977916931134E15
0.049953333333333315      0.020993877551020404     1.0244845031484326E15    1.8948852247264235E15    2.608535606444724E15     3.2308876517818685E15    3.785407857033509E15     4.2901227618416055E15    4.758400966540208E15     5.191340292269211E15     5.598406410943766E15     5.979741915824341E15     6.342132797398464E15     6.687721272513103E15     7.018908888508935E15     7.337064129081894E15     7.606192558671195E15
0.04892842105263156       0.021944217687074823     7.584932932572981E14     1.480302836949137E15     2.0774748100406052E15    2.6006403811278305E15    3.0688059857648585E15    3.497306558720337E15     3.8967044602364645E15    4.2670511074276175E15    4.615269319559445E15     4.941982823763581E15     5.252236380605432E15     5.548271209497819E15     5.832225923746649E15     6.105333583869597E15     6.336716378762595E15
0.04772526315789472       0.02280816326530612      4.64875113996795E14      9.979678189545542E14     1.4582971640445198E15    1.8666177669121602E15    2.2340456412407478E15    2.573151027406641E15     2.8905114443310705E15    3.1875423693221935E15    3.4694778975122315E15    3.734654987957692E15     3.985396838662767E15     4.224778568469114E15     4.454766827387993E15     4.676373213889452E15     4.864575283755573E15
0.04634385964912278       0.023585714285714276     2.067223642435974E14     4.848171876568128E14     7.488310001227949E14     9.96639510893743E14      1.2287454741838502E15    1.4467123169109212E15    1.6529510037538372E15    1.8486450685854868E15    2.0356462305819008E15    2.2135627248906745E15    2.3850671212090315E15    2.549619143634699E15     2.708376778308252E15     2.8619458439348955E15    2.993060679381626E15
0.04478421052631578       0.024276870748299314     6.804787664533917E13     1.5682234378331047E14    2.4226180627052584E14    3.2369881482990856E14    4.006351677684237E14     4.730913093851627E14     5.417369524902981E14     6.073292877065728E14     6.701482091779292E14     7.308463344287884E14     7.89248687203103E14      8.452767784022986E14     8.994621433967262E14     9.519074014148109E14     9.968151157450654E14
0.09958644688644688       6.3449245857327696E-18   1.506697286279632E13     3.5033651234067477E13    5.420743080112654E13     7.1595014587319E13       8.737129058882566E13     1.0218338499898434E14    1.1630843113532767E14    1.2955817465399967E14    1.4217976092466697E14    1.5385538977051197E14    1.649170900783115E14     1.7547945008074162E14    1.8602689404078284E14    1.9628567309479997E14    2.0473419057506644E14
0.09739780219780213       -5.953124999999939E-4    8.92619982224851E13      1.887624866004182E14     2.7200996226499756E14    3.4380060718269644E14    4.0689805594540206E14    4.6408107035607175E14    5.166513053918507E14     5.647531781906519E14     6.099710925611351E14     6.522922938311745E14     6.921314592489328E14     7.299126411750282E14     7.668770648653329E14     8.019631532671544E14     8.311674274411419E14
0.0944212454212454        -0.0017859374999999928   2.3550972028420888E14    4.4095382128266144E14    6.067394285127196E14     7.464061103879069E14     8.677039581678392E14     9.770536574602068E14     1.076931514059196E15     1.1675478853993612E15    1.2524375707952635E15    1.3312623446268945E15    1.4053569804223735E15    1.4755915042720225E15    1.5437263752619945E15    1.6083336060421018E15    1.662213662347713E15
0.09065677655677652       -0.0035718749999999926   3.8683652657854075E14    6.846819724774654E14     9.21563312594273E14      1.1198910943134458E15    1.2918558860638132E15    1.447044108815104E15     1.589062116292003E15     1.7179807054825805E15    1.8387495699729295E15    1.9507965615814615E15    2.0561394297794405E15    2.155997153584605E15     2.2526005276971965E15    2.3442979765306095E15    2.420800712758919E15
0.08610439560439559       -0.00595312499999999     5.1764005734742794E14    8.972653198284615E14     1.1972738893607495E15    1.4480623247510035E15    1.665473308780322E15     1.8617417922674632E15    2.0414151562400698E15    2.2044974119168552E15    2.357279120388845E15     2.4989558992209725E15    2.632179422173753E15     2.758486881153568E15     2.8804207658560915E15    2.9962638917563875E15    3.0929617459163705E15
0.08076410256410252       -0.00892968749999999     5.993259819094692E14     1.0308952934883412E15    1.3709447799606358E15    1.654958584489253E15     1.9011671431407188E15    2.1234569385110025E15    2.3269604138848425E15    2.5116752000253595E15    2.684744070440753E15     2.845156622568407E15     2.9960223454935915E15    3.13907282323426E15      3.2769141561207575E15    3.407980717828214E15     3.5174365747196005E15
0.07463589743589742       -0.012501562499999992    5.852141347702482E14     1.0089717792825126E15    1.3426027115247392E15    1.6212804950570695E15    1.8629327208453098E15    2.0811222700655988E15    2.280897187946774E15     2.4622449384289055E15    2.632191200441216E15     2.7896299212442575E15    2.937716701002754E15     3.078139592059283E15     3.213230629937211E15     3.341776390916375E15     3.4491534082582E15
0.06929560439560438       -0.016668749999999982    4.481316566353743E14     7.858781477692352E14     1.0525963369718576E15    1.2757701368212528E15    1.4694966463811945E15    1.6445158639654572E15    1.8048696672002478E15    1.950466962812273E15     2.0869581398043435E15    2.2133675273421248E15    2.3323001261787045E15    2.445086373641276E15     2.553468166022014E15     2.6566526137218335E15    2.7428392423803565E15
0.06474322344322345       -0.02143124999999999     2.572935186233268E14     4.724875657776695E14     6.444403503284428E14     7.8906735195914E14       9.149326181602494E14     1.0288334724416769E15    1.1333842480177465E15    1.2283924937058392E15    1.3175417051660202E15    1.4001367358943742E15    1.477913175386073E15     1.5516961598145128E15    1.6225460959452872E15    1.6900353257219782E15    1.746409927522038E15
0.06097875457875458       -0.025598437499999994    1.0246786432286008E14    2.1323258902626184E14    3.052531134022148E14     3.83902048865707E14      4.5288893688540875E14    5.157009409008287E14     5.736333514200095E14     6.263488857125705E14     6.759562779053551E14     7.219660384765526E14     7.653734095944776E14     8.065567137993566E14     8.460875912449575E14     8.837613336803848E14     9.152471788537134E14
0.058002197802197814      -0.029170312499999993    1.715266275790794E13     4.559834995418615E13     7.41810531097362E13      1.0094273338523034E14    1.2568748976234152E14    1.4894220568007025E14    1.709447150537844E14     1.9145196384806722E14    2.1106027139468234E14    2.2953992976825425E14    2.4716146876767153E14    2.6407520718379797E14    2.804276889763703E14     2.961346814616786E14     3.0937794580764544E14
0.055813553113553106      -0.03214687499999999     1.5848424500379067E12    3.707489818312272E12     5.856658822370876E12     7.949202739417765E12     9.97013243506286E12      1.1950956290083613E13    1.389467407591908E13     1.5767421953345443E13    1.7609748494150574E13    1.9395884651086027E13    2.1144392161504695E13    2.285458899775375E13     2.4539787267006246E13    2.618543927222546E13     2.758778023583665E13
0.09739780219780216       5.183673469387783E-4     9.207399734091088E13     1.9418212062075856E14    2.7959174647780522E14    3.5326805493054875E14    4.180215148442995E14     4.766968884540011E14     5.306810982804975E14     5.800700724861489E14     6.265169884102905E14     6.699823129346576E14     7.108769582327901E14     7.49656073356454E14      7.87622744515374E14      8.235857816728752E14     8.534967091787174E14
0.0944212454212454        0.0011231292517006842    2.5278972218322938E14    4.7107989856633106E14    6.469905769048668E14     7.950662550556132E14     9.235371371439624E14     1.0390704748579458E15    1.144712128798551E15     1.2406897659564168E15    1.3306180429040792E15    1.4141536187049648E15    1.492681558709037E15     1.5671273482686458E15    1.6394283364220152E15    1.70793896539008E15      1.765082968856872E15
0.09065677655677652       0.0018142857142857184    4.3927825354346906E14    7.725714390704501E14     1.0372518694480221E15    1.2588236447732018E15    1.4508460708548415E15    1.6240777707058665E15    1.7826726661951838E15    1.9266791592988885E15    2.061596717412168E15     2.186854499559238E15     2.3046279078289965E15    2.416304938161415E15     2.5245003626670665E15    2.6271073625902185E15    2.712725695510472E15
0.08610439560439562       0.002591836734693882     6.427686088094381E14     1.1040529820251161E15    1.4683429900318435E15    1.7728898058986742E15    2.0368631607006888E15    2.275206262679354E15     2.493433462061195E15     2.691615413500705E15     2.877301197361171E15     3.0496293088808175E15    3.2117118687407065E15    3.3654554590670735E15    3.5141252861846075E15    3.6552644318818125E15    3.7731318974288255E15
0.08076410256410256       0.0034557823129251794    8.609264691225695E14     1.461166502532063E15     1.9338031823203638E15    2.328764060949634E15     2.6712952284361335E15    2.980696586675824E15     3.2639864984914415E15    3.5213763479447575E15    3.762593315550985E15     3.9864249426326675E15    4.19704030888954E15      4.396900206958985E15     4.589812126024039E15     4.773186470877452E15     4.926482959350964E15
0.07463589743589744       0.004406122448979594     1.0815494352889054E15    1.823882253014729E15     2.4075192183153355E15    2.8954346012121775E15    3.318917485745919E15     3.701553619999792E15     4.0519346828385875E15    4.370529141646724E15     4.669223570059107E15     4.946355042865466E15     5.207233003721351E15     5.454889836172557E15     5.693486271010405E15     5.92062791055241E15      6.110741918331285E15
0.06929560439560438       0.00544285714285715      1.2445070874202918E15    2.0930006347918392E15    2.759537583548494E15     3.31725475201077E15      3.801702418944497E15     4.2394733632264695E15    4.640402324104711E15     5.005256874840712E15     5.347477748589406E15     5.664909863429944E15     5.963785169547342E15     6.247588309920762E15     6.520584908729659E15     6.780838851855213E15     6.998897164264546E15
0.06474322344322345       0.00656598639455783      1.359908242476065E15     2.2838734258558465E15    3.008858399419116E15     3.616095552052654E15     4.1438948497146885E15    4.620770371356583E15     5.057569150680268E15     5.455349434722311E15     5.828626016003554E15     6.17465194123996E15      6.500418060116007E15     6.809770567964417E15     7.106932428337315E15     7.390599547023708E15     7.628476013400327E15
0.06097875457875458       0.0077755102040816355    1.4482618116842418E15    2.429095914074923E15     3.197338395989034E15     3.8414818768894855E15    4.4016302196824515E15    4.907537942668973E15     5.370977854912394E15     5.793243110822953E15     6.189658243075343E15     6.556738996309004E15     6.902190097843553E15     7.23016657447483E15      7.544770815932715E15     7.84547953212716E15      8.097812454637592E15
0.058002197802197814      0.009071428571428578     1.536046647503393E15     2.5750439773500015E15    3.388327994403326E15     4.0714875365000725E15    4.666135316107133E15     5.203268332697671E15     5.695510310055366E15     6.144325865712966E15     6.565812342184084E15     6.955732986018471E15     7.322572704892314E15     7.670756113841512E15     8.004277744943822E15     8.323496156186741E15     8.591560129625554E15
0.055813553113553106      0.010453741496598645     1.6318011136554912E15    2.7425929583733635E15    3.615028445510761E15     4.3504987063190265E15    4.992251850895917E15     5.572935512277946E15     6.105753907160189E15     6.592351515261633E15     7.04950510742842E15      7.47257278915122E15      7.870766024156538E15     8.248842196245384E15     8.610706380198448E15     8.957375961186995E15     9.248767133186046E15
0.054412820512820516      0.011922448979591844     1.7124075505384552E15    2.8938889553248075E15    3.827883490283061E15     4.618635046420714E15     5.311011476023157E15     5.93921986696328E15      6.516756329466122E15     7.04534813105642E15      7.54218861442856E15      8.00272260775956E15      8.436660055734743E15     8.849051868651134E15     9.24366768032919E15      9.621896853776734E15     9.94015553334766E15
0.0538                    0.01347755102040816      1.744787564468307E15     2.9667023506566025E15    3.9389392464257885E15    4.764937279456025E15     5.49037636514687E15      6.150221685219629E15     6.757855650614326E15     7.314978101395424E15     7.838859295449841E15     8.325359889338205E15     8.784318435237503E15     9.220862677847834E15     9.63868023855638E15      1.0039272056954228E16    1.0376660464815514E16
0.05304999999999997       0.014946258503401358     1.7358392766276745E15    2.971161184143077E15     3.959593652556475E15     4.801913360501909E15     5.543687603534183E15     6.219794343348335E15     6.843277988561448E15     7.415770154563951E15     7.95429111509414E15      8.455116941990972E15     8.928061017954486E15     9.378200054635366E15     9.809095622803994E15     1.0222391057069752E16    1.0570764765937564E16
0.05229999999999999       0.016328571428571425     1.6821708899453088E15    2.9015201082128575E15    3.8822809047044555E15    4.720413564336777E15     5.460317794215502E15     6.135958411416086E15     6.75977037985706E15      7.333288959111336E15     7.872947568178435E15     8.375475361107819E15     8.850439567976725E15     9.302747041449208E15     9.735808637066292E15     1.015136099675113E16     1.0501907081410078E16
0.05154999999999997       0.017624489795918363     1.584121235383531E15     2.758584682251948E15     3.7080493462820355E15    4.521637165002441E15     5.24157437482661E15      5.900113619965942E15     6.508815214967059E15     7.06908773677641E15      7.59644469177957E15      8.08808934743074E15      8.553116731194347E15     8.996177157403112E15     9.420505542102622E15     9.827870429766014E15     1.0171777315836194E16
0.05079999999999999       0.018834013605442176     1.4419937020760415E15    2.543111460448924E15     3.4381084638182185E15    4.207245466816828E15     4.889514509396242E15     5.514676735379238E15     6.093160692754243E15     6.626207799700511E15     7.128092011304575E15     7.59650792342352E15      8.039845301602954E15     8.462436703196912E15     8.86731183788625E15      9.256206693552206E15     9.58479267091659E15
0.04995333333333331       0.01995714285714285      1.2576907334317295E15    2.2598941372294995E15    3.0799849021098745E15    3.787350298091187E15     4.416577633804657E15     4.994278596620331E15     5.529494765024728E15     6.023240373915573E15     6.488268027018528E15     6.922789923059553E15     7.334266825053816E15     7.726680812141057E15     8.102812660261198E15     8.464341266586776E15     8.770103761464259E15
0.04892842105263156       0.020993877551020404     1.02871542506904E15      1.9087320626399155E15    2.637041499340964E15     3.267616683252495E15     3.8305738897279085E15    4.3489547158844655E15    4.82980378400305E15      5.273783558798564E15     5.692029364358379E15     6.08336472296708E15      6.454068603906058E15     6.807794523114385E15     7.147045933032484E15     7.473429675249709E15     7.749820560732479E15
0.04772526315789473       0.02194421768707483      7.646718236595088E14     1.4995415894030312E15    2.112935191567338E15     2.646999576078797E15     3.125925163393034E15     3.568806789323392E15     3.9812366006717835E15    4.3643634174164035E15    4.725122266107228E15     5.063216552856157E15     5.383429995930261E15     5.689189745935544E15     5.982706842291367E15     6.265458183767945E15     6.50531621159175E15
0.046343859649122784      0.022808163265306113     4.73252842426157E14      1.0209738343589292E15    1.4982517705170628E15    1.9192704317471855E15    2.2996302070359395E15    2.6539917524554215E15    2.985628458523014E15     3.296401807442385E15     3.5918397953280115E15    3.868671085867918E15     4.1304263589109655E15    4.38085159053399E15      4.621629270124046E15     4.854004408413712E15     5.051630647440812E15
0.04478421052631577       0.02358571428571428      2.1325648242625634E14    5.0249152594784394E14    7.799012425448591E14     1.040122168449027E15     1.2846383246467692E15    1.5161689146692135E15    1.7354595433748135E15    1.9441411246523535E15    2.1437976269798848E15    2.3348043302257445E15    2.517650289042082E15     2.693237973579987E15     2.862761829752767E15     3.027017123076676E15     3.1674792562395335E15
0.04304631578947368       0.024276870748299314     7.10992707628536E13      1.6412011180292428E14    2.5448762137434706E14    3.406644281912455E14     4.2239415605856344E14    5.0010552966549025E14    5.739768140904829E14     6.447627947986324E14     7.13265871734897E14      7.791129851717805E14     8.423536216649161E14     9.031031663771321E14     9.619272942150324E14     1.018988637763743E15     1.0679693989756108E15
0.09739780219780218       4.229949723821846E-18    9.086489937933373E13     1.9219168002889084E14    2.765438740640425E14     3.500111940652859E14     4.146777671919852E14     4.7277418573631925E14    5.262812505110304E14     5.753074801488338E14     6.213114164417736E14     6.644491673179161E14     7.052016870407315E14     7.438562967280999E14     7.816748172943005E14     8.17517343407891E14      8.473291623500742E14
0.09442124542124536       -5.953124999999922E-4    2.4310397043770756E14    4.549775760654078E14     6.249001447240326E14     7.695632010588886E14     8.953355328627808E14     1.0075440369883715E15    1.1101676771826852E15    1.2035042105809938E15    1.2907709837668378E15    1.3719767803263682E15    1.4486410206758878E15    1.5213279541759958E15    1.5918398029998648E15    1.6586376178328442E15    1.7143334058451362E15
0.09065677655677654       -0.0017859374999999972   4.060292370028552E14     7.180372071988981E14     9.64575399620082E14      1.1733225274446252E15    1.354565978784666E15     1.5164524868764248E15    1.6648614458752082E15    1.799815611237267E15     1.9259609948338118E15    2.043275591012761E15     2.1540570503012345E15    2.259104007711412E15     2.3607326489491255E15    2.457111731175945E15     2.5375014572073275E15
0.0861043956043956        -0.0035718749999999913   5.57008871189691E14      9.638314213306718E14     1.2832413820771738E15    1.5534062257371592E15    1.7879127686159075E15    1.9974482606398345E15    2.1895812249779932E15    2.3642988784260495E15    2.527625595440862E15     2.6794484571742615E15    2.8228563144186895E15    2.958863016358757E15     3.090164852343371E15     3.2148002609553965E15    3.318817698878715E15
0.08076410256410256       -0.005953124999999987    6.69770174652975E14      1.148437283612265E15     1.5230240834776905E15    1.8396439684889072E15    2.1144913827276182E15    2.360084585512712E15     2.5852811270985295E15    2.7900962652225755E15    2.981582260748131E15     3.159503312054137E15     3.327598407136665E15     3.4870401641580615E15    3.6406779430898125E15    3.786653585096626E15     3.9085498867831095E15
0.07463589743589742       -0.008929687499999993    6.934555152780698E14     1.1883592708624625E15    1.57509547464048E15      1.9019592113832342E15    2.185762287182087E15     2.4393474600159645E15    2.6718744530844955E15    2.883389613019507E15     3.081179377530633E15     3.2648596088542905E15    3.4384105503332015E15    3.603036661907335E15     3.76140742004399E15      3.912008243336623E15     4.037811044792444E15
0.0692956043956044        -0.012501562499999992    5.75525799807637E14      9.971315900096516E14     1.3270950367434322E15    1.6062243682240888E15    1.8487468846607342E15    2.065528129516044E15     2.2643671399672445E15    2.4452585961759455E15    2.614461089980681E15     2.771513770278492E15     2.919912014720488E15     3.060677152772634E15     3.195941667116747E15     3.324639380691314E15     3.432133167711612E15
0.06474322344322345       -0.01666874999999999     3.7194024364618275E14    6.65223379997824E14      8.964076402995268E14     1.0925709407375809E15    1.263380306313071E15     1.4163357513880148E15    1.5568284289820815E15    1.684721181866071E15     1.804442518729153E15     1.9155727453246785E15    2.0206310263200958E15    2.1203173237624558E15    2.21605127435023E15      2.3071876081560445E15    2.383296376896423E15
0.060978754578754575      -0.021431249999999995    1.672415679217025E14     3.279839830498848E14     4.578218623345953E14     5.68806068680629E14      6.6604929286017E14       7.534326706842725E14     8.339641348286958E14     9.073998192171095E14     9.762257869207155E14     1.0401634681327866E15    1.1006840242735242E15    1.158173133006176E15     1.2133780377208442E15    1.265977057022672E15     1.309928589249527E15
0.058002197802197814      -0.02559843749999998     3.728713918040802E13     9.26076354948312E13      1.434753701102706E14     1.8976755163219066E14    2.31964204288134E14      2.708278313877229E14     3.072088950253654E14     3.4065721642349194E14    3.7238573541225544E14    4.0214304506743556E14    4.30458945427899E14      4.574279289703324E14     4.834562237934726E14     5.0836960462315875E14    5.292799383345006E14
0.055813553113553106      -0.029170312499999972    3.3139373466135605E12    8.394909004645163E12     1.384188563883782E13     1.9426983148130188E13    2.500116387298674E13     3.0540981421094863E13    3.606375399043259E13     4.142610818627772E13     4.672453663576964E13     5.189613743181842E13     5.6988369258134875E13    6.200636511389695E13     6.698051917225076E13     7.186042836038783E13     7.604475149855322E13
0.0944212454212454        5.183673469387768E-4     2.4961351257629028E14    4.663406018865293E14     6.400461763926492E14     7.878860412660255E14     9.163648772500028E14     1.0308568569039051E15    1.1356414257752932E15    1.230977710343447E15     1.3201142499949065E15    1.4030746989964195E15    1.481395069080615E15     1.5556543499874238E15    1.6277196523833882E15    1.6959725793303105E15    1.7528882783315902E15
0.09065677655677654       0.001123129251700683     4.336908227908896E14     7.644684532321759E14     1.025588921866235E15     1.2466857596742402E15    1.4385544836057902E15    1.6098887697316168E15    1.7669730065594942E15    1.9098335025493578E15    2.0433847081466315E15    2.1676345659238858E15    2.2849766360690145E15    2.3962593102298735E15    2.5039968462501115E15    2.60611226054682E15      2.6912960113354685E15
0.0861043956043956        0.0018142857142857197    6.339347440204198E14     1.0911825513193822E15    1.4500221993760502E15    1.7535091009487255E15    2.016848035340946E15     2.2521464465440415E15    2.467919502768237E15     2.6642002964597965E15    2.84770933911643E15      3.018389603948607E15     3.17964058238451E15      3.332593932194194E15     3.4803803127608325E15    3.6205792625406E15       3.7376181387245785E15
0.08076410256410252       0.002591836734693886     8.474360063295674E14     1.4411677840328145E15    1.9056694248210662E15    2.298358064702973E15     2.6392282520559935E15    2.9438984981697455E15    3.223317142693705E15     3.477624570127061E15     3.7154344313745235E15    3.9365845712987005E15    4.1455949190758285E15    4.3438907177542935E15    4.535114140459002E15     4.716717827108173E15     4.868456699304002E15
0.07463589743589744       0.0034557823129251807    1.0605883653609136E15    1.7919893467892205E15    2.3632356626542525E15    2.8463168206956495E15    3.2659228277618675E15    3.6410515099383205E15    3.985139711261664E15     4.2985436361102735E15    4.591716667128744E15     4.864298713128844E15     5.121999328431564E15     5.366549160356493E15     5.601919174155273E15     5.825756460984415E15     6.012989008539034E15
0.06929560439560438       0.004406122448979597     1.2132917167973942E15    2.0442817049210062E15    2.6926091284310025E15    3.2412638438892395E15    3.718118273836015E15     4.14443547038427E15      4.535527907839883E15     4.892016660198199E15     5.225632317347205E15     5.535709061515753E15     5.828890358551321E15     6.107154321350689E15     6.374557569547248E15     6.629195932215369E15     6.84239918688143E15
0.06474322344322345       0.005442857142857151     1.314376057976675E15     2.2110396747077218E15    2.9094385139169105E15    3.500867737207977E15     4.0150745150503175E15    4.4746147235882655E15    4.896194389906119E15     5.280695943913109E15     5.640677329104148E15     5.975000073040199E15     6.291035639953593E15     6.590967480043799E15     6.878786944223085E15     7.153204163894763E15     7.38312409097799E15
0.06097875457875458       0.006565986394557828     1.3838838893410435E15    2.3232168233359845E15    3.052567858466324E15     3.67041517391246E15      4.2075077335810605E15    4.68703294522331E15      5.126858001876695E15     5.528066647573743E15     5.903797046135741E15     6.252210607061857E15     6.581333538277922E15     6.893532451080166E15     7.192654673758041E15     7.478175587519442E15     7.717469869275291E15
0.058002197802197814      0.007775510204081641     1.4544597089233775E15    2.4355874296860375E15    3.194785683840447E15     3.838231534608238E15     4.3974421561997745E15    4.896179970455446E15     5.353535469145474E15     5.770708941858833E15     6.161453534773872E15     6.523073752558615E15     6.864387264890517E15     7.187886452430163E15     7.497274506510118E15     7.792981116793711E15     8.040891230842843E15
0.055813553113553106      0.009071428571428581     1.549125567565887E15     2.595028520974589E15     3.405194050482576E15     4.093569461959747E15     4.692681590529059E15     5.227494054748204E15     5.718245984877517E15     6.166299652753112E15     6.586088145693864E15     6.974389236264526E15     7.340850331630539E15     7.688148795324326E15     8.019937248323384E15     8.337416658785946E15     8.603770098236826E15
0.054412820512820516      0.010453741496598648     1.6527164542262562E15    2.7811727772363565E15    3.661055101377865E15     4.4119615721549795E15    5.06774794018945E15      5.654918283171028E15     6.194759753460723E15     6.688802958008156E15     7.151926383763852E15     7.5810332504317E15       7.986466461689691E15     8.371120595234195E15     8.738539812022918E15     9.09029253506799E15      9.385763449774346E15
0.0538                    0.011922448979591835     1.7272492537101255E15    2.9246740281423335E15    3.865676815295844E15     4.671952290958334E15     5.378624592933675E15     6.013379908874501E15     6.598147799738198E15     7.134499912445224E15     7.637572140351866E15     8.104820444674459E15     8.546953475481276E15     8.966964832657823E15     9.368327806846146E15     9.752714298309996E15     1.0076005948599656E16
0.05304999999999999       0.013477551020408159     1.7654776094160198E15    3.0095765202973475E15    3.994421496890476E15     4.841415684783258E15     5.586342863424997E15     6.257411439718605E15     6.876779735351037E15     7.445970177437373E15     7.980093568018737E15     8.47715512573466E15      8.948085915966911E15     9.395868676007086E15     9.823862053990574E15     1.0233925419188094E16    1.0579183050858774E16
0.05229999999999999       0.014946258503401358     1.756973362618925E15     3.0162278518395335E15    4.0191316952614505E15    4.884326171148497E15     5.647460686758293E15     6.336547959607702E15     6.973474034212924E15     7.559686072456761E15     8.109997537524664E15     8.622926201394403E15     9.1093875400874E15       9.572254546619112E15     1.0014755044487636E16    1.043891726979682E16     1.079637670569057E16
0.05155                   0.016328571428571425     1.7017849488520255E15    2.945094266568435E15     3.9408437512757495E15    4.802261629252839E15     5.564057964335256E15     6.253377639616039E15     6.891308774683264E15     7.479208404575777E15     8.03130293590479E15      8.546574680738785E15     9.035667482613658E15     9.501296550946496E15     9.946548959890394E15     1.0373555024712766E16    1.0733719661272976E16
0.050799999999999984      0.017624489795918366     1.6007980762782328E15    2.79794474105168E15      3.7619780713958735E15    4.59813838164452E15      5.339441343231836E15     6.011548003768041E15     6.634242879069474E15     7.208776899228829E15     7.74851474483745E15      8.252848063778646E15     8.731892717553515E15     9.188185222547808E15     9.624654721835868E15     1.0043452470656868E16    1.039699333733044E16
0.04995333333333331       0.018834013605442172     1.4566995942953785E15    2.580451775226109E15     3.49089499251924E15      4.2828470553093025E15    4.986924035202797E15     5.626686884533314E15     6.220124443003554E15     6.768318066765593E15     7.283504067986145E15     7.765451464681546E15     8.223513687822686E15     8.660043379872156E15     9.077780341942244E15     9.478852353158018E15     9.8177482158619E15
0.04892842105263157       0.01995714285714285      1.2714534932141105E15    2.297455982661971E15     3.134785028148399E15     3.8660098904174045E15    4.518481003874418E15     5.112943726588296E15     5.665135907370115E15     6.17586043377928E15      6.65599013258124E15      7.105697947404404E15     7.533352730084898E15     7.941135676407239E15     8.331562340865035E15     8.70672224990193E15      9.024089344977798E15
0.047725263157894736      0.020993877551020404     1.0427630850002286E15    1.9469117115537688E15    2.694602684333754E15     3.3500136480398095E15    3.937131736639933E15     4.474098254760015E15     4.97400650036378E15      5.436759693977883E15     5.871745365192887E15     6.279714369106518E15     6.667844292797563E15     7.038192817302365E15     7.393025693199513E15     7.734356438650331E15     8.023531755316621E15
0.046343859649122784      0.02194421768707483      7.79806187917044E14      1.5400255135816822E15    2.1744483103342242E15    2.7334893822162435E15    3.2370203164967615E15    3.699758721481397E15     4.1318396740911145E15    4.533991062526098E15     4.912591496357771E15     5.268033689079349E15     5.60639241549822E15      5.929596749726501E15     6.239591379624544E15     6.538228481753704E15     6.791728667020796E15
0.04478421052631577       0.02280816326530612      4.870265815374995E14     1.0581434831781962E15    1.5565892946013985E15    2.0002873961478185E15    2.4040650150918565E15    2.77830796375607E15      3.1294091798682745E15    3.460137268119536E15     3.773137845997865E15     4.065967949407544E15     4.345738031146046E15     4.613470764720907E15     4.870715743020996E15     5.119041413964571E15     5.330420729469746E15
0.04304631578947368       0.023585714285714276     2.2157756250034428E14    5.2608812126009994E14    8.191508569890529E14     1.0975316584453819E15    1.3603914436532372E15    1.6084702101601772E15    1.8443831045158388E15    2.0696647305830442E15    2.2863844166666225E15    2.49287805847329E15      2.691413918879287E15     2.882136956154943E15     3.066223660993641E15     3.2447000182340315E15    3.397502065454809E15
0.041130175438596484      0.02427687074829931      7.450472711840061E13     1.7281581242983762E14    2.68499043948695E14      3.6112884312905956E14    4.493986840554523E14     5.3311046485521594E14    6.131670468306292E14     6.905698777687882E14     7.65525731995276E14      8.374478235754041E14     9.068513003500165E14     9.735763683698899E14     1.0382186675530274E15    1.1010021416906362E15    1.1549609004307668E15
0.09442124542124544       1.0574874309554616E-17   2.464180413152698E14     4.599600259802017E14     6.321313920173439E14     7.770869625107164E14     9.02900325525586E14      1.0161609569279225E15    1.1196257904637942E15    1.2135960286267918E15    1.3016486982825398E15    1.383428007972488E15     1.4603081023621708E15    1.5331884397443515E15    1.6039373989777428E15    1.6709905524558442E15    1.726920404235622E15
0.09065677655677654       -5.953124999999933E-4    4.17458985430792E14      7.359409858191595E14     9.890174963052655E14     1.200819972245311E15     1.3844295123014602E15    1.5500725997862168E15    1.7017006113160302E15    1.8393515605838198E15    1.9683102933188512E15    2.0880093949953712E15    2.2005511791812732E15    2.3072531339623915E15    2.410565265975319E15     2.508579211386106E15     2.5903597456364155E15
0.0861043956043956        -0.0017859374999999922   5.839426828428032E14     1.0066244530642855E15    1.340492874557435E15     1.6195334336353875E15    1.8613869727581732E15    2.0797291176918332E15    2.279616642853747E15     2.461095491105717E15     2.63113165643156E15      2.7888806595876765E15    2.937232063960359E15     3.0779081168393665E15    3.2138278325069475E15    3.3429011721880135E15    3.4506643241635835E15
0.08076410256410252       -0.00357187499999999     7.232730615184121E14     1.2342897418109752E15    1.6366249975763458E15    1.9726313415193965E15    2.263907736192881E15     2.5269135119255395E15    2.7676880854412125E15    2.986334708140789E15     3.191225250570337E15     3.3812342127996745E15    3.559962133819841E15     3.7294724296390775E15    3.8929419223202515E15    4.0483391471847E15       4.1781674010674715E15
0.07463589743589741       -0.005953124999999981    7.855819517094542E14     1.3371386557947058E15    1.7706047859626788E15    2.132556764958498E15     2.4463942387084905E15    2.7297445194377945E15    2.9891338516904905E15    3.224742043126448E15     3.445576592024114E15     3.650266742184649E15     3.8428219047874185E15    4.0254624721828595E15    4.2012922215517235E15    4.368603803255694E15     4.508455382695615E15
0.0692956043956044        -0.00892968749999999     6.979933864396551E14     1.1959619732328692E15    1.5873582462653835E15    1.9143752887603802E15    2.1980202990434528E15    2.454082265297479E15     2.6885030662392295E15    2.901448738366786E15     3.101085649716827E15     3.286009355528546E15     3.4599583752638775E15    3.624935776766781E15     3.783572228942314E15     3.9346107392591325E15    4.060847130913735E15
0.06474322344322343       -0.012501562499999987    4.92351772218947E14      8.629297276439822E14     1.155505117858529E15     1.4006043253312682E15    1.61351656136604E15      1.805893971862732E15     1.9821681654630868E15    2.1423548754628595E15    2.292605008373963E15     2.4317480674614995E15    2.562672559026627E15     2.686856163474536E15     2.8061900692019225E15    2.9198576742867275E15    3.014821739421253E15
0.06097875457875458       -0.01666874999999999     2.5596081316788372E14    4.7877186376176006E14    6.572694179078458E14     8.07822198659348E14      9.389540024637089E14     1.0577646741968491E15    1.1669751979250295E15    1.2664088408101795E15    1.35985779422392E15      1.4465113777708265E15    1.528177912724882E15     1.6057132302154075E15    1.6802291141604785E15    1.751262070845336E15     1.8105973059289438E15
0.058002197802197814      -0.02143124999999999     6.969091523558036E13     1.582500539463073E14     2.369629780365974E14     3.063307414141249E14     3.6810767877436106E14    4.2489800394452144E14    4.777804607532519E14     5.2624760713697375E14    5.721624635875564E14     6.148921895799274E14     6.553468168016815E14     6.9390125472659E14       7.310239589308834E14     7.664372407796871E14     7.960978469870044E14
0.055813553113553106      -0.025598437499999988    6.812964555314148E12     1.7734927919225438E13    2.9702956181471324E13    4.190864331689553E13     5.394588206721182E13     6.5854792111090336E13    7.75922956313411E13      8.893482441887553E13     1.000804418136236E14     1.1082614100057238E14    1.2128543493226066E14    1.3149507859397511E14    1.415626743417482E14     1.513630065414057E14     1.5969877242610897E14
0.09065677655677654       5.183673469387764E-4     4.2793543432078625E14    7.535133016116916E14     1.0121656502305508E15    1.2286447327714788E15    1.416276706764908E15     1.5855434976079875E15    1.7404970416447825E15    1.8811839114826905E15    2.012995286417396E15     2.1353599927145012E15    2.2504142276083382E15    2.359505522199761E15     2.465161593152975E15     2.5653792089004465E15    2.649000617538544E15
0.0861043956043956        0.0011231292517006836    6.246580217630658E14     1.0739831939926842E15    1.4288648897970075E15    1.7254891306550688E15    1.9825763326158078E15    2.2146969997137052E15    2.4272294991674605E15    2.620235211087302E15     2.801078459200745E15     2.968898175343092E15     3.126732222067428E15     3.276417417546461E15     3.421112378525322E15     3.5584812110097795E15    3.6731835251808455E15
0.08076410256410252       0.0018142857142857205    8.330710940435338E14     1.4150595240700452E15    1.873285640102347E15     2.25611029125083E15      2.588066150911244E15     2.887899591777514E15     3.1624377006280745E15    3.411858689274266E15     3.645600227883871E15     3.8624606414600675E15    4.066484313192568E15     4.260039043575327E15     4.4468107048191625E15    4.624333797085918E15     4.77270539329732E15
0.07463589743589741       0.002591836734693882     1.0382086795343011E15    1.7520609586856542E15    2.31312545399119E15      2.782007526362853E15     3.1888676927292325E15    3.556423932936169E15     3.892981485960696E15     4.1989563505887755E15    4.485796807253194E15     4.751870125551062E15     5.002285295425833E15     5.239952426011229E15     5.468893542514728E15     5.686818676562274E15     5.869172383153168E15
0.06929560439560437       0.0034557823129251807    1.1799708219709298E15    1.9857487965679235E15    2.618272240477679E15     3.1472283757918335E15    3.6064866438195025E15    4.021344778560551E15     4.4012225739286475E15    4.746818476888568E15     5.070944940989894E15     5.371500158294834E15     5.654411479363923E15     5.922992593330878E15     6.18134254370134E15      6.427590509764579E15     6.633840215383509E15
0.06474322344322345       0.004406122448979597     1.2654800204595128E15    2.12615091716256E15      2.800353072211894E15     3.3644330620979625E15    3.854274926203891E15     4.2965037134552955E15    4.701387128709865E15     5.069886751726144E15     5.415626358059716E15     5.735929284038581E15     6.037335737247395E15     6.323443626389749E15     6.598271140446577E15     6.860521912081856E15     7.080287636384599E15
0.06097875457875458       0.005442857142857143     1.3127447078519762E15    2.200168048760571E15     2.8923121299131595E15    3.4712224926551505E15    3.973609141466891E15     4.4264863160640225E15    4.840886712426211E15     5.217969666941942E15     5.571822797579007E15     5.898978508546349E15     6.206512235130094E15     6.498231524655088E15     6.777990684879862E15     7.045209038196295E15     7.26912078924795E15
0.058002197802197814      0.006565986394557828     1.357140019007583E15     2.2643838502328895E15    2.9672237516715985E15    3.554369685227696E15     4.063092491157192E15     4.52054117475065E15      4.938706012937782E15     5.318837245628226E15     5.675530492800541E15     6.004223588050597E15     6.312676375811081E15     6.604895472505371E15     6.884519813950823E15     7.15190178359175E15      7.375870954437852E15
0.05581355311355309       0.007775510204081638     1.4370045864651535E15    2.3909927437700455E15    3.127766563900113E15     3.7436735636186005E15    4.2771584673026395E15    4.756511403808958E15     5.194575811608124E15     5.592605932015359E15     5.966066554550936E15     6.309436465307382E15     6.63129461132948E15      6.935820103825473E15     7.226648806235357E15     7.505131968839118E15     7.738421955821436E15
0.054412820512820516      0.009071428571428584     1.5510957197155655E15    2.5889608709877125E15    3.395150282459517E15     4.072104972980941E15     4.660391459840167E15     5.190502056951781E15     5.675761379098132E15     6.117704163303277E15     6.532551026861636E15     6.914561759509375E15     7.273072180287894E15     7.612616008581554E15     7.936872178033849E15     8.247542170817811E15     8.508125673617754E15
0.0538                    0.01045374149659864      1.659304284922634E15     2.787567521135652E15     3.672534033746352E15     4.4195909003219055E15    5.071779940463861E15     5.661869750509314E15     6.203464476438984E15     6.698258549379775E15     7.16306800839413E15      7.592560805146985E15     7.996490822103971E15     8.379798730730879E15     8.746097736609099E15     9.097133388254682E15     9.392105542721516E15
0.05304999999999998       0.011922448979591833     1.7415601151643852E15    2.9459957378780085E15    3.8989209615821645E15    4.70710934204358E15      5.415595163254317E15     6.058842403926114E15     6.650651549128643E15     7.192730990926824E15     7.702295583679409E15     8.174432288284451E15     8.61923690812403E15      9.041907303700128E15     9.445965194079836E15     9.833304473237654E15     1.0159205895799802E16
0.05229999999999999       0.013477551020408159     1.7828505972877095E15    3.037884426420495E15     4.0386499738321505E15    4.890962754736426E15     5.640986868009022E15     6.32399859513142E15      6.953676168121424E15     7.531654424425823E15     8.075231530926245E15     8.580019336328296E15     9.05631738832169E15      9.509379205246752E15     9.942609018234124E15     1.0358109131478278E16    1.0708109694568952E16
0.05155                   0.014946258503401358     1.77493636556967E15      3.0469436354854155E15    4.0676801651657735E15    4.939966241209315E15     5.709949720858462E15     6.412778035648818E15     7.061767224963485E15     7.658458951032556E15     8.219876292542379E15     8.74215702383117E15      9.23557652516084E15      9.705277272902752E15     1.01545409923338E16      1.0585651502452866E16    1.0949164280403316E16
0.05079999999999999       0.016328571428571425     1.7185501593416745E15    2.9750057967168465E15    3.989066853754716E15     4.85832608695608E15      5.627770683375134E15     6.331524869459931E15     6.982227885596805E15     7.581313728459773E15     8.145186760418796E15     8.670531338837487E15     9.167350335832786E15     9.640570267062012E15     1.009335403450739E16     1.0528083254457618E16    1.0894991198750824E16
0.04995333333333331       0.017624489795918363     1.617378782196486E15     2.8295316836484425E15    3.8135563496947575E15    4.659760497832515E15     5.41088566429153E15      6.099234815919868E15     6.736509466316565E15     7.324010908835454E15     7.87717502419629E15      8.393242569944394E15     8.881721720305528E15     9.34724728549161E15      9.792837484577128E15     1.0220923318709022E16    1.0582577861180324E16
0.04892842105263157       0.018834013605442172     1.4738681178659068E15    2.615785839989818E15     3.5489420843019615E15    4.3543988360115755E15    5.071645935261639E15     5.730462862934698E15     6.341303691906605E15     6.905246991145167E15     7.436424155459544E15     7.932663588694758E15     8.402776863766688E15     8.851045804596292E15     9.280307637880316E15     9.693019512666448E15     1.0042080785905812E16
0.04772526315789472       0.019957142857142847     1.289298190027368E15     2.3364079852004315E15    3.1985945239060515E15    3.9462212640578435E15    4.614861674637873E15     5.230882707297681E15     5.803057116873235E15     6.332082211423313E15     6.830456262518503E15     7.2967201317691E15       7.738816768892665E15     8.160630129371713E15     8.564783930472294E15     8.953727245637267E15     9.283135016535204E15
0.04634385964912279       0.0209938775510204       1.061768616964551E15     1.9890722429962992E15    2.763407408373902E15     3.4379710168324265E15    4.044074719127981E15     4.604400108354777E15     5.126114244004973E15     5.609388010937054E15     6.064392511841024E15     6.490705689091395E15     6.895344214497205E15     7.281721710715519E15     7.65220895624213E15      8.009181409957256E15     8.312021344160787E15
0.04478421052631577       0.021944217687074823     7.988872096827244E14     1.5836453739476825E15    2.2449108355302102E15    2.824386747770114E15     3.348588946125237E15     3.835309435288906E15     4.289835650561869E15     4.712772889145433E15     5.111885167975598E15     5.486292918029702E15     5.8423761172415E15       6.182793486336138E15     6.509589088511799E15     6.824953559831757E15     7.093075003282617E15
0.04304631578947367       0.022808163265306113     5.023493761065899E14     1.0961387537982348E15    1.6195604469476625E15    2.0825987586976672E15    2.50691813550413E15      2.903811125587252E15     3.27671167228E15         3.628621977949923E15     3.959585196317082E15     4.2711863932068725E15    4.568696962777104E15     4.853572748036596E15     5.127542051126044E15     5.392474498820136E15     5.618389305222564E15
0.04113017543859647       0.023585714285714272     2.2975642016546297E14    5.4854605979314206E14    8.587033340819042E14     1.1536970094795318E15    1.4333939545572595E15    1.6994321740775262E15    1.9534047836163078E15    2.1970024311745298E15    2.431184333757165E15     2.6541736899977935E15    2.8684614695936305E15    3.074419091483712E15     3.273387842838922E15     3.4666368022656225E15    3.6324435854233675E15
0.03903578947368421       0.024276870748299324     7.76301100195726E13      1.804100337827554E14     2.8162151252854525E14    3.7953141178362156E14    4.734703058746976E14     5.634832823644655E14     6.499864666635248E14     7.341555992511208E14     8.157277616851651E14     8.940281150922634E14     9.696126846490891E14     1.0423570711243035E15    1.1128933224629636E15    1.1815588887539738E15    1.2408428750893348E15
0.09065677655677654       8.459899447643692E-18    4.234983940517918E14     7.473568732938355E14     1.0030960598148219E15    1.21964513843941E15      1.4076211818110252E15    1.575488288104894E15     1.729397348932996E15     1.869363710880353E15     2.0001999723248225E15    2.121905506846372E15     2.2368372490504662E15    2.345826543913161E15     2.4513161946060865E15    2.5513220621249935E15    2.634738803655728E15
0.0861043956043956        -5.953124999999943E-4    6.018331856439685E14     1.0379745525735018E15    1.3802972726353985E15    1.66984885456212E15      1.9211526358311465E15    2.145693316339539E15     2.351591860280438E15     2.538870109731075E15     2.713946599708093E15     2.8767392564744755E15    3.030522453857466E15     3.1763844571547605E15    3.317275841397296E15     3.4509711204053735E15    3.562565769477187E15
0.08076410256410257       -0.0017859374999999915   7.628437299930725E14     1.3015460239786778E15    1.7229576500424968E15    2.0792067861712005E15    2.388467667059724E15     2.664826830673343E15     2.9182484409510805E15    3.148819408572618E15     3.364403090919851E15     3.564797412538331E15     3.754154972077483E15     3.93379819165171E15      4.1069945997401635E15    4.2715246180264545E15    4.40896047460651E15
0.07463589743589744       -0.0035718749999999956   8.609423340751526E14     1.4630605056176612E15    1.933123119816855E15     2.330466408114827E15     2.6754936161194185E15    2.9837839546957365E15    3.2664741518543055E15    3.523764661910115E15     3.7643935491853395E15    3.987965010425597E15     4.1992504038527035E15    4.3997226518776875E15    4.592661959847947E15     4.776146892675227E15     4.929512836455032E15
0.06929560439560438       -0.005953124999999985    8.112231775000674E14     1.3833267493336882E15    1.8296082468227202E15    2.2069225949698045E15    2.534607333295616E15     2.8273202816821735E15    3.0956929146896845E15    3.339970825071973E15     3.568479592608637E15     3.7806302727254475E15    3.9810858877499875E15    4.171257595499282E15     4.3540528851608195E15    4.528004820368235E15     4.673399815292795E15
0.06474322344322343       -0.008929687499999986    6.183373899069586E14     1.071131687246299E15     1.4251899863879288E15    1.7249273805376262E15    1.9854517261873675E15    2.2182612409194448E15    2.4317624618006235E15    2.626098105138559E15     2.807941477116673E15     2.976635656661528E15     3.136001251906327E15     3.287160451717478E15     3.432345036894158E15     3.570548321430685E15     3.685989708490415E15
0.060978754578754575      -0.012501562499999988    3.551950952561242E14     6.456894955024659E14     8.75238598279119E14      1.070422621967971E15     1.2407904735099442E15    1.393571763967351E15     1.534016700857743E15     1.6620285739685672E15    1.7819544277679162E15    1.8932446754303112E15    1.99846465559418E15      2.0983304041783655E15    2.1942501315602442E15    2.285623843818562E15     2.361921371329489E15
0.058002197802197786      -0.016668749999999982    1.1904045582966714E14    2.54083896329173E14      3.686263612519505E14     4.686929735206361E14     5.5765968234122244E14    6.383204117826845E14     7.129476133743736E14     7.811936742957891E14     8.454706289202351E14     9.053325773407721E14     9.620929282136775E14     1.0161410133725318E15    1.0681639817577388E15    1.1178312827521808E15    1.1593542837173655E15
0.055813553113553106      -0.02143124999999999     1.3082799438645893E13    3.4026383282708883E13    5.643710508046399E13     7.882471371272758E13     1.0060260574821686E14    1.217911832564732E14     1.4236517752241016E14    1.618671621713768E14     1.8076306321072212E14    1.988465328149537E14     2.1632679280490584E14    2.3321602108794988E14    2.4975487767658566E14    2.6576385670262994E14    2.7929196122201988E14
0.0861043956043956        5.183673469387796E-4     6.171747799173968E14     1.0633852043569228E15    1.4135615971582258E15    1.7097530498828722E15    1.9668075781621782E15    2.1964911786082408E15    2.4071087431245595E15    2.598685384343952E15     2.777779885355513E15     2.9443237679550235E15    3.1016518704215515E15    3.2508797906181125E15    3.395045700053517E15     3.5318317538094775E15    3.6460120706742245E15
0.08076410256410256       0.0011231292517006836    8.210627850765725E14     1.397555489780721E15     1.8485045162910552E15    2.2297562624209138E15    2.5607232623124425E15    2.8565072651234855E15    3.1277443690468695E15    3.374565724500049E15     3.6053567448408965E15    3.8199448743325E15       4.0227409079806845E15    4.2151565718966555E15    4.4007169929145905E15    4.576972342987585E15     4.724239333686347E15
0.07463589743589741       0.0018142857142857168    1.018861121327486E15     1.7229268838142222E15    2.272657306968638E15     2.737509350069616E15     3.1412521094023805E15    3.5021181528697635E15    3.8330664632499525E15    4.13444142362248E15      4.4163561482207055E15    4.678437535481295E15     4.926204628876216E15     5.161353936412783E15     5.387707499987409E15     5.602990049407888E15     5.783055067586073E15
0.06929560439560435       0.0025918367346938823    1.1501865160088498E15    1.9396401235970595E15    2.555197956452573E15     3.0759574438136465E15    3.5284423844762365E15    3.9328307463324755E15    4.3037189111947465E15    4.641693182690491E15     4.957972594160746E15     5.251873494056035E15     5.52972666529138E15      5.793437003741818E15     6.046880897017382E15     6.288199902088126E15     6.490192945976382E15
0.06474322344322345       0.0034557823129251824    1.2202553477111168E15    2.0545664998697628E15    2.7035419800096275E15    3.2526680982154715E15    3.72976349270126E15      4.155837308966379E15     4.546536873691364E15     4.902675332171373E15     5.236047439785681E15     5.54548597004333E15      5.837880835037724E15     6.115294385190815E15     6.381511709500811E15     6.635235075237485E15     6.847674149620376E15
0.06097875457875458       0.004406122448979588     1.2440660847817965E15    2.0893872774001775E15    2.743407728333429E15     3.2962952569159535E15    3.776084919163307E15     4.203715032725326E15     4.595528392520377E15     4.952507789119197E15     5.286685305448223E15     5.596130142634439E15     5.888144907249941E15     6.164923587735822E15     6.430070645977827E15     6.682976937387519E15     6.89464279464964E15
0.05800219780219782       0.005442857142857146     1.2560422661157328E15    2.0965708300115948E15    2.740200623311085E15     3.2827276993788495E15    3.7520646530859785E15    4.1686492808306445E15    4.549675329753479E15     4.896111921680171E15     5.220271403729637E15     5.519074156639142E15     5.800309961352221E15     6.066324504676663E15     6.320476954566177E15     6.56306845704132E15      6.765798869629404E15
0.055813553113553106      0.00656598639455783      1.3082223247168158E15    2.1683151272949922E15    2.8205428969514045E15    3.3689094692323025E15    3.8417013432043735E15    4.259609428287466E15     4.641120530220926E15     4.987096472927421E15     5.310590756470615E15     5.607166265611844E15     5.885630229943008E15     6.148195278885808E15     6.398020766843632E15     6.636790648728777E15     6.836107251894982E15
0.05441282051282053       0.007775510204081641     1.4199578903316502E15    2.3548409021978795E15    3.0660446550880755E15    3.666042910921273E15     4.1843994310303945E15    4.64364607373601E15      5.063337670609437E15     5.444534301869296E15     5.801039119531252E15     6.128122675474232E15     6.435328852228465E15     6.725079568088268E15     7.000866271923181E15     7.264767641771424E15     7.485299017280859E15
0.0538                    0.00907142857142857      1.5537817389252382E15    2.594767794717592E15     3.396706497556519E15     4.077778932384893E15     4.669615267432461E15     5.196932589694985E15     5.680364922821269E15     6.121339735787822E15     6.534275121093972E15     6.914940802355813E15     7.273537995790979E15     7.612843034382025E15     7.936307466845811E15     8.245911174406764E15     8.505355229368388E15
0.05304999999999999       0.010453741496598636     1.6716466094519312E15    2.81230685115611E15      3.7009667783079255E15    4.460144244527382E15     5.123335294713519E15     5.717096226279041E15     6.263123938687344E15     6.762962085733239E15     7.231442455888806E15     7.665017421005687E15     8.074446821713597E15     8.462766095842363E15     8.833257080065912E15     9.187984873196498E15     9.485855193074826E15
0.05229999999999999       0.01192244897959183      1.7603154286690022E15    2.9843012019222255E15    3.947322623728849E15     4.774082174210908E15     5.499700882661526E15     6.152010737003149E15     6.753510980818585E15     7.305690520305309E15     7.82361149498413E15      8.304412985829454E15     8.759286285006233E15     9.191350501517482E15     9.603763221749006E15     9.998793848041906E15     1.0331008965249374E16
0.051549999999999964      0.013477551020408159     1.804973334683817E15     3.084095179088172E15     4.099147051364084E15     4.974327635084665E15     5.745651138827507E15     6.441388810528409E15     7.084301567016854E15     7.675802875677122E15     8.230920328790801E15     8.747518745686245E15     9.237045087910822E15     9.702519725796702E15     1.014697279899369E16     1.057293535165831E16     1.0931639875449958E16
0.05079999999999999       0.01494625850340136      1.7978164849915558E15    3.0958780751596435E15    4.1329370177181265E15    5.030142991042766E15     5.823512533548775E15     6.541063367252556E15     7.205238458763591E15     7.817353439322536E15     8.3921017099166E15       8.927960906400556E15     9.436366211362742E15     9.920161441143794E15     1.0382255319409434E16    1.0825393500482624E16    1.1198975416820862E16
0.04995333333333331       0.016328571428571425     1.742950348493434E15     3.028347181419288E15     4.061793295806041E15     4.958785445146941E15     5.754453874016108E15     6.475813609349961E15     7.144453941832023E15     7.76161389723627E15      8.341371349391952E15     8.882741951290234E15     9.39690268234353E15      9.886486099385524E15     1.0354277101105818E16    1.0803163035668926E16    1.1181985505084122E16
0.04892842105263156       0.017624489795918363     1.64378852711403E15      2.8887213745177465E15    3.89632005964503E15      4.773975081942597E15     5.555110687982947E15     6.265054054537341E15     6.924040423498434E15     7.533220530433762E15     8.105755519698724E15     8.641160247463019E15     9.15013475725394E15      9.635071341916116E15     1.0098618057701102E16    1.0543765418438884E16    1.091986173304521E16
0.04772526315789472       0.018834013605442165     1.5012536893680848E15    2.6787811247861785E15    3.638918028535023E15     4.4786611771846375E15    5.228919076654365E15     5.912692346250051E15     6.548426427231221E15     7.137078160910776E15     7.690591381615202E15     8.208978559077167E15     8.702243739084271E15     9.172507860140914E15     9.622287760532184E15     1.0054612921495774E16    1.042036357302783E16
0.046343859649122784      0.019957142857142847     1.3173159641801288E15    2.4019296180925475E15    3.293792149088394E15     4.0774212571563315E15    4.780950355561728E15     5.424552421975126E15     6.024138258022869E15     6.580264644616946E15     7.10337285057523E15      7.594037786245557E15     8.06140814508834E15      8.507300884107606E15     8.934067272545749E15     9.344726967847534E15     9.692704156727262E15
0.044784210526315774      0.0209938775510204       1.0893152159121576E15    2.0541718163908825E15    2.859686588130943E15     3.5705718286286485E15    4.2124613923804855E15    4.801990980230853E15     5.352351960118349E15     5.863583689448979E15     6.344621869768412E15     6.796562053564996E15     7.227673347155627E15     7.639342508215875E15     8.033743433610961E15     8.413778652966203E15     8.736429370254068E15
0.04304631578947368       0.02194421768707483      8.233500911682075E14     1.6432387412393832E15    2.3346301327256395E15    2.9480785214106405E15    3.506569747455329E15     4.0220244440974765E15    4.504264595668529E15     4.954374248280137E15     5.37884793200093E15      5.77859121547551E15      6.160828791425645E15     6.526258844488654E15     6.87685724390618E15      7.215272136284563E15     7.503286838136674E15
0.04113017543859647       0.02280816326530612      5.1952136330690756E14    1.1421349984175948E15    1.6923014590115275E15    2.1836903329714125E15    2.6380814592909615E15    3.060874472586082E15     3.460364345202078E15     3.835608614720645E15     4.18959706913561E15      4.524851716881091E15     4.846379867933282E15     5.154240969335105E15     5.450226611305878E15     5.736571784099784E15     5.981036138552544E15
0.0390357894736842        0.02358571428571428      2.3786598568261344E14    5.728832069916305E14     9.006408668581274E14     1.2160715545784438E15    1.5171966078636015E15    1.8029297540544022E15    2.0770389798452145E15    2.3415438702635075E15    2.5949461718558775E15    2.837127408182057E15     3.0707265190918715E15    3.2952482742476165E15    3.5122142313146475E15    3.7230438555721735E15    3.903830656433367E15
0.03676315789473684       0.02427687074829931      8.057046627936145E13     1.881538444348061E14     2.945411233778443E14     3.9876490246425094E14    4.995271398119423E14     5.960588214833488E14     6.89503985240052E14      7.806772920474965E14     8.691355970100296E14     9.543699756600489E14     1.0369506257446169E15    1.1164313313494195E15    1.193730615585021E15     1.2692175416890078E15    1.3345029836094365E15
0.0861043956043956        8.459899447643692E-18    6.096192318533614E14     1.0490637664599731E15    1.3961564178051758E15    1.686237140169252E15     1.9376408967484012E15    2.164616565513097E15     2.3724159837186855E15    2.5611024439949445E15    2.737901256226566E15     2.901955388051331E15     3.0562473500712715E15    3.202571169018746E15     3.343993859310867E15     3.478272170819337E15     3.590393800977039E15
0.08076410256410253       -5.95312499999992E-4     7.868253143464618E14     1.3387618238610555E15    1.77328387282726E15      2.1361946467042518E15    2.450813057349057E15     2.7349399668330055E15    2.9950677396118485E15    3.2313468316891475E15    3.452778001370099E15     3.6581858529609005E15    3.8514215258892375E15    4.034717871133727E15     4.2115427942878725E15    4.3796180190740255E15    4.520071456361082E15
0.07463589743589742       -0.0017859374999999894   9.1489560998421E14       1.549022999081565E15     2.0472313943380972E15    2.463302988824647E15     2.824133140852083E15     3.1499808151211975E15    3.448293006319506E15     3.719373448484478E15     3.9734894617230995E15    4.2091180939204735E15    4.430818276081806E15     4.641149434114365E15     4.843690818058102E15     5.036436067416096E15     5.197626711098689E15
0.0692956043956044        -0.0035718749999999926   9.052606606268276E14     1.5345806045228992E15    2.028330840681924E15     2.4407335722220475E15    2.7984066212260635E15    3.121258382702119E15     3.4167712953882625E15    3.685346215428641E15     3.937169211704247E15     4.170492639482106E15     4.3899803401634285E15    4.598186236195594E15     4.798412917130266E15     4.989100950479426E15     5.148590901174961E15
0.06474322344322345       -0.005953124999999983    7.413231895317632E14     1.2696632123720422E15    1.6842184949847555E15    2.0307169011508038E15    2.331256136906975E15     2.602386720498297E15     2.850494921165807E15     3.0759361324618015E15    3.2873438879715385E15    3.4829992550506705E15    3.6669693384000015E15    3.841407152309167E15     4.009002646592761E15     4.1686513964430505E15    4.3020758189755845E15
0.060978754578754575      -0.008929687499999988    4.645163123639273E14     8.246938633621401E14     1.1090778866706605E15    1.3479503176005892E15    1.555708859183709E15     1.7434338089660855E15    1.915406048990705E15     2.0717247751145625E15    2.2183971304763895E15    2.354101827944261E15     2.4817496545519655E15    2.6027913784116495E15    2.7190563787557435E15    2.82984786909718E15      2.922357500153294E15
0.058002197802197814      -0.012501562499999992    1.791566094426243E14     3.639928880407153E14     5.175388145983963E14     6.495237251165175E14     7.653094349284612E14     8.706416053019335E14     9.677654013623941E14     1.0564843736781516E15    1.1400796723250582E15    1.2176770650242618E15    1.2909039606732092E15    1.3603917454260738E15    1.427096795303478E15     1.4907187279381942E15    1.5436720897191018E15
0.055813553113553106      -0.016668749999999982    2.4194976831141945E13    6.189737755453213E13     1.0087266700355633E14    1.3871980749329119E14    1.7442549992455366E14    2.0846632434297394E14    2.4102043488089116E14    2.716571244708752E14     3.01078440911646E14      3.289559473119394E14     3.5577519853015E14       3.8156818789783125E14    4.067747778655483E14     4.3107667338332344E14    4.515990224189514E14
0.08076410256410253       5.183673469387796E-4     8.089273171023891E14     1.3751888223233078E15    1.8210326162552525E15    2.193431603829487E15     2.5162875908913825E15    2.8078680817703535E15    3.074834039653721E15     3.317353907952263E15     3.5446424787307785E15    3.755508575093643E15     3.9538942003085605E15    4.142088030778423E15     4.323659574177674E15     4.496242376567305E15     4.640475450479864E15
0.07463589743589745       0.0011231292517006825    9.993448931070504E14     1.6878964264292978E15    2.229000035309982E15     2.6810532128204615E15    3.0732066582273825E15    3.427438120367553E15     3.751796160193669E15     4.046655359837527E15     4.3230838486244405E15    4.579473751445237E15     4.820750530245711E15     5.049692733416632E15     5.270184263394569E15     5.480030770636034E15     5.655579297814701E15
0.06929560439560438       0.0018142857142857197    1.1202646019686671E15    1.8871281998441322E15    2.4888633767597225E15    2.991828364591314E15     3.4283568088066945E15    3.822599374969434E15     4.1835756778155995E15    4.51190393039062E15      4.819806476545855E15     5.105238239467767E15     5.373839267588519E15     5.628741423000069E15     5.873886952063463E15     6.107476985358385E15     6.303038817149273E15
0.06474322344322345       0.002591836734693879     1.1751203789223672E15    1.97684706957168E15      2.604274900877075E15     3.1287822544274095E15    3.583949243140439E15     3.994655077249258E15     4.370560102262905E15     4.712518911627736E15     5.033289468605753E15     5.330306959978718E15     5.609680129460129E15     5.874749397722358E15     6.129343776789455E15     6.37218889206914E15      6.575560502973309E15
0.060978754578754575      0.0034557823129251863    1.1754572046632398E15    1.9730667507308242E15    2.593494187742219E15     3.1114639884731195E15    3.5602796128959465E15    3.964323942592021E15     4.3337483661385245E15    4.669547752329984E15     4.98455720058033E15      5.275495142875671E15     5.548761619352678E15     5.807791468420409E15     6.056188977507564E15     6.293298505796135E15     6.491726346859266E15
0.058002197802197814      0.004406122448979598     1.1515282909337782E15    1.919501265396607E15     2.5089507727999805E15    2.9987796599633275E15    3.4212742276697185E15    3.799563925897099E15     4.144530381941617E15     4.4571148520001085E15    4.750083632194064E15     5.01898399181938E15      5.270594719015024E15     5.508433587130886E15     5.735842104922263E15     5.952909584152336E15     6.13400420326011E15
0.055813553113553106      0.005442857142857147     1.1642168466244665E15    1.9166565216555588E15    2.4827407973395285E15    2.949091097945243E15     3.348027511155739E15     3.7019053148145245E15    4.0229167502275675E15    4.3120485656895265E15    4.582495827384073E15     4.827700842954926E15     5.055693960852147E15     5.269984040757546E15     5.47348696626436E15      5.667817621959352E15     5.829357524111317E15
0.05441282051282053       0.00656598639455783      1.2588817476086695E15    2.0637694188270145E15    2.667421933778396E15     3.165131160602116E15     3.590476804703773E15     3.967485899263585E15     4.308998191528136E15     4.615955900819278E15     4.902949116031938E15     5.162595768562222E15     5.403530301035183E15     5.62935769832221E15      5.84346915780699E15      6.048427142620444E15     6.218659138832019E15
0.0538                    0.007775510204081633     1.408512052696763E15     2.325982174026524E15     3.0253520327117035E15    3.607683359130032E15     4.1096374917082605E15    4.558389682370691E15     4.967180238532726E15     5.337097052359439E15     5.683577741548239E15     5.999728985661111E15     6.294863849132529E15     6.572840140793411E15     6.837326764897134E15     7.090653828582026E15     7.302108020976223E15
0.05304999999999999       0.009071428571428569     1.5530016169307862E15    2.585926799784153E15     3.384773337854518E15     4.0552524958456815E15    4.637187652421573E15     5.160839395604407E15     5.639781686984561E15     6.075606368065286E15     6.484469922533674E15     6.859898310767178E15     7.211671567411875E15     7.544384224090113E15     7.861600942590034E15     8.165485081478025E15     8.420084750061998E15
0.05229999999999999       0.01045374149659864      1.6805992973962715E15    2.822857743384021E15     3.7180500243385525E15    4.4746726064148455E15    5.135477705633037E15     5.733383871258029E15     6.282386001965504E15     6.7841529011394E15       7.255449944757047E15     7.690354572007323E15     8.099072757194681E15     8.486744273645878E15     8.856658576838445E15     9.211091028355326E15     9.508711507465E15
0.05155                   0.011922448979591833     1.7756559850307995E15    3.0080450991144095E15    3.984442966865307E15     4.814296456601905E15     5.542948405462423E15     6.205144985040725E15     6.815050733161579E15     7.374246663920901E15     7.899914060081234E15     8.386749877953646E15     8.845373364371821E15     9.281136832797256E15     9.697182177449112E15     1.0096028251130594E16    1.0431524573248434E16
0.050799999999999984      0.01347755102040816      1.8236110926989758E15    3.115348740869292E15     4.1481100078968605E15    5.030047642187715E15     5.807878698383942E15     6.517158655315417E15     7.171973792187688E15     7.773786904777572E15     8.339856166531108E15     8.865591315632142E15     9.361842202189262E15     9.833916130754318E15     1.028484196172585E16     1.0717437452379286E16    1.1081865154038176E16
0.0499533333333333        0.014946258503401358     1.8200945915302932E15    3.1354035821034435E15    4.19461191624741E15      5.102719122997064E15     5.906660631139285E15     6.641758393264527E15     7.32167018758996E15      7.947727030406045E15     8.536896128458068E15     9.085236802478396E15     9.603609302168674E15     1.0097134522246866E16    1.056873460326719E16     1.1021510451511602E16    1.140342579752771E16
0.04892842105263157       0.016328571428571425     1.7694589142782325E15    3.0779609301472445E15    4.138996979316879E15     5.052330176795363E15     5.863880493477689E15     6.607791551334819E15     7.297002692235179E15     7.932746774037414E15     8.531330484532713E15     9.08943999838882E15      9.6177189586519E15       1.012100810134398E16     1.0602126166742488E16    1.1064401061765642E16    1.145481281632831E16
0.047725263157894715      0.017624489795918363     1.672948024645999E15     2.945848003500506E15     3.9854988620339345E15    4.884334538284456E15     5.686167356680079E15     6.423041137254392E15     7.106869292080957E15     7.738804528230599E15     8.334118600989936E15     8.890121542739951E15     9.417037225769498E15     9.919342340672612E15     1.03997529934386E16      1.0861762939227606E16    1.1252489908893794E16
0.046343859649122784      0.018834013605442172     1.5319520041592248E15    2.741257290388848E15     3.7367836412154465E15    4.601692267417435E15     5.376805369495028E15     6.091055537152695E15     6.755047274362813E15     7.369858944999207E15     7.949381976774097E15     8.491585833222407E15     9.006077551899237E15     9.496860287677194E15     9.966573202448328E15     1.0418778681631418E16    1.0801832706434938E16
0.04478421052631577       0.019957142857142854     1.3483255352859712E15    2.4670594455750735E15    3.396187059905338E15     4.2077712997270895E15    4.939059470855865E15     5.615356440230843E15     6.245374768067119E15     6.829887891291751E15     7.381218030407055E15     7.898009649313795E15     8.389111483957782E15     8.857928379530812E15     9.307021507868258E15     9.739906400852264E15     1.010727023350091E16
0.04304631578947368       0.020993877551020407     1.1181998015811856E15    2.1171304777463838E15    2.9595957458539595E15    3.699296440210606E15     4.37030209901419E15      4.993091129030797E15     5.574208459526613E15     6.114019104751288E15     6.623854326693152E15     7.102843094367326E15     7.558915540139326E15     7.994674239615446E15     8.412594735804611E15     8.816028087595917E15     9.15915029445471E15
0.04113017543859647       0.021944217687074826     8.469073795972818E14     1.6975524921676098E15    2.4222435631870185E15    3.0626318512854415E15    3.6489670818394035E15    4.195528416890967E15     4.706315879254516E15     5.183569216747673E15     5.635309891866354E15     6.061268564544438E15     6.467874186932226E15     6.856785016251221E15     7.230365764397295E15     7.591648735261377E15     7.89973616885986E15
0.03903578947368419       0.02280816326530612      5.341844120625E14        1.1810832993203975E15    1.7578344179555512E15    2.27248661265151E15      2.7512167003183215E15    3.2006305542812215E15    3.626045547383053E15     4.0234300577025645E15    4.4019266462294685E15    4.76061939799691E15      5.104086509083154E15     5.433038048783779E15     5.749653730428381E15     6.05650245149004E15      6.318999822513889E15
0.036763157894736824      0.02358571428571429      2.4383325072604706E14    5.912973681230802E14     9.356803459895295E14     1.26737162822062E15      1.5859613809824232E15    1.8912410894991155E15    2.1850248021609578E15    2.4681177806687315E15    2.740516913283103E15     3.0011522109107695E15    3.252347031683481E15     3.493700670454974E15     3.726503971712578E15     3.952784435879633E15     4.147579799780839E15
0.03431228070175438       0.024276870748299317     8.26740168962311E13      1.933715374147301E14     3.0410834964021144E14    4.1269249463397075E14    5.184530214927585E14     6.209422098428872E14     7.204834280183254E14     8.179836566222696E14     9.128834336685385E14     1.0045395801250256E15    1.0933662807835748E15    1.179142005215297E15     1.262631580689862E15     1.3442942858301142E15    1.4151768858595015E15
0.08076410256410256       9.869882688917641E-18    7.99459649091217E14      1.3619047285297418E15    1.8018555405811205E15    2.1738198412322022E15    2.4967411823342095E15    2.785328306120207E15     3.0499764367628575E15    3.2907941715071535E15    3.515961379792305E15     3.725294574097496E15     3.923108784330485E15     4.1107830543504815E15    4.291750335984991E15     4.4636466217329785E15    4.607251328249669E15
0.07463589743589741       -5.953124999999897E-4    9.5125147160564E14       1.6114922205973255E15    2.126902045375652E15     2.562692003665059E15     2.941171687735952E15     3.2793981789599385E15    3.5895640266857405E15    3.8719503881211865E15    4.136068034528E15        4.3815308521331205E15    4.613541212698709E15     4.83371107757825E15      5.045638299642482E15     5.247194095088246E15     5.415724906397022E15
0.06929560439560435       -0.0017859374999999935   9.786553289122829E14     1.657462752390095E15     2.1865153818130175E15    2.6338878838564335E15    3.022464789644246E15     3.3695684161098275E15    3.6878179246968595E15    3.9776371991727245E15    4.2487817922078205E15    4.500594862842139E15     4.738568140611323E15     4.964381219676204E15     5.181442869255544E15     5.388063735367213E15     5.560880286266223E15
0.06474322344322345       -0.0035718749999999982   8.541661722627198E14     1.4555217107738415E15    1.9235418234044032E15    2.319260490274645E15     2.662844270671307E15     2.9694747558510735E15    3.2504726464526095E15    3.5062891325739235E15    3.7456479120926695E15    3.967630970562627E15     4.177270214853399E15     4.3760895320538235E15    4.566998524043532E15     4.748778479601105E15     4.900707591944525E15
0.06097875457875458       -0.005953124999999989    5.83890670476218E14      1.0198158202944716E15    1.3603724680560752E15    1.648889980413703E15     1.8995628086153918E15    2.1232768218322968E15    2.328260937580242E15     2.514808437601386E15     2.689364263989614E15     2.850976669459092E15     3.0034894486397405E15    3.148022966955072E15     3.2867165148098E15       3.4187580810710185E15    3.5289269784987035E15
0.058002197802197814      -0.008929687499999986    2.5333287801997378E14    4.945603267967563E14     6.904298859837634E14     8.581995923451201E14     1.0052434643508305E15    1.1375699396992755E15    1.2594529051044812E15    1.3707155534816778E15    1.4748109337691552E15    1.5710367512917655E15    1.6618975327899932E15    1.7481410703134418E15    1.8309802941914595E15    1.9099783631913662E15    1.9759588765969162E15
0.055813553113553106      -0.01250156249999998     4.0142069781818086E13    1.0000796231154773E14    1.595088008789113E14     2.1541987808485597E14    2.6744654469195766E14    3.162081017943147E14     3.6255779284742194E14    4.060053837434927E14     4.474732813369878E14     4.8657570085491375E14    5.2402063892806925E14    5.60076867679671E14      5.952029103974412E14     6.290054854546066E14     6.576108045220816E14
0.07463589743589742       5.183673469387755E-4     9.832673128025902E14     1.6642124713716975E15    2.19578081998381E15      2.6452713254502145E15    3.0356840566099065E15    3.384610531640882E15     3.704596712638167E15     3.995948548059092E15     4.268455185792788E15     4.521737933582001E15     4.761149315150501E15     4.988352426788529E15     5.207055129315334E15     5.415058401356041E15     5.589002991061401E15
0.06929560439560438       0.001123129251700688     1.0946898999989936E15    1.8480807647625272E15    2.4352978206298245E15    2.9320131841922305E15    3.363556204630067E15     3.749129227682833E15     4.102684013194408E15     4.4247657487210565E15    4.726130093700617E15     5.006100882772925E15     5.270745325603539E15     5.521920503187351E15     5.763356651738411E15     5.993239298300431E15     6.185622774302698E15
0.06474322344322345       0.001814285714285719     1.1355135636280688E15    1.9148850256779198E15    2.5207213493911305E15    3.033117438703986E15     3.4781131522635515E15    3.875327603697312E15     4.239431172425709E15     4.571180034839504E15     4.881687904041621E15     5.169818290132294E15     5.442032093389722E15     5.700297230958948E15     5.948203414369243E15     6.184441140360108E15     6.382156281027935E15
0.06097875457875458       0.002591836734693882     1.1138270068096012E15    1.8752715494478375E15    2.4633729914207705E15    2.959924518911096E15     3.390345325164985E15     3.773564876927723E15     4.1244611558632635E15    4.443901003866584E15     4.742868850182395E15     5.019478495536043E15     5.280348815742992E15     5.527537656515428E15     5.764410540751907E15     5.990209044473734E15     6.178963013114079E15
0.058002197802197814      0.0034557823129251794    1.0537355072567054E15    1.762317699713444E15     2.3008473898679385E15    2.752859997592786E15     3.1423378374620735E15    3.486712960083018E15     3.8009356555224505E15    4.085926776654923E15     4.352267247028654E15     4.59671037819934E15      4.826067359461276E15     5.042478655883346E15     5.249157412323136E15     5.445977480544121E15     5.609754580861878E15
0.055813553113553106      0.004406122448979597     1.0170330538467121E15    1.6691172368609585E15    2.147761771990584E15     2.5433225897196155E15    2.879244657695942E15     3.171370801761949E15     3.435465715367223E15     3.672173481523802E15     3.8924369984125E15       4.0909734638876635E15    4.274960594476682E15     4.44686976443708E15      4.609259563142983E15     4.763442119538444E15     4.890504094508273E15
0.054412820512820516      0.005442857142857151     1.0798583769052268E15    1.7485651243267368E15    2.2296025146465652E15    2.6233904553728675E15    2.9541637924537425E15    3.238397793864667E15     3.494114405247931E15     3.721074326773926E15     3.9312605314887985E15    4.1179860843386275E15    4.289949900941969E15     4.4486445323812485E15    4.596154905501224E15     4.737617824268683E15     4.853392257375333E15
0.0538                    0.006565986394557824     1.2355781292222038E15    2.0170099233346965E15    2.5919747729142595E15    3.0690373854925965E15    3.4743018411699695E15    3.827429296083391E15     4.1468974027529125E15    4.433569459091982E15     4.700277021495269E15     4.940903053383552E15     5.163964383054912E15     5.371746955671711E15     5.567836042151239E15     5.755711871123162E15     5.911161018053182E15
0.05304999999999996       0.007775510204081631     1.3967614051738785E15    2.3017689583149855E15    2.982669534482435E15     3.5548993786112395E15    4.0466391637982855E15    4.4800027298509255E15    4.874653091418433E15     5.231666932593057E15     5.564942545793494E15     5.868373017517961E15     6.152260191349538E15     6.418901632512775E15     6.671620482987356E15     6.913309999284363E15     7.114567466122087E15
0.05229999999999999       0.00907142857142857      1.5557076732766438E15    2.5906566849748445E15    3.3838144566796085E15    4.0570394274703655E15    4.641079212336621E15     5.160537083132703E15     5.63631988454652E15      6.069896876411518E15     6.475581206811085E15     6.848356485904016E15     7.198906520294288E15     7.53025042967904E15      7.845541412733624E15     8.147182159664669E15     8.399630952396151E15
0.05155                   0.010453741496598636     1.6939144622103798E15    2.849709242868526E15     3.7496374196836145E15    4.519387005333114E15     5.19209461971649E15      5.794434813765615E15     6.348685449998675E15     6.856255652455776E15     7.331850469931016E15     7.771356297579301E15     8.185973912001277E15     8.579006794533628E15     8.953338748840395E15     9.311596760326326E15     9.612158706308386E15
0.05079999999999999       0.011922448979591835     1.7957746738161102E15    3.049588078831471E15     4.037771784984999E15     4.888012694330938E15     5.635586953326954E15     6.308373989785576E15     6.929515270932729E15     7.500295220067961E15     8.035621187913442E15     8.532339700203771E15     9.00221787810666E15      9.448460572066368E15     9.873778292490646E15     1.0281138398259024E16    1.0623623098557876E16
0.049953333333333315      0.013477551020408159     1.8500180129249318E15    3.170555738411158E15     4.2217522081945255E15    5.130693953120529E15     5.933860077142114E15     6.659580380726332E15     7.331325410706455E15     7.950229863125294E15     8.531124763421835E15     9.071765322928364E15     9.584257209614934E15     1.0071560843004872E16    1.0536228780765368E16    1.0981674580027622E16    1.1356803002168994E16
0.04892842105263157       0.014946258503401358     1.8529635584793772E15    3.2047795356397825E15    4.289587690765617E15     5.231738028982175E15     6.067931138554094E15     6.825971497705455E15     7.529064623310465E15     8.178241037338677E15     8.787974384884638E15     9.35675130981404E15      9.896800114538766E15     1.0410774013780124E16    1.090107591852459E16     1.1371520964031312E16    1.1768263499841988E16
0.04772526315789472       0.016328571428571425     1.806753321238608E15     3.1579867685302125E15    4.250797198572208E15     5.20410578588539E15      6.05385716275406E15      6.826510135440027E15     7.544434302871666E15     8.208653247639867E15     8.832962596421071E15     9.416472836962736E15     9.97126203476129E15      1.0499652971949944E16    1.1003976486877846E16    1.14883463067152E16      1.18974391073882E16
0.04634385964912278       0.01762448979591836      1.712666327785534E15     3.032786927897251E15     4.1090869010828865E15    5.052421362806948E15     5.897168879251045E15     6.667598228825942E15     7.384675123152537E15     8.049517801184078E15     8.674912339776507E15     9.260529275206318E15     9.818051752281008E15     1.0349420562003772E16    1.085695118436547E16     1.1344917212367602E16    1.1757724537449334E16
0.04478421052631577       0.018834013605442172     1.5721168321233465E15    2.8310423878095935E15    3.866427822537218E15     4.778538501079971E15     5.599621724559361E15     6.350874874984784E15     7.051234742192912E15     7.702046958561667E15     8.314832491489334E15     8.889750418552736E15     9.437842816350398E15     9.960597382565192E15     1.0460382450192586E16    1.0941504602728346E16    1.1349302417562894E16
0.04304631578947367       0.019957142857142854     1.3863507336738075E15    2.5542934120010915E15    3.524190134981073E15     4.38327397400779E15      5.161409538647207E15     5.87620497733838E15      6.543663923959803E15     7.165295710547999E15     7.751402342776661E15     8.302489137382163E15     8.828700699735335E15     9.330973612402686E15     9.811770008022052E15     1.0275273740135664E16    1.0668993959776942E16
0.04113017543859647       0.0209938775510204       1.1505707704423262E15    2.1949717887864618E15    3.076176979867285E15     3.860754735466519E15     4.576842406261595E15     5.237210723126971E15     5.853821082147612E15     6.429521062364872E15     6.973518410598294E15     7.486450913317982E15     7.97716504036767E15      8.445952186277284E15     8.895360860095145E15     9.329320469771066E15     9.698865280664826E15
0.0390357894736842        0.02194421768707483      8.704227136329462E14     1.7587514393550008E15    2.51638948001579E15      3.1956835870754045E15    3.821807616653302E15     4.4017198232700725E15    4.944103759442844E15     5.453457158053715E15     5.936548169772298E15     6.393757261933965E15     6.832130288892763E15     7.251324647918149E15     7.653916367354195E15     8.043422602237769E15     8.376076042230828E15
0.03676315789473684       0.022808163265306113     5.4658020720974856E14    1.2200879776124058E15    1.82151644228971E15      2.366585817690943E15     2.8769321404702475E15    3.3547284784502285E15    3.804438835276744E15     4.2289518498059215E15    4.633970459941931E15     5.019106327336612E15     5.389319910447955E15     5.743672472751756E15     6.084664089777599E15     6.415302539132558E15     6.698702548169292E15
0.03431228070175438       0.02358571428571429      2.4789208006595616E14    6.071256308872115E14     9.654586646525904E14     1.3153356420044692E15    1.6538063757167315E15    1.978014302887121E15     2.2906760730905615E15    2.5932561754940685E15    2.884873711099938E15     3.164835913846719E15     3.434998250805446E15     3.6935960635277375E15    3.943788210049661E15     4.187761870888638E15     4.398339177825199E15
0.03168315789473684       0.024276870748299314     8.4139400663269E13       1.9758522242582628E14    3.114785967605398E14     4.247157452007221E14     5.358062414131153E14     6.4349460164554E14       7.483765335535512E14     8.518347753356495E14     9.526631622367851E14     1.0503994837177392E15    1.145649157404669E15     1.237507595514767E15     1.3270591064336728E15    1.4148677745263415E15    1.4913065098481755E15
0.07463589743589742       8.459899447643692E-18    9.6769377214639E14       1.6357644408095865E15    2.1607122368899695E15    2.5991746664360185E15    2.979468170802444E15     3.3229388100844865E15    3.6374035191963135E15    3.9232192039148465E15    4.1911682097294485E15    4.439671936934668E15     4.673517121153582E15     4.89540052913709E15      5.109089045753664E15     5.312458498976058E15     5.48257586710005E15
0.06929560439560437       -5.953124999999929E-4    1.0258436367389658E15    1.7319113862357842E15    2.285762959277891E15     2.7484479286667375E15    3.1498215537488805E15    3.512196114872028E15     3.843920877951491E15     4.145526918016119E15     4.4283601937231275E15    4.690492478174188E15     4.93712614432915E15      5.171132453482691E15     5.396174347673696E15     5.610551261872766E15     5.789951004723419E15
0.06474322344322345       -0.0017859374999999894   9.439337371547635E14     1.5988733672079588E15    2.1114030771134055E15    2.5394406829185155E15    2.910534802732155E15     3.2451809702044225E15    3.5513389661505425E15    3.829612373577216E15     4.090584837346161E15     4.3320931080302335E15    4.559145466109686E15     4.774443753071759E15     4.981242417890882E15     5.178318123521591E15     5.343138374074084E15
0.06097875457875458       -0.0035718749999999943   7.025807523416766E14     1.2090339129926728E15    1.605108807301235E15     1.935927668982945E15     2.222449237754586E15     2.4804315762999535E15    2.716194841856769E15     2.9302367563781975E15    3.1309274664891395E15    3.316184987576346E15     3.4901172754762125E15    3.654816663016287E15     3.8128480866471935E15    3.96337628053363E15      4.08896552962924E15
0.0580021978021978        -0.005953124999999985    3.43069519606678E14      6.439247463059115E14     8.840410176593746E14     1.0865717782388674E15    1.2630873269070518E15    1.4225024645963622E15    1.5680710893526015E15    1.6999168614577058E15    1.8235948320749585E15    1.937777222701978E15     2.0450810038109988E15    2.146722704758014E15     2.2442994977802365E15    2.3372790837291315E15    2.414752076545942E15
0.055813553113553106      -0.008929687499999991    6.260298795924818E13     1.5052153301954884E14    2.336109064506331E14     3.099350404838618E14     3.799591990666433E14     4.4529318668120356E14    5.066136683312896E14     5.634751704268051E14     6.179743405541301E14     6.692924798527275E14     7.181956748843126E14     7.649552450233959E14     8.102020591855596E14     8.535999324540759E14     8.899628400667801E14
0.0692956043956044        5.183673469387796E-4     1.070228263879397E15     1.8047765682602772E15    2.3810705130533075E15    2.862590215397404E15     3.2803583971471075E15    3.6575749170834835E15    4.002917639486041E15     4.3169669067499155E15    4.611487628972827E15     4.884491238137963E15     5.141383862192881E15     5.385148461001063E15     5.619577965582505E15     5.842924833165819E15     6.029867519526587E15
0.06474322344322345       0.001123129251700688     1.0980372491136726E15    1.8503078733704888E15    2.438856018561306E15     2.930576977915786E15     3.357087282878297E15     3.7418323301837695E15    4.093937287277496E15     4.4141647917924885E15    4.714544686738571E15     4.992618113973157E15     5.254114409828838E15     5.502151755075248E15     5.740370127522114E15     5.967505830325374E15     6.157615238721271E15
0.06097875457875458       0.0018142857142857212    1.0561797285195122E15    1.7784409078475602E15    2.339701691085905E15     2.8077993743139815E15    3.2130465446507295E15    3.577592220747067E15     3.910739599460556E15     4.2133620154856345E15    4.4971724395517675E15    4.759070810449287E15     5.004909265849319E15     5.237756482320476E15     5.461001641328576E15     5.673917777274675E15     5.851901622424217E15
0.058002197802197814      0.0025918367346938805    9.61632756307106E14      1.6111857098923595E15    2.1070383452808915E15    2.5176333167428245E15    2.870713493972857E15     3.1859932150143985E15    3.4728658795920705E15    3.732214803498056E15     3.9750842252633605E15    4.197378432294701E15     4.404938189965557E15     4.60054587434193E15      4.787330989699969E15     4.965276483965665E15     5.113202472543391E15
0.055813553113553106      0.0034557823129251837    8.685337672550271E14     1.4209703424861198E15    1.8223417023428302E15    2.1460928028462375E15    2.418450117257048E15     2.655318745884352E15     2.8683354356538335E15    3.056772633447606E15     3.2317114603649325E15    3.387854228879898E15     3.530640412697277E15     3.6634105001168795E15    3.788517448123562E15     3.906514045247641E15     4.0019178315810215E15
0.054412820512820516      0.004406122448979597     8.82731750701204E14      1.401273351975054E15     1.757038983040288E15     2.034659666564219E15     2.2595778565661435E15    2.447709109285895E15     2.611873400310724E15     2.751134846026306E15     2.8775819078591515E15    2.9829073193398575E15    3.073807113556478E15     3.1537434015386965E15    3.225350243778806E15     3.291941079415944E15     3.3432670797860415E15
0.0538                    0.005442857142857143     1.032585186625248E15     1.648980718668273E15     2.0839319561547555E15    2.43006365677299E15      2.7164957434634995E15    2.961372106752295E15     3.1793878706862135E15    3.368615504696703E15     3.54362198152658E15      3.6946915615204185E15    3.83086684067946E15      3.954180182005075E15     4.066837564694374E15     4.175346707873045E15     4.2617605036690665E15
0.05304999999999996       0.006565986394557823     1.2007938054291742E15    1.9390237764987675E15    2.475368736392319E15     2.9114470856987705E15    3.278749273343273E15     3.5993471457596425E15    3.887478842781822E15     4.142681050386424E15     4.379525043657526E15     4.590204185950436E15     4.782542261898858E15     4.959839073244864E15     5.126755856281761E15     5.287399950467646E15     5.418640341749067E15
0.05229999999999999       0.007775510204081631     1.3811362908640262E15    2.2633013883336765E15    2.925492572190964E15     3.4734806471133005E15    3.9423820675113795E15    4.3588036092307935E15    4.736104217770596E15     5.075556945289682E15     5.392451650672575E15     5.678456984791817E15     5.943971579183208E15     6.192267836028228E15     6.42729512854205E15      6.652257702175904E15     6.839002840520996E15
0.05155                   0.00907142857142857      1.555165254679357E15     2.5819425219385095E15    3.371683077382844E15     4.034350230750072E15     4.608522883226044E15     5.124374995712915E15     5.595805615358176E15     6.024461407316173E15     6.426302063038858E15     6.794007301873561E15     7.137927896824705E15     7.462857893125422E15     7.771841456152897E15     8.067535685741236E15     8.314795027463711E15
0.05079999999999999       0.01045374149659864      1.7039633124382358E15    2.8627757450216645E15    3.770596989487878E15     4.538897464046255E15     5.21031721735897E15      5.818017689163771E15     6.376474598776909E15     6.887123360798225E15     7.366632450280969E15     7.808398064447294E15     8.223158036537912E15     8.616336482062966E15     8.990746296516527E15     9.34926206440639E15      9.649917011892216E15
0.049953333333333315      0.011922448979591833     1.814819430199266E15     3.080989631753501E15     4.08634840753432E15      4.942993402258156E15     5.696738420620127E15     6.382578424790649E15     7.015277517399161E15     7.59607496668776E15      8.141993207985843E15     8.64741559591924E15      9.12361754933437E15      9.57602284739806E15      1.0007226203673304E16    1.0420543188871894E16    1.0768048242707424E16
0.04892842105263155       0.013477551020408159     1.8781774095674792E15    3.221008557596737E15     4.2988888356615425E15    5.222665029117434E15     6.040243801397997E15     6.787337994669022E15     7.478586525602315E15     8.114960660456827E15     8.713555657639694E15     9.269671113909912E15     9.794993270032882E15     1.0294729021278456E16    1.07713014211296E16      1.1228669921614378E16    1.1613975998707014E16
0.047725263157894715      0.01494625850340135      1.8879565739180042E15    3.270392125854206E15     4.389861634311236E15     5.354429707162814E15     6.212465012587512E15     6.999185652340406E15     7.728784924556939E15     8.402127750284985E15     9.036004863668074E15     9.626470525455796E15     1.0185318532247788E16    1.0717425059552504E16    1.12251226013339E16      1.1712917443963044E16    1.21245728942502E16
0.0463438596491228        0.016328571428571425     1.8461502182244378E15    3.2346067589096305E15    4.3684454674974285E15    5.350584701142666E15     6.228579443325034E15     7.036028753610446E15     7.786310266261511E15     8.480419079389828E15     9.134419062663944E15     9.744987097408914E15     1.0323823010914936E16    1.0875393600420594E16    1.1402065564174666E16    1.19086730637213E16      1.2336987435131714E16
0.044784210526315774      0.017624489795918363     1.7538876199778405E15    3.115696541506573E15     4.237365873871452E15     5.214356544232571E15     6.092336352524729E15     6.902128278570699E15     7.655886501590966E15     8.3550025349589E15       9.014409435763818E15     9.63137100421511E15      1.0217189753365936E16    1.0775816962531506E16    1.1309778864958226E16    1.1824037782816492E16    1.2259698389428194E16
0.04304631578947368       0.018834013605442176     1.6122227149038945E15    2.914552570366544E15     3.997054716830564E15     4.945498241441088E15     5.802820473289333E15     6.595891507259002E15     7.335151620814071E15     8.022727846187224E15     8.672133755627446E15     9.281132573506666E15     9.860340071671768E15     1.0413052120260494E16    1.0942049028959374E16    1.1452234112963456E16    1.1885423630942212E16
0.04113017543859647       0.019957142857142854     1.421831573556676E15     2.6314867796903105E15    3.6469898912362445E15    4.542363411946723E15     5.357253987563206E15     6.113774068644749E15     6.819577791419201E15     7.478075647851349E15     8.101213423319883E15     8.687132373666727E15     9.245400072461104E15     9.77850751991682E15      1.028949029126002E16     1.0783060582273776E16    1.1203183058299376E16
0.0390357894736842        0.0209938775510204       1.1777830504137832E15    2.2587964692051565E15    3.1805567736251285E15    3.9985171017190795E15    4.749044954845383E15     5.447907984601344E15     6.099109908314906E15     6.709293541913096E15     7.28832276036717E15      7.834516467584665E15     8.355971161130351E15     8.854283430763139E15     9.332716037313778E15     9.795644289761294E15     1.0190771314165132E16
0.03676315789473684       0.021944217687074826     8.870666552718334E14     1.8033273178109432E15    2.5929077301262685E15    3.29979484128318E15      3.954868243867501E15     4.566738046271784E15     5.138599046989703E15     5.677689347117341E15     6.191343195445126E15     6.677754936379212E15     7.143184465654339E15     7.588284085875557E15     8.016421757155377E15     8.431508442039634E15     8.786921725601387E15
0.03431228070175438       0.022808163265306117     5.5244411394263706E14    1.2434892421670885E15    1.8667279012318828E15    2.432093458473987E15     2.964184397585565E15     3.4676650128292635E15    3.9384085007789375E15    4.386515556217581E15     4.815664071864881E15     5.224071657397438E15     5.615746974413609E15     5.990492681446581E15     6.351790057543822E15     6.702973680194997E15     7.004850102461991E15
0.03168315789473683       0.02358571428571428      2.4826553100430078E14    6.127661197002482E14     9.814373785523026E14     1.3424311723382785E15    1.6938347321764815E15    2.0336632781949518E15    2.361441989853609E15     2.679803343215592E15     2.987696607895029E15     3.283436991850541E15     3.5674656974587565E15    3.840465323923947E15     4.1051138927402755E15    4.3636844762009E15       4.587465017444255E15
0.028875789473684202      0.02427687074829931      8.444354061756873E13     1.98330586317953E14      3.139198383372016E14     4.2901351973920244E14    5.427068163651211E14     6.541283581859488E14     7.626485457376711E14     8.704110723123476E14     9.757852654211448E14     1.0782660570001575E15    1.1780571768705728E15    1.2744664382498045E15    1.3686394193591842E15    1.4612206105016732E15    1.5420780847719655E15
0.0692956043956044        8.459899447643692E-18    1.0505760480159609E15    1.7755199837875492E15    2.340499216929572E15     2.818359628504116E15     3.233496024338231E15     3.6043794426678285E15    3.9444649016481785E15    4.2542433502404315E15    4.544075736275094E15     4.81328975957332E15      5.067733146975557E15     5.309197595864064E15     5.541296054398248E15     5.762259845826595E15     5.94712887804423E15
0.06474322344322345       -5.95312499999994E-4     1.0074308439197638E15    1.7052017979047525E15    2.2475751186059758E15    2.7061535167243525E15    3.104308767210724E15     3.4596084451193985E15    3.7852169350190225E15    4.081751873351847E15     4.359231261781606E15     4.616594676386809E15     4.859661379274431E15     5.090203754353173E15     5.311525550409435E15     5.522343378370859E15     5.698648301969736E15
0.06097875457875458       -0.0017859374999999887   8.087165945960955E14     1.3819441893007795E15    1.8258333175048398E15    2.2006745697770145E15    2.5255695650009595E15    2.8147528301387805E15    3.079391188325721E15     3.320078463057791E15     3.5452599786193735E15    3.7535019593335185E15    3.949843986177558E15     4.135799079048495E15     4.3141056145844915E15    4.483882399837965E15     4.625540329900402E15
0.058002197802197814      -0.003571874999999997    4.497203873767059E14     8.151122535906972E14     1.0998386836171176E15    1.3409815327396498E15    1.5497579338937085E15    1.7348383307641042E15    1.903721262922172E15     2.0570930666079162E15    2.200519158991091E15     2.332594859621624E15     2.4568199267309655E15    2.5741408970200355E15    2.68647864303754E15      2.79326998932293E15      2.8818793331128585E15
0.05581355311355309       -0.005953124999999981    9.486127437457375E13     2.1727909482353628E14    3.2768096512976506E14    4.276478714156389E14     5.1750284490742594E14    5.998800600825824E14     6.771759366778072E14     7.489044464591512E14     8.168138560722092E14     8.799782875139834E14     9.398757290001374E14     9.968975144738552E14     1.0518722034945274E15    1.1044544793012421E15    1.1483521832579735E15
0.06474322344322345       5.183673469387835E-4     1.0666678293089762E15    1.8020002463029362E15    2.373454211244345E15     2.856702193101416E15     3.276349028708038E15     3.6508589980746115E15    3.9940990093591235E15    4.3067425169829835E15    4.599318071438662E15     4.870725857353472E15     5.12708562188384E15      5.370270659029512E15     5.603716872786732E15     5.826125225216091E15     6.012205009302341E15
0.06097875457875458       0.0011231292517006888    1.006880468273234E15     1.7013565709601638E15    2.2374881839117012E15    2.689956072569559E15     3.0819199882575685E15    3.4306945929736365E15    3.7498736883015085E15    4.0402590485202585E15    4.3119387918992275E15    4.563159768928841E15     4.800002505914954E15     5.024282021680019E15     5.239190962201848E15     5.443934856928096E15     5.614931042205431E15
0.058002197802197814      0.0018142857142857177    8.812731286695695E14     1.4858555207953932E15    1.9443783589598072E15    2.3283619282489365E15    2.6584922063576955E15    2.950020204191065E15     3.215763467252135E15     3.456457509090325E15     3.6813045104288455E15    3.8875110188441075E15    4.080728351579552E15     4.262958180221283E15     4.437091198978969E15     4.602769043934604E15     4.740177043496898E15
0.055813553113553106      0.002591836734693882     7.302554932054476E14     1.200728525449005E15     1.5350739622229125E15    1.8054434379562942E15    2.031090661763484E15     2.222833080853031E15     2.394610010313999E15     2.5460611535637965E15    2.6866325471689005E15    2.81045956020482E15      2.9222958877666055E15    3.025508356669785E15     3.1234056401230305E15    3.214336558067521E15     3.285717249692375E15
0.054412820512820516      0.0034557823129251824    6.841317381550409E14     1.059751979348432E15     1.2875029809152195E15    1.452643698655712E15     1.573122868591288E15     1.6615764597297698E15    1.7291487772531128E15    1.7796138847019628E15    1.8218665113995542E15    1.8469803137617045E15    1.8609650878834088E15    1.8695507708406292E15    1.8715323803018825E15    1.8716561075707465E15    1.8690330542441442E15
0.0538                    0.004406122448979591     8.1252117032921E14       1.258493679650798E15     1.5384103705518238E15    1.7467142840884935E15    1.9032179770663935E15    2.0214189128546465E15    2.1171882395469345E15    2.190625063893896E15     2.253832505143078E15     2.295752588200441E15     2.324975426671121E15     2.342726257538673E15     2.3507262825331555E15    2.3568648478066705E15    2.358004884309306E15
0.05304999999999999       0.005442857142857142     9.709500742880548E14     1.5212744505461675E15    1.8873158590611428E15    2.1730762930425288E15    2.4000308226198655E15    2.5829243001694255E15    2.73917635352532E15      2.8697017046545135E15    2.9866372790395745E15    3.07874439649107E15      3.1561441277368785E15    3.2219175831144365E15    3.275526115048328E15     3.3248642009566855E15    3.361351201264057E15
0.052299999999999985      0.006565986394557823     1.165184719649168E15     1.862685877652382E15     2.3548602176327265E15    2.7549764945663015E15    3.086828418296999E15     3.3686118311795035E15    3.620101868834436E15     3.840641566842654E15     4.0448568316307865E15    4.223503984050758E15     4.385464911037581E15     4.533550133811033E15     4.671427142292777E15     4.802798306092155E15     4.909230571099203E15
0.05155                   0.007775510204081631     1.368517920901646E15     2.2350653137023375E15    2.8745953589761065E15    3.407987659390458E15     3.8621628106038595E15    4.259056465874431E15     4.618059415266992E15     4.940491224409271E15     5.240018468815496E15     5.509238254278993E15     5.758805957763026E15     5.991761976800231E15     6.211706734478047E15     6.421198222647263E15     6.594531120777967E15
0.0508                    0.00907142857142857      1.5588224196149505E15    2.588055775300719E15     3.3730341536617205E15    4.039280226589882E15     4.615995050697251E15     5.127894801742117E15     5.596486001658686E15     6.023160836887842E15     6.421942626646388E15     6.786961976087193E15     7.129162108690539E15     7.452196751637673E15     7.758416570260692E15     8.050751881148414E15     8.294672860223427E15
0.049953333333333315      0.010453741496598636     1.7205530210731035E15    2.896162655278557E15     3.8116182000065335E15    4.59578211406444E15      5.281721439347221E15     5.896292713784016E15     6.462327457288277E15     6.980867793435257E15     7.466482553979104E15     7.914353023256291E15     8.336513735863385E15     8.736509863246755E15     9.116539962312916E15     9.479931175024242E15     9.784367065712992E15
0.04892842105263157       0.011922448979591833     1.843825855213197E15     3.14051070797118E15      4.1656677074341845E15    5.050278718883602E15     5.830276687055032E15     6.533638627417985E15     7.184484163616254E15     7.783502400145851E15     8.34520835677993E15      8.866194030138712E15     9.359143756975296E15     9.827145535334378E15     1.0272085515465122E16    1.0698129560485842E16    1.1056055502700858E16
0.047725263157894715      0.013477551020408159     1.9172729681763455E15    3.3025904764388965E15    4.411074259859848E15     5.373834945332905E15     6.228523113781478E15     7.003059239364623E15     7.722015807932434E15     8.385810953671205E15     9.008927706337126E15     9.58914839756547E15      1.0139744805535092E16    1.0663268370368924E16    1.1161371023420858E16    1.1639092800547462E16    1.2041371925902274E16
0.046343859649122784      0.014946258503401358     1.933818317476442E15     3.367737905663388E15     4.526428690738086E15     5.538741608720856E15     6.442655829952728E15     7.265010704640774E15     8.030165943571074E15     8.738608849352239E15     9.404418424597806E15     1.0026155867641336E16    1.0617353675611364E16    1.118007313052104E16     1.1715983703333236E16    1.223069205767524E16     1.2665059152610932E16
0.04478421052631577       0.01632857142857143      1.8953555332300812E15    3.341320098929055E15     4.520642558981747E15     5.556857684616558E15     6.487277768457872E15     7.336640547899785E15     8.128399950808048E15     8.863553614337371E15     9.55534352591123E15      1.0202935254855846E16    1.0819780560098812E16    1.1407416928982764E16    1.1967764592529694E16    1.2506682324449588E16    1.2962511643794568E16
0.04304631578947366       0.01762448979591836      1.8027147251279082E15    3.224557726975516E15     4.3951156134000735E15    5.429609143212831E15     6.363892263730272E15     7.2195203046416E15       8.018321140322497E15     8.762266782278285E15     9.463395860464996E15     1.0121321065053352E16    1.0749005843515408E16    1.1347421302266826E16    1.1918907229198458E16    1.2469336318003252E16    1.2936037908657396E16
0.04113017543859648       0.018834013605442165     1.6565636068814265E15    3.0173510450680555E15    4.148695316644612E15     5.154607693647257E15     6.068866034944093E15     6.908711380963304E15     7.693618205756341E15     8.427102042066562E15     9.119707384715656E15     9.771320199281824E15     1.039398874875973E16     1.0988036064584676E16    1.155633595456882E16     1.2104568405631484E16    1.2570639390047482E16
0.0390357894736842        0.019957142857142854     1.4575693173985222E15    2.7196912795876525E15    3.7801594284644125E15    4.729178341034004E15     5.598122819910637E15     6.399188004412609E15     7.147923128950185E15     7.850494659808828E15     8.515575554184493E15     9.143100753757688E15     9.743739328758302E15     1.0317139853264078E16    1.0866685862038976E16    1.139772836354104E16     1.1850454076996098E16
0.036763157894736824      0.020993877551020407     1.2016620186936078E15    2.3254979914575215E15    3.2848449279996745E15    4.1492294804238085E15    4.947372045034985E15     5.684720759693502E15     6.373264040513651E15     7.022848658166041E15     7.639778441894026E15     8.223801118963222E15     8.783783778622944E15     9.318696553620324E15     9.83232298997235E15      1.032959021944148E16     1.0754800937997984E16
0.03431228070175438       0.021944217687074823     8.980946230780692E14     1.844326838558567E15     2.6614767432505725E15    3.404365551187906E15     4.097171005287605E15     4.739567795311721E15     5.340987326672289E15     5.912497489023708E15     6.457448473417835E15     6.975342196876666E15     7.472826363647613E15     7.948333726318935E15     8.405868520018769E15     8.849811210074878E15     9.230712602106818E15
0.03168315789473683       0.02280816326530612      5.527858953185169E14     1.25972940782475E15      1.8998340740672095E15    2.489193320088395E15     3.047468489320624E15     3.5733105728184585E15    4.064741749344639E15     4.536834930667772E15     4.989262437685117E15     5.421168443283342E15     5.836672721439211E15     6.234296992996178E15     6.617885310676615E15     6.991104167332406E15     7.312599439469676E15
0.02887578947368419       0.02358571428571428      2.4581067423707034E14    6.128984516378339E14     9.871630102543544E14     1.3589551377329592E15    1.72353178167404E15      2.0760086321541565E15    2.41620170580822E15      2.748904906890847E15     3.0710893920806105E15    3.380439963108283E15     3.6795090440074215E15    3.966988122503055E15     4.2458171926108655E15    4.518571748007405E15     4.755140753405046E15
0.025890175438596487      0.02427687074829931      8.399924795479319E13     1.9771006926615938E14    3.1344363850517244E14    4.30245419530806E14      5.463384779582232E14     6.599982823323119E14     7.709538886223161E14     8.818912261409399E14     9.905551940387909E14     1.096585946360432E15     1.2002794404299742E15    1.3005119848958575E15    1.3984937193922195E15    1.4949850469963672E15    1.5794600008309935E15
0.06474322344322345       5.639932965095795E-18    1.0381786324495411E15    1.7524104217762302E15    2.3111585569233585E15    2.777851962455962E15     3.182529216434223E15     3.547492392304377E15     3.8814256234567895E15    4.1850403670568345E15    4.469818146545492E15     4.733409695147834E15     4.981264942616197E15     5.216329599629122E15     5.442100660850252E15     5.657322979220709E15     5.837405374295515E15
0.06097875457875458       -5.95312499999988E-4     8.856586772555729E14     1.503124301862828E15     1.9834949496139428E15    2.3840053151312235E15    2.73050892984735E15      3.0420800458597785E15    3.3267043635800825E15    3.5851035570010045E15    3.8274114685643475E15    4.0509822989137505E15    4.2607964007594395E15    4.459495127526533E15     4.650075093376281E15     4.83170839633902E15      4.983381663347493E15
0.058002197802197814      -0.0017859374999999943   5.617039304284228E14     9.865092071033496E14     1.315227187654642E15     1.5883347513888732E15    1.822934241459384E15     2.032838462716672E15     2.223856655744896E15     2.3967066029822245E15    2.55851711064288E15      2.706658848331217E15     2.845011089184792E15     2.9752803466060845E15    3.099841433823902E15     3.21816175326644E15      3.3160482390637415E15
0.055813553113553106      -0.0035718749999999943   1.419106046692016E14     3.0384316983514444E14    4.427592179216235E14     5.633000791313892E14     6.697122228726851E14     7.671575358223395E14     8.568770847507758E14     9.386680428137001E14     1.0156557133450272E15    1.0863038577968952E15    1.152532493706147E15     1.2150403764411732E15    1.2749898768477938E15    1.3320559542988305E15    1.3791793779930585E15
0.06097875457875458       5.183673469387847E-4     9.628834291084218E14     1.6275367514661748E15    2.1442303936617658E15    2.5749030583647485E15    2.9474755304258555E15    3.2825858764184635E15    3.5887674202184055E15    3.8668259521801195E15    4.12755574600113E15      4.368091675956573E15     4.593787671990065E15     4.807472533013192E15     5.012361677212317E15     5.207674293749349E15     5.370721098963646E15
0.05800219780219782       0.001123129251700688     8.10972143404205E14      1.3729219532151865E15    1.8022272635813198E15    2.157402226131981E15     2.4628004821174645E15    2.7353684792241925E15    2.983338458086662E15     3.2073587456299025E15    3.417225935797811E15     3.6092520726693265E15    3.7884582139949835E15    3.95773977765203E15      4.1198103980072805E15    4.274211153618306E15     4.402446693949955E15
0.055813553113553106      0.001814285714285719     6.056680006187355E14     1.0052465253283842E15    1.2880017522635925E15    1.5121975192637285E15    1.6980453439434098E15    1.8566302279609558E15    1.9971147910221015E15    2.1194383876203848E15    2.233131613248616E15     2.3311473131681105E15    2.419273717055929E15     2.4988664036018395E15    2.573311497129106E15     2.641544931080872E15     2.694052205989977E15
0.054412820512820516      0.002591836734693884     4.9103551654527256E14    7.336564230162005E14     8.554025837612049E14     9.312144880260031E14     9.785049650910859E14     1.0087981817523918E15    1.0250835028934612E15    1.03321418664962E15      1.039520710007261E15     1.0388594035978702E15    1.0367200610280041E15    1.0342807557459288E15    1.0310389258266992E15    1.029597816733042E15     1.028894668526603E15
0.0538                    0.0034557823129251737    5.83329239146775E14      8.486455119686608E14     9.720807360359776E14     1.0437282105544616E15    1.0837798022511849E15    1.1032683815201898E15    1.1110899516351868E15    1.112215799118996E15     1.1126931680770549E15    1.106559312779638E15     1.0992068422783439E15    1.0895786519940299E15    1.0801200251720149E15    1.0724415212952215E15    1.0658060140775192E15
0.05304999999999998       0.00440612244897959      7.129504325757065E14     1.0419257330312779E15    1.204756359208726E15     1.3012915774088575E15    1.3565781685654328E15    1.3818209829660532E15    1.3907288163742765E15    1.3878429544964942E15    1.381566195598296E15     1.367826555443307E15     1.354635727274722E15     1.3398569637162365E15    1.3242906976646825E15    1.3107936087913182E15    1.299721171390953E15
0.05229999999999999       0.005442857142857142     9.010960049225629E14     1.3689381983867838E15    1.6508274835627872E15    1.8499052163575705E15    1.9933980500375238E15    2.095336490573367E15     2.1708996198511318E15    2.2219564959711622E15    2.2572974118440765E15    2.2675650949502665E15    2.2693755293015795E15    2.254471744716663E15     2.2300791111887175E15    2.2059932753727928E15    2.1818128949727675E15
0.05155                   0.006565986394557823     1.1244647367044311E15    1.7719093147668592E15    2.2165865971859458E15    2.5666194708221325E15    2.851498092897384E15     3.093036390882486E15     3.305053573197995E15     3.4860971485227055E15    3.6515633779759995E15    3.787039439168749E15     3.9075850635450925E15    4.0088630696867345E15    4.0967678636572715E15    4.1811216845704625E15    4.2446973322436945E15
0.050799999999999984      0.007775510204081633     1.35294705294706E15      2.1943848557052112E15    2.811866267331499E15     3.3193885522098735E15    3.7492624945091485E15    4.1274669121344585E15    4.466882174846943E15     4.769327216496335E15     5.050007365748554E15     5.299796981473924E15     5.529918718393658E15     5.744321590029362E15     5.947383262707096E15     6.141446539575076E15     6.301774806113755E15
0.04995333333333333       0.009071428571428569     1.5599943689148115E15    2.5826864364792315E15    3.365916843965036E15     4.0225174356886915E15    4.589635745153585E15     5.097932336516654E15     5.562706330593874E15     5.984946777750516E15     6.380251748349226E15     6.739972623722768E15     7.074093749357414E15     7.388846955657242E15     7.686613171211426E15     7.970517251869267E15     8.206889807501275E15
0.04892842105263156       0.010453741496598636     1.7376269862653755E15    2.9229437167717075E15    3.8524249690519675E15    4.640431678854761E15     5.329865101290184E15     5.954108419376277E15     6.52882526697835E15      7.054875996588149E15     7.548513688085921E15     8.00256421146109E15      8.428587545230539E15     8.832201069177003E15     9.215311950483374E15     9.581489945910672E15     9.887989387831804E15
0.04772526315789472       0.011922448979591828     1.8745835973984985E15    3.19584237515475E15      4.249496993944582E15     5.150630741063831E15     5.94683582298074E15      6.673241747522013E15     7.345575871828232E15     7.963882408952662E15     8.544708992828693E15     9.082321380354216E15     9.589294624515472E15     1.007076198255016E16     1.0528129469469794E16    1.096651977581253E16     1.1334786648993774E16
0.046343859649122784      0.013477551020408152     1.9580851679721818E15    3.380079313684686E15     4.528907509622719E15     5.519220762717843E15     6.400975263322724E15     7.209488097660808E15     7.960291329851609E15     8.653238456041877E15     9.305153158000644E15     9.911370376349082E15     1.0484976114449472E16    1.1030593466963662E16    1.1549556799957272E16    1.2047986632331282E16    1.2467903601067666E16
0.044784210526315774      0.01494625850340135      1.980346639230023E15     3.459282588971641E15     4.66680408827658E15      5.714901621763609E15     6.654160568428614E15     7.518692726168931E15     8.323428301763561E15     9.068666764406752E15     9.77083343574161E15      1.0425869320848234E16    1.1047123286162738E16    1.1638715745476812E16    1.2202306250930224E16    1.2744490959781526E16    1.32025617559947E16
0.04304631578947368       0.016328571428571425     1.9432443204876968E15    3.438872841783132E15     4.672039155707449E15     5.74939861375104E15      6.720777368599798E15     7.617689389783686E15     8.454026025082832E15     9.231209199270678E15     9.96470214937556E15      1.0650906374394516E16    1.1302915639514338E16    1.192433058018487E16     1.2517435753980974E16    1.3088907580575904E16    1.3573086100235444E16
0.04113017543859648       0.017624489795918363     1.8473488462047925E15    3.3193427368517585E15    4.54485539361575E15      5.622563915554816E15     6.600333760226915E15     7.505660551661904E15     8.350936791960848E15     9.139350589755056E15     9.884888002945678E15     1.0584287658605762E16    1.1249961987997608E16    1.188485403565971E16     1.2492032460187848E16    1.3077999157489734E16    1.357589677101621E16
0.0390357894736842        0.018834013605442172     1.6933488190310762E15    3.100286899381943E15     4.283432107437858E15     5.331008506935402E15     6.28776611388842E15      7.175835798381046E15     8.005642787636226E15     8.782923564492471E15     9.519646663473346E15     1.0212827263289098E16    1.0873700877003186E16    1.150439293297091E16     1.210879018532579E16     1.2693079569428532E16    1.3191018518855302E16
0.03676315789473684       0.01995714285714285      1.4827839443644628E15    2.7829445458845195E15    3.887944597448138E15     4.873593117135004E15     5.780869188449339E15     6.624968151448553E15     7.413805154839576E15     8.156392108143457E15     8.862183713660464E15     9.528379164393562E15     1.0164619960116696E16    1.0772114710112552E16    1.135542099794267E16     1.192033428515742E16     1.2403211805687428E16
0.03431228070175438       0.020993877551020404     1.2134552363330568E15    2.364440760981021E15     3.358054072677353E15     4.251355253617433E15     5.080506706023799E15     5.85250242757885E15      6.573889505155007E15     7.257157291853346E15     7.908655639517051E15     8.525780555499873E15     9.116220310398538E15     9.680259794297524E15     1.0222872175266314E16    1.0749390360078274E16    1.1200857569224488E16
0.03168315789473683       0.021944217687074826     8.974476967265654E14     1.8585863274262825E15    2.698109063771993E15     3.460321543934722E15     4.1747790733665995E15    4.842831203076245E15     5.468118286142758E15     6.065086053586725E15     6.636431865570746E15     7.179762234551714E15     7.700585728557195E15     8.198506755051513E15     8.678493176854992E15     9.145278443913082E15     9.54688082574531E15
0.02887578947368419       0.02280816326530612      5.445147342243053E14     1.2547488847280522E15    1.9059846470173038E15    2.5055394741577345E15    3.076294152104634E15     3.618213230950109E15     4.12503595403578E15      4.613828122984577E15     5.083863036608366E15     5.532632385600255E15     5.963901543738349E15     6.376774119927109E15     6.775688883884929E15     7.164648310605621E15     7.500577742605754E15
0.025890175438596476      0.02358571428571428      2.3953324121365897E14    6.016803232505134E14     9.765783442987032E14     1.350385705804726E15     1.719222029987829E15     2.078878513029367E15     2.426266175164906E15     2.7674492159121385E15    3.098922233144368E15     3.417333529950716E15     3.7252237913854115E15    4.0212656064756035E15    4.3087397515735505E15    4.590512345519257E15     4.835487192859284E15
0.02272631578947368       0.02427687074829931      8.250906839509395E13     1.938461104761279E14     3.082394222884707E14     4.2382334552112275E14    5.393399572153149E14     6.53322818526346E14      7.649076897614579E14     8.769438382527331E14     9.870816007369826E14     1.0947891388400669E15    1.2001252424263032E15    1.3020376704332208E15    1.4017916249708368E15    1.5002628590049175E15    1.5866958491001475E15
0.06097875457875458       1.127986593019159E-17    9.272489818775824E14     1.5728255333770445E15    2.0715663757195205E15    2.4924266343587845E15    2.857011657444749E15     3.181450520766552E15     3.4783162790021105E15    3.748329762094868E15     4.000926526973455E15     4.234456928771457E15     4.4545728037531505E15    4.663038315242042E15     4.862846073582072E15     5.053172530589359E15     5.212064600095724E15
0.05800219780219782       -5.953124999999915E-4    6.545794046126865E14     1.131677558395151E15     1.4958087524358408E15    1.80128877056449E15      2.0641677231155628E15    2.296636372324717E15     2.5085689079864365E15    2.700598032702682E15     2.880000532878003E15     3.044450883153087E15     3.198692761094254E15     3.3439153327369875E15    3.482703466110093E15     3.614466482321924E15     3.723432164625062E15
0.055813553113553106      -0.0017859374999999859   2.113746106690986E14     4.1804260674147444E14    5.809872726388398E14     7.187940551128934E14     8.370853583265934E14     9.414421138485256E14     1.0356381930410732E15    1.1203030944640149E15    1.1989156442905815E15    1.2693811004103525E15    1.334564757419047E15     1.395049192007551E15     1.4523813541312798E15    1.5063121940257158E15    1.5496077103651778E15
0.058002197802197814      5.183673469387771E-4     7.533593718609151E14     1.2848486035119918E15    1.688442106886516E15     2.0268607309479928E15    2.318168286813255E15     2.5750538944161205E15    2.809066014771939E15     3.0208175036986665E15    3.218798603266514E15     3.4004341543889E15       3.5709379191039645E15    3.7319483622182145E15    3.885999916329774E15     4.032509520087822E15     4.1544035073244955E15
0.055813553113553106      0.001123129251700687     5.0276934013696056E14    8.498580402954128E14     1.0936242730909605E15    1.289414522949506E15     1.4491599848829145E15    1.5842417525259438E15    1.7038390581374888E15    1.8087736806764822E15    1.9050311143316625E15    1.9871739785380335E15    2.060668447003427E15     2.1246037276786405E15    2.1828872938427678E15    2.234844498323117E15     2.2725828732542285E15
0.054412820512820516      0.001814285714285719     3.226522732067931E14     4.7433901568061325E14    5.4358074405765806E14    5.870090996187121E14     6.128936359800206E14     6.2972323462845E14       6.417547565967841E14     6.517016492445445E14     6.596369619807946E14     6.648100917901025E14     6.688281038714319E14     6.718460589868354E14     6.738668061508874E14     6.763375737800178E14     6.787866314544165E14
0.0538                    0.0025918367346938775    3.74290280081141E14      5.0910779947963906E14    5.581857849343576E14     5.841600509882968E14     5.961316702216435E14     6.010129217879456E14     6.044138133265668E14     6.078272978915466E14     6.10931016186171E14      6.122684808942682E14     6.148627206255435E14     6.168352493767345E14     6.203294405472726E14     6.253218313821458E14     6.299928750572635E14
0.05304999999999998       0.003455782312925173     4.536368566354029E14     5.898850861339228E14     6.271230574771355E14     6.437872389824114E14     6.496185871919438E14     6.503077028325578E14     6.499081084757685E14     6.504295852017555E14     6.515056441311861E14     6.524644930007325E14     6.542796423006816E14     6.579055009161262E14     6.625189138360971E14     6.676432359290118E14     6.724440720822715E14
0.052299999999999985      0.00440612244897959      6.051928236681678E14     8.062890421735421E14     8.640729056914805E14     8.809357844938636E14     8.78885136669477E14      8.726742855868548E14     8.648924378063648E14     8.582577236141398E14     8.515555116297648E14     8.430731605723356E14     8.354607613608235E14     8.2973329254348E14       8.274923268576758E14     8.268703279712748E14     8.27282563485368E14
0.051549999999999985      0.005442857142857142     8.291634927474452E14     1.2032640281770242E15    1.3831540254111318E15    1.4894298097665728E15    1.5424687621945375E15    1.5577974878844148E15    1.5496437012672662E15    1.5291277101557065E15    1.504719657204522E15     1.4726766234749252E15    1.4426889690790472E15    1.4157620934411152E15    1.3931014663128215E15    1.3730477534774242E15    1.3583039920121675E15
0.05079999999999999       0.006565986394557824     1.0859210698642236E15    1.6862893380872912E15    2.0765648547887905E15    2.37947379170796E15      2.6170717068794865E15    2.805346995553176E15     2.9605999725498345E15    3.0851041812867575E15    3.1926330277650615E15    3.266926970841268E15     3.3215341451384055E15    3.3564810059879325E15    3.375338644743219E15     3.38720986652634E15      3.386415709666584E15
0.04995333333333331       0.007775510204081631     1.3396767705675058E15    2.1612782490735045E15    2.7535100340056845E15    3.244604221039908E15     3.656125372708505E15     4.0099604735196135E15    4.325357486325736E15     4.607256435174224E15     4.868778811646354E15     5.102702401830656E15     5.320421129347361E15     5.524425113816219E15     5.716352936718119E15     5.898940528750652E15     6.047642214379017E15
0.04892842105263157       0.009071428571428569     1.5676104489222942E15    2.5964618767291215E15    3.3774624812744285E15    4.0383910330631655E15    4.608955294097581E15     5.115182596372765E15     5.577613002026948E15     5.997130656155078E15     6.388458378071962E15     6.743477384854386E15     7.074841189403077E15     7.387485838263019E15     7.682523295720551E15     7.963536709387275E15     8.19655501526904E15
0.04772526315789472       0.010453741496598636     1.764476320187491E15     2.9773234727330765E15    3.9238568488228075E15    4.735678514562467E15     5.447280467575882E15     6.086085893378574E15     6.676534286170356E15     7.21850723741639E15      7.725551730611594E15     8.192338974867709E15     8.63215676761689E15      9.04836906915945E15      9.44171001643068E15      9.817130845113174E15     1.0130682922785986E16
0.0463438596491228        0.011922448979591833     1.9163021843949958E15    3.282829762734123E15     4.3695483038701765E15    5.311679989803163E15     6.147271130720427E15     6.903668944917427E15     7.606516845656501E15     8.254657669499721E15     8.862101548132451E15     9.425612209065054E15     9.95969509344089E15      1.0466576895192304E16    1.0946413986127E16       1.1405993424845532E16    1.1791529489895564E16
0.04478421052631577       0.013477551020408159     2.0091242734025132E15    3.4892264602790195E15    4.683240340929963E15     5.727502500648389E15     6.661527345274285E15     7.511676958677971E15     8.304156710743389E15     9.038037934154436E15     9.72736177082876E15      1.03700169807127E16      1.0981204770842812E16    1.1562333115851228E16    1.211382579689288E16     1.2643340568718292E16    1.3089390859980764E16
0.04304631578947367       0.014946258503401358     2.0349020729034645E15    3.579209959875151E15     4.839399984711093E15     5.949621377750478E15     6.949628355392359E15     7.863532537397231E15     8.717197129693587E15     9.510944863727952E15     1.0258090544317262E16    1.0957083677515138E16    1.162326089354291E16     1.2257448107944074E16    1.2860938911630702E16    1.3441491855589918E16    1.3932323701067172E16
0.04113017543859646       0.01632857142857142      1.9957390525926882E15    3.558727119810816E15     4.847539464637994E15     5.990665232193469E15     7.027018430222354E15     7.97721552907044E15      8.866033971916838E15     9.695837074730588E15     1.0478655489418866E16    1.1213271552598258E16    1.1914619030451908E16    1.2582865395363174E16    1.322043075057078E16     1.3834878461039244E16    1.4356139837898288E16
0.03903578947368418       0.01762448979591836      1.8923134592548822E15    3.4281970546613595E15    4.707731824107388E15     5.85020379451666E15      6.892707322311998E15     7.851210416987309E15     8.748668748974586E15     9.590130713342104E15     1.038588076195273E16     1.1134865837577698E16    1.1851031606994938E16    1.2533845585684066E16    1.3186932874349162E16    1.3817499276110264E16    1.4354191690134804E16
0.03676315789473684       0.018834013605442176     1.7261365698564248E15    3.188324647853347E15     4.4193215309365965E15    5.526073080257817E15     6.542764989764969E15     7.479809835137156E15     8.357756492645673E15     9.184908942730888E15     9.969228711374098E15     1.070981296572665E16     1.141902872999019E16     1.2095561491141198E16    1.2744085428456928E16    1.3371405165154212E16    1.3907035393732128E16
0.03431228070175438       0.019957142857142854     1.500605150442908E15     2.843309660866096E15     3.986332636413269E15     5.021626792295011E15     5.980411145911707E15     6.865710483251846E15     7.695466730491156E15     8.481482128250643E15     9.2289619691095E15       9.937128298478884E15     1.0616364714093204E16    1.126458751361002E16     1.1887206690201262E16    1.2490598355171828E16    1.3007405590552522E16
0.03168315789473683       0.020993877551020404     1.2161961028203152E15    2.3950531414486985E15    3.4149341519594205E15    4.3458637111345435E15    5.21513131813297E15      6.018126550457896E15     6.771092696879186E15     7.488981271793069E15     8.173835323270081E15     8.824945584135239E15     9.450486989091932E15     1.0047796926353398E16    1.0622580937756526E16    1.118071638064086E16     1.1660257123654096E16
0.02887578947368419       0.021944217687074826     8.880775173571454E14     1.8625246860306842E15    2.716384481924915E15     3.502956492352172E15     4.244614416055189E15     4.933334650003073E15     5.58025640172104E15      6.201746732007889E15     6.796835539763027E15     7.364620146638824E15     7.911186499083098E15     8.433586995951366E15     8.937247962605731E15     9.427408304708786E15     9.849927342947474E15
0.025890175438596487      0.02280816326530612      5.302476886881465E14     1.2402051045888685E15    1.895832593978265E15     2.5072895134941595E15    3.0929651307798455E15    3.646514224732755E15     4.1657409931208845E15    4.669383072667601E15     5.153962105503692E15     5.617963893743147E15     6.065765236699925E15     6.494377594248364E15     6.908504417410778E15     7.312609680219355E15     7.662236076254176E15
0.02272631578947368       0.02358571428571428      2.311206995351087E14     5.859405243501445E14     9.564861238179208E14     1.3314466180532962E15    1.7040335909015388E15    2.0667873934363202E15    2.418348412576373E15     2.7656039352508215E15    3.1033978143207425E15    3.42887804737074E15      3.7445881902941555E15    4.048203831992481E15     4.343066597436401E15     4.632396827522705E15     4.884376136263992E15
0.01938421052631579       0.02427687074829931      8.05954448888595E13      1.893960177424207E14     3.012719530254669E14     4.1583057942494444E14    5.307805160790876E14     6.438275701047622E14     7.549788716576921E14     8.670533764945741E14     9.774348103184402E14     1.0856579854727588E15    1.1918086175422935E15    1.2945790677330322E15    1.3951923152415028E15    1.4946558275372815E15    1.5821037257084752E15
0.058002197802197814      5.639932965095795E-18    7.05410655216624E14      1.2079964564950008E15    1.5928346501936768E15    1.9117331840235165E15    2.1858188225149478E15    2.4302992363202185E15    2.6528158601877835E15    2.8539690938489735E15    3.0424424829945175E15    3.214957902944183E15     3.37613936588743E15      3.52808513671922E15      3.673488110484238E15     3.811709968441158E15     3.92627376213705E15
0.055813553113553106      -5.953124999999877E-4    2.9972826026869725E14    5.4990924529675694E14    7.362190515056132E14     8.86678135995817E14      1.0111419136781496E15    1.1201015019572751E15    1.2162478238966075E15    1.3010691796625068E15    1.3789602968002208E15    1.4464626752855825E15    1.507025194197955E15     1.5615653050920138E15    1.6122426090726E15       1.659004284489823E15     1.6947071258319022E15
0.055813553113553106      5.183673469387806E-4     4.217638119776078E14     7.288219966160756E14     9.493440740393325E14     1.1237985002171525E15    1.2658684859819925E15    1.3897457874726332E15    1.4991467774867388E15    1.5954475803685215E15    1.6833733430273048E15    1.7577342233444682E15    1.823102100588949E15     1.8795489925701355E15    1.9308568242245858E15    1.9767865025489655E15    2.0084481610517738E15
0.05441282051282053       0.0011231292517006868    1.8894957475440397E14    2.8628408418374194E14    3.357503066546705E14     3.686726195163828E14     3.937130139087857E14     4.1405867435397875E14    4.294343161297173E14     4.4192796552880094E14    4.527030003178779E14     4.6146269579451056E14    4.692568854076447E14     4.781319609548185E14     4.874180938140373E14     4.975996262106937E14     5.066149682965434E14
0.0538                    0.0018142857142857134    2.1279666940473988E14    2.934833848723422E14     3.2683995887733444E14    3.488251837236624E14     3.656850696361194E14     3.799986636454837E14     3.924114294143639E14     4.043815680519093E14     4.1660307491970844E14    4.276671538816334E14     4.387261449335521E14     4.499008219426376E14     4.613347284227314E14     4.724740623162983E14     4.820739040726771E14
0.05304999999999999       0.0025918367346938766    2.5538111161853512E14    3.257843302333372E14     3.491313173888671E14     3.6618158340849E14       3.804531389042803E14     3.929747469638569E14     4.0345225469092925E14    4.146874467894752E14     4.268028158795384E14     4.386619130119843E14     4.501799899203719E14     4.6088935804171306E14    4.703826801061451E14     4.788672052902528E14     4.861122066491075E14
0.05229999999999999       0.003455782312925173     3.3854833588038844E14    4.09679940620754E14      4.259474762035309E14     4.367107450886796E14     4.464165568850804E14     4.566691246068307E14     4.673207907225182E14     4.7916990134811506E14    4.9165089319108156E14    5.0228746443974494E14    5.1367980362256844E14    5.243067887558914E14     5.347215921817917E14     5.4423848793354556E14    5.520657009122843E14
0.05155                   0.00440612244897959      4.9648910200792156E14    6.043942748055525E14     6.16629158316087E14      6.1958471191539E14       6.191629536859849E14     6.167220900947274E14     6.16504213010283E14      6.201119669090289E14     6.272374798313091E14     6.356833116475226E14     6.455798101386228E14     6.563722220616562E14     6.665251651169309E14     6.778509126255881E14     6.851700180123442E14
0.05079999999999999       0.005442857142857143     7.531284126409018E14     1.0248452310200931E15    1.1167461805124988E15    1.1482793895214405E15    1.1391804638039995E15    1.1178064965763051E15    1.0972880808646786E15    1.0791797883972402E15    1.0641645053547068E15    1.0487466959834261E15    1.0379208183024865E15    1.0293752529949812E15    1.026150352351697E15     1.0248945487591608E15    1.0251423204048465E15
0.049953333333333315      0.006565986394557823     1.0408660661491574E15    1.579755570245434E15     1.9053261863122965E15    2.1362769666906365E15    2.300727308349852E15     2.421294534971274E15     2.5066418471138765E15    2.5538624610343095E15    2.5775270272083985E15    2.5612566249665815E15    2.52304020968003E15      2.4691927011931965E15    2.410970327575412E15     2.354323330494861E15     2.301901097549417E15
0.04892842105263157       0.007775510204081631     1.3222181282763475E15    2.1142108015297145E15    2.6800699963249415E15    3.1385425287593675E15    3.5145320438992645E15    3.8381616768944845E15    4.1334325917744535E15    4.3992690502613975E15    4.645490601688367E15     4.861219067833713E15     5.052384132239116E15     5.224646985491114E15     5.381275654796479E15     5.524454107500409E15     5.637696634736275E15
0.04772526315789472       0.00907142857142857      1.576241273367652E15     2.605781609469303E15     3.38967451983512E15      4.045127500258188E15     4.609250514698375E15     5.112923767724351E15     5.573878361556569E15     5.992672321212125E15     6.38410123541978E15      6.738403094315156E15     7.067206782676111E15     7.376050311522324E15     7.666292763645939E15     7.939566255213501E15     8.1647368589109E15
0.0463438596491228        0.010453741496598636     1.7936799760913735E15    3.029744871833122E15     4.002432461489425E15     4.828498460396658E15     5.554760090488029E15     6.214902120725098E15     6.826372493236635E15     7.387074500037634E15     7.911846935485544E15     8.39384663106117E15      8.846894594459122E15     9.275670818935896E15     9.679287741767462E15     1.0064953761344894E16    1.0386843863195888E16
0.04478421052631578       0.011922448979591832     1.9593622613589622E15    3.3659737063823285E15    4.4962000774823765E15    5.469077528795188E15     6.335363084005249E15     7.129215615357556E15     7.867926359509799E15     8.54875832771422E15      9.188136780276462E15     9.780599399212758E15     1.0340941034857838E16    1.0872854869508784E16    1.1375556238128508E16    1.1857789588231012E16    1.2262308836632148E16
0.04304631578947367       0.013477551020408159     2.0588226881124725E15    3.5894491990081145E15    4.838187544053744E15     5.92387532102359E15      6.899306007379521E15     7.797855435356725E15     8.636175590648482E15     9.412893803618144E15     1.0144483616384086E16    1.0826052587563706E16    1.1472763515015362E16    1.2087921175338524E16    1.2671994143001736E16    1.3233807128629604E16    1.370774069119698E16
0.041130175438596484      0.014946258503401358     2.084464344635556E15     3.6833681766591E15       5.003334138618863E15     6.16032142484387E15      7.207498996361497E15     8.175528986966925E15     9.080199751329706E15     9.922524908089996E15     1.0718042529311654E16    1.1462030814697458E16    1.2169467749652664E16    1.284318390902336E16     1.3485260375704096E16    1.4104203931581348E16    1.462867060406642E16
0.0390357894736842        0.016328571428571425     2.0390200889124422E15    3.6549689004222345E15    5.003291882805166E15     6.193787848258881E15     7.278531620393053E15     8.283968328134523E15     9.22468690521614E15      1.0104714243929842E16    1.093802968845559E16     1.1720014527522206E16    1.2464821559451444E16    1.3174685058028896E16    1.3853402008863154E16    1.4508989859368312E16    1.5066647743469992E16
0.03676315789473684       0.017624489795918356     1.9239804235032612E15    3.5058236599380215E15    4.839435317665066E15     6.025507687350069E15     7.113286029969794E15     8.123709352877471E15     9.069892434365108E15     9.959303420326394E15     1.0803749679068432E16    1.159886229459545E16     1.2357366634678462E16    1.3080648397913834E16    1.3773987809910468E16    1.4444992933418958E16    1.5017746944791522E16
0.03431228070175438       0.01883401360544217      1.7426343458566725E15    3.239453595058202E15     4.514692330079049E15     5.657397304110401E15     6.712405253063425E15     7.694107672717928E15     8.614162588006305E15     9.483545404259246E15     1.0311203350605614E16    1.109321251761136E16     1.184043124209542E16     1.2553231492013254E16    1.3237965080396002E16    1.3901856675647908E16    1.4470356759245544E16
0.03168315789473683       0.019957142857142854     1.5010781862954832E15    2.8646818503262265E15    4.0393278107687255E15    5.100428330116344E15     6.087985189005657E15     7.007782858483993E15     7.870434487084022E15     8.690289359066457E15     9.47293262472395E15      1.0214995976474298E16    1.0925262247522208E16    1.160309603294035E16     1.225539334833921E16     1.2888972600790084E16    1.3433157944547946E16
0.02887578947368419       0.0209938775510204       1.2029318191837192E15    2.388877448090543E15     3.427184091424394E15     4.3728156821264105E15    5.260013537681908E15     6.086480797544739E15     6.862104013147361E15     7.604025467325109E15     8.314339559458017E15     8.990136230447552E15     9.638199927614014E15     1.0257061594639678E16    1.085355694921192E16     1.1434020478882048E16    1.1934052866542372E16
0.025890175438596487      0.021944217687074823     8.66156470988315E14      1.8363653746027882E15    2.69682794351356E15      3.487901288256502E15     4.2371427302263695E15    4.939489087207062E15     5.59917998697015E15      6.234900757143847E15     6.845656356060058E15     7.428713891216134E15     7.989118122497249E15     8.524814107475732E15     9.041982216981276E15     9.546324665702868E15     9.982103068054662E15
0.022726315789473674      0.022808163265306117     5.0879502353442844E14    1.205963500786167E15     1.859553500328326E15     2.468225250771097E15     3.053724822992898E15     3.612809211650749E15     4.1365707141830205E15    4.646177164629474E15     5.138044085980085E15     5.609386230190011E15     6.063524946596763E15     6.498300794534554E15     6.918821689524396E15     7.329988657743396E15     7.686473052025148E15
0.01938421052631579       0.023585714285714276     2.2040503074433406E14    5.6210915533779406E14    9.242986753458271E14     1.2925480935350128E15    1.660395071538003E15     2.021164349790633E15     2.3718305107164915E15    2.71925586458815E15      3.0582439863814365E15    3.3859655294134955E15    3.7028202801412065E15    4.0076637538480715E15    4.303945982376862E15     4.595237598848035E15     4.849393256541736E15
0.015863859649122805      0.024276870748299314     7.81486719552709E13      1.8299486684183894E14    2.916526945182021E14     4.0294271884441825E14    5.1500231368437706E14    6.261333031852785E14     7.352767035098051E14     8.458371170740405E14     9.550966602524169E14     1.0622862169907229E15    1.1673979316423318E15    1.2692169154385898E15    1.368975810958573E15     1.4678023765169468E15    1.554850031575076E15
0.055813553113553106      5.639932965095795E-18    3.604676968005273E14     6.40657025458156E14      8.436572713113E14        1.0071619172578702E15    1.1411176294959035E15    1.2572124378384628E15    1.3593919814010298E15    1.449427228134633E15     1.5314227926130892E15    1.601301242933671E15     1.6633372090565692E15    1.7178302776759525E15    1.7676340585914945E15    1.8128729318089082E15    1.8458325792192278E15
0.05441282051282053       5.183673469387814E-4     9.948449842639656E13     1.5762420969664556E14    1.8928773578643766E14    2.1333803303738697E14    2.3324757105366712E14    2.480638216221913E14     2.5939230314061466E14    2.687613780860849E14     2.7772415177341538E14    2.85956604004439E14      2.9451826161465744E14    3.0393310872379394E14    3.136075108621817E14     3.236698526932501E14     3.329914058974382E14
0.0538                    0.0011231292517006814    1.0329748400611469E14    1.490192606287693E14     1.7325419911574203E14    1.9349341949469238E14    2.0973294987703975E14    2.2304231602537934E14    2.3556176423696534E14    2.478382239901907E14     2.5957348195926934E14    2.7030583753660594E14    2.8041564040687528E14    2.886365386352917E14     2.956649103334584E14     3.021550007690101E14     3.075305059307017E14
0.05304999999999998       0.0018142857142857132    1.3210778787725386E14    1.769555429718882E14     1.999420189699761E14     2.1849237629244253E14    2.3435635861021853E14    2.4954745771542916E14    2.6381037353773288E14    2.7683096165590706E14    2.876226671732347E14     2.970985678257456E14     3.058379835470531E14     3.1339803560681594E14    3.199402088227326E14     3.262337551847859E14     3.315615769269162E14
0.05229999999999999       0.0025918367346938766    1.8291800030847628E14    2.2500483578891134E14    2.448933636690088E14     2.6134930238237466E14    2.7669891734825234E14    2.907907206620836E14     3.041906370575887E14     3.1642955980356994E14    3.265501094532377E14     3.338370506750694E14     3.398646260341965E14     3.4543141030751556E14    3.5118737565177025E14    3.573464375694995E14     3.626637618430251E14
0.051549999999999985      0.003455782312925173     2.6077695905372784E14    3.0332720176042356E14    3.155494483340722E14     3.3040961781022544E14    3.4452995389166175E14    3.6030551926550375E14    3.74159639021235E14      3.864544511574319E14     3.9785394166023194E14    4.068001539807276E14     4.141513125757334E14     4.21011395937553E14      4.267217870152979E14     4.315438646537109E14     4.357872487978268E14
0.05079999999999999       0.004406122448979591     4.054091383402267E14     4.6481593619025394E14    4.6574380657591106E14    4.658066910809673E14     4.6792255472315806E14    4.7611253070411975E14    4.868915133171542E14     5.024447030038595E14     5.184962159756988E14     5.32393066934904E14      5.407989721036749E14     5.4909169531926244E14    5.543775064516076E14     5.592471015992732E14     5.6287350100111594E14
0.049953333333333315      0.00544285714285714      6.69831673527399E14      8.482756931032674E14     8.732864115069378E14     8.685614764402164E14     8.569410192031196E14     8.442035469789731E14     8.303581780364251E14     8.264099363443619E14     8.30980004519523E14      8.364253700864766E14     8.487260416711269E14     8.659341161853119E14     8.842171180624478E14     9.028476562181856E14     9.16973894511666E14
0.04892842105263157       0.006565986394557823     9.93985383248421E14      1.4644308437877948E15    1.702363289298206E15     1.8591240928101542E15    1.9578832905622925E15    2.001946792687051E15     1.9851990408961265E15    1.9351752941895278E15    1.877778979094771E15     1.8036141455140545E15    1.738972179492937E15     1.688859336706707E15     1.6544072821080532E15    1.6284476397848008E15    1.606514631634865E15
0.04772526315789472       0.007775510204081631     1.3104190423350435E15    2.0832957920661918E15    2.6203892869198715E15    3.0527927714066775E15    3.406938900597908E15     3.7152842629884415E15    3.991007878989E15        4.228235286078449E15     4.443205986750061E15     4.614083668586541E15     4.758807844107902E15     4.887849955454631E15     5.00002939716451E15      5.101804784257843E15     5.174591258720917E15
0.046343859649122805      0.009071428571428567     1.5957121667487168E15    2.6428664838028E15       3.435029969860886E15     4.101890601961674E15     4.676561867763647E15     5.186671816242553E15     5.656892926038139E15     6.085470586535348E15     6.482961015224973E15     6.840421284455237E15     7.17197976075117E15      7.481140548728738E15     7.767474147733665E15     8.035788922055579E15     8.253780733274336E15
0.04478421052631578       0.010453741496598638     1.8341762033227232E15    3.114519052975071E15     4.119167404390839E15     4.984387005417336E15     5.748902007042992E15     6.439406507973069E15     7.082769193142633E15     7.673489812535759E15     8.224695446707522E15     8.732121225247262E15     9.212219234153254E15     9.665892041969956E15     1.009032545601414E16     1.0495245103833422E16    1.0830903489296238E16
0.043046315789473676      0.011922448979591833     2.011550801464549E15     3.4795769746964795E15    4.658481734135936E15     5.688873340579016E15     6.611391602617446E15     7.451152887255221E15     8.236182840605602E15     8.962076771825647E15     9.642858929172452E15     1.0275529579977018E16    1.0877361413699078E16    1.1448384951244628E16    1.1986584384167934E16    1.2502775883957306E16    1.2935695837689746E16
0.04113017543859647       0.013477551020408159     2.1138239762503205E15    3.714264978549589E15     5.02025991544847E15      6.173628525093703E15     7.215994524774772E15     8.169595490609257E15     9.062528709336008E15     9.893689320323602E15     1.0676208306492506E16    1.1407463145367016E16    1.2104864741717888E16    1.2768038266371036E16    1.3397544167155642E16    1.4003142615179548E16    1.4514712269449606E16
0.0390357894736842        0.014946258503401358     2.134642518347561E15     3.8038399356402035E15    5.182810242669512E15     6.410406726190549E15     7.528297136893913E15     8.55448264454734E15      9.516573243843082E15     1.0417067495232424E16    1.126765970365789E16     1.206577321950727E16     1.282823535954707E16     1.3554114707004298E16    1.4246412062234944E16    1.491411488383313E16     1.5481029437455318E16
0.036763157894736824      0.016328571428571425     2.0779359732225928E15    3.757976728577977E15     5.161334384856529E15     6.41980046185156E15      7.573396646444505E15     8.635007194699919E15     9.63122061955569E15      1.0568379791949708E16    1.1456256184538808E16    1.229245198298102E16     1.3092462287495884E16    1.3854552321125974E16    1.4583772953741118E16    1.5288642452688134E16    1.5889531472670908E16
0.03431228070175438       0.017624489795918363     1.9469840293140972E15    3.5811956135826235E15    4.960883960136479E15     6.207009850335283E15     7.356676382482298E15     8.41683511531858E15      9.412482530974028E15     1.0353827114835238E16    1.1248114661015478E16    1.2093422320946E16       1.2903364016506302E16    1.367522266460058E16     1.4415568717726618E16    1.5132584474817682E16    1.5745952828211886E16
0.03168315789473683       0.01883401360544217      1.7477548277127242E15    3.281504666952983E15     4.590456684923556E15     5.781365610218269E15     6.887315373928218E15     7.909076497235945E15     8.86948111882885E15      9.782327989161892E15     1.0651788801108664E16    1.1476552407455948E16    1.2268063072057374E16    1.3022650925263922E16    1.3747776771406514E16    1.4451291355232712E16    1.5054967096047042E16
0.02887578947368419       0.019957142857142854     1.489612625640081E15     2.873505258295169E15     4.0682497193720935E15    5.163740666897126E15     6.189032827010358E15     7.137467787867827E15     8.029585605187588E15     8.88238301061602E15      9.696738393061408E15     1.0471810985663928E16    1.1216874466652004E16    1.192754833987685E16     1.2611514174816016E16    1.3276246531541702E16    1.384826437914577E16
0.025890175438596487      0.0209938775510204       1.17934896581392E15      2.3703543471314715E15    3.416260139733846E15     4.382510892773637E15     5.293888007404457E15     6.137792314519619E15     6.931892103612052E15     7.695726233344499E15     8.42717435255779E15      9.125497323761368E15     9.79797979462385E15      1.0439915417198168E16    1.1058568533570444E16    1.166093992078083E16     1.2180702611468032E16
0.02272631578947368       0.021944217687074823     8.370819729925958E14     1.801008572283131E15     2.659662678596996E15     3.45943082834257E15      4.2206899095464895E15    4.931289455189979E15     5.599775971633115E15     6.24739131438649E15      6.869693797169504E15     7.465666293636721E15     8.040642892630175E15     8.590156171567628E15     9.120502769164292E15     9.638019915886162E15     1.0085813311589306E16
0.01938421052631579       0.02280816326530612      4.8439769340103225E14    1.1670128551787995E15    1.8129435287078282E15    2.421293674958389E15     3.0095226799401615E15    3.570267608457857E15     4.095823804930525E15     4.60971570784918E15      5.105884647003708E15     5.582920634854491E15     6.043756772173094E15     6.484967936584845E15     6.911549482382725E15     7.328947156934863E15     7.691266331378065E15
0.015863859649122805      0.023585714285714286     2.0957746427988997E14    5.383360114966902E14     8.895679979859301E14     1.2520040303701875E15    1.616061764787254E15     1.9731245767693662E15    2.3204361101456335E15    2.6668026577851565E15    3.0050778492597145E15    3.333678707753816E15     3.6513484092722955E15    3.957150246068325E15     4.2543168561072435E15    4.546791861600328E15     4.802286134602122E15
0.012165263157894738      0.024276870748299314     7.588003712989017E13     1.775213423070923E14     2.829444223478941E14     3.919075511762208E14     5.019873129857081E14     6.108700768626494E14     7.178605072303366E14     8.267172601379144E14     9.344244707424999E14     1.0402329154288124E15    1.144167829327865E15     1.2449268427419518E15    1.34362525964765E15      1.441504600287564E15     1.5278007169313898E15
0.05305000000000001       0.001123129251700681     5.507242687224812E13     8.022088977182914E13     9.73888540483413E13      1.1248436773706252E14    1.2711863155372333E14    1.4050220188746042E14    1.5199258716840344E14    1.6234028454491747E14    1.7193513394493372E14    1.8048016703854438E14    1.879522205206248E14     1.952143068095761E14     2.0234643316269894E14    2.0945757514784E14       2.1569420914635106E14
0.052299999999999985      0.0018142857142857132    9.173430481325067E13     1.247826977645292E14     1.470415181580123E14     1.673783399791768E14     1.847483554251649E14     1.9922576957306306E14    2.1146027698446097E14    2.2232952065554966E14    2.3259425403402678E14    2.42141686161791E14      2.5139474263785738E14    2.602207832135183E14     2.6899847519180912E14    2.7689377487056875E14    2.835373765344431E14
0.05155                   0.0025918367346938766    1.4216003439796372E14    1.767338705168366E14     1.979581541146649E14     2.1887727918292666E14    2.3677872619064172E14    2.5123063771335125E14    2.623001269958405E14     2.7259699602799578E14    2.82400612225183E14      2.922602204234635E14     3.014684976823913E14     3.1025160216711575E14    3.180017177905271E14     3.2540405882629806E14    3.314146640675098E14
0.05079999999999999       0.0034557823129251737    2.144460677189782E14     2.4748973064924603E14    2.6575879352239538E14    2.864205681790313E14     3.071758726997219E14     3.2375147615932194E14    3.3789354933963525E14    3.495520194736536E14     3.5975091443063006E14    3.682922016133118E14     3.772849229693209E14     3.86369049128328E14      3.967936887322449E14     4.069216891200351E14     4.150726370740809E14
0.049953333333333315      0.00440612244897959      3.347575752165549E14     3.682754065555191E14     3.685367136911969E14     3.732814958509753E14     3.86152692306652E14      4.034920955292156E14     4.223782265429857E14     4.338977703089807E14     4.40057136136017E14      4.448407607714647E14     4.4801467993363944E14    4.504953033291735E14     4.5364241199196875E14    4.5779491897451356E14    4.613900377720552E14
0.04892842105263157       0.005442857142857142     5.788295545162652E14     6.839001860298976E14     6.730955431789972E14     6.668539719046846E14     6.508827350985776E14     6.396077618865838E14     6.48566659995987E14      6.683877915729806E14     6.907098776922995E14     7.136409400394335E14     7.342172515644405E14     7.442104857497385E14     7.478365351836218E14     7.521608369042191E14     7.55811150477754E14
0.047725263157894736      0.006565986394557823     9.45742851662835E14      1.3331736895023158E15    1.4908629790160118E15    1.5869374156533515E15    1.5998301695218142E15    1.549864930577278E15     1.4840569375973808E15    1.419376077132051E15     1.3631435568618292E15    1.3281268278645952E15    1.313955343347032E15     1.3087455083819648E15    1.3116150181865852E15    1.316225511510779E15     1.3215043699837282E15
0.04634385964912279       0.007775510204081629     1.3036806443506335E15    2.0545062091687468E15    2.5718386082233595E15    2.979399878333326E15     3.317517057797343E15     3.5957949777857265E15    3.8346599786619105E15    4.034318544782917E15     4.2113543530024E15       4.347107783068388E15     4.455417323123037E15     4.546322001557483E15     4.618416125060402E15     4.674163026555703E15     4.706604173287049E15
0.04478421052631578       0.00907142857142857      1.619999406896029E15     2.683879082515481E15     3.4956778085244605E15    4.1705834554514415E15    4.755916370109041E15     5.282066458652024E15     5.769939497703145E15     6.211746335281806E15     6.617320997486703E15     6.979912423516663E15     7.317302663841575E15     7.633287540010365E15     7.917992483582976E15     8.18838576039248E15      8.410875533905798E15
0.043046315789473676      0.010453741496598635     1.8760126972661748E15    3.1970355276352005E15    4.245639127100412E15     5.142869928761155E15     5.940016864852402E15     6.670019430732292E15     7.352112248895385E15     7.976982696673312E15     8.561362682965509E15     9.099114169011228E15     9.607729534515548E15     1.0088341318504738E16    1.0535201022659466E16    1.0962644314324236E16    1.1317112105561546E16
0.04113017543859647       0.011922448979591835     2.0600147965427252E15    3.5809712056539775E15    4.817564470324555E15     5.892865511998588E15     6.86095457703196E15      7.753224248245795E15     8.588273390094904E15     9.361304760691546E15     1.0088730266883734E16    1.076447313249451E16     1.1406089851438904E16    1.2015186538522558E16    1.2590383047111318E16    1.3143118523672126E16    1.3607872059435454E16
0.0390357894736842        0.013477551020408159     2.159437898174995E15     3.8154500975188955E15    5.183768030428923E15     6.386494298548227E15     7.479715897680515E15     8.491298853266885E15     9.438989798737502E15     1.0323036732316008E16    1.1158739404735086E16    1.1939596670566322E16    1.2682513976602758E16    1.3389249869968214E16    1.4062276085477762E16    1.4711341051283306E16    1.5261457653139178E16
0.03676315789473684       0.014946258503401358     2.1700724964552932E15    3.8899273284447605E15    5.328522926969102E15     6.603793727833272E15     7.771356185762359E15     8.854498034231131E15     9.870295782963346E15     1.08234752744815E16      1.1727821787294572E16    1.2576689895759818E16    1.3385615667720252E16    1.4155788614925616E16    1.489257287514729E16     1.5605059986935182E16    1.6212041448334378E16
0.03431228070175438       0.016328571428571425     2.0977591842066215E15    3.817960786910352E15     5.272601047841354E15     6.572046956189361E15     7.769472210632634E15     8.882494447989911E15     9.92726698388379E15      1.0912616480772966E16    1.185013217752449E16     1.2733793156307614E16    1.3577229907904476E16    1.4380597154665568E16    1.5151291232444662E16    1.5898153820785912E16    1.6536921791645354E16
0.03168315789473683       0.017624489795918363     1.9484068263664732E15    3.608301003023199E15     5.026771644323743E15     6.303513707984501E15     7.487295041342279E15     8.589358527951282E15     9.624773226182702E15     1.060632602141159E16     1.1542529605835164E16    1.24283692217569E16      1.3275334312907988E16    1.4082348666945052E16    1.4858052174049618E16    1.5611058828208316E16    1.6257145389001378E16
0.02887578947368419       0.018834013605442176     1.731334170803529E15     3.274795557283125E15     4.60801031328664E15      5.817248746624888E15     6.94549929955667E15      7.997605129656253E15     8.986860212789205E15     9.929708995458434E15     1.0831023810977772E16    1.1686828291102042E16    1.250651172266479E16     1.328788650576989E16     1.4040046946438758E16    1.47713600621878E16      1.5400590685128322E16
0.025890175438596476      0.01995714285714285      1.459267829024962E15     2.8382669852407405E15    4.0431887200532265E15    5.144946260875707E15     6.180475125194781E15     7.147436787484675E15     8.057065571188379E15     8.928951264276101E15     9.764339941156758E15     1.0559987561564798E16    1.1323382281610352E16    1.2051562990971782E16    1.2753351714350092E16    1.343680238681491E16     1.4026339766704698E16
0.022726315789473674      0.020993877551020404     1.141692620830555E15     2.316591918557374E15     3.3613784235018225E15    4.3238815139154035E15    5.235136491704418E15     6.087745964095991E15     6.889242603534516E15     7.662194805907873E15     8.404707983887393E15     9.113874222092048E15     9.79543370326733E15      1.04461482685131E16      1.1073958722659796E16    1.1686475262933558E16    1.2216092394536508E16
0.01938421052631579       0.021944217687074826     7.997572613852316E14     1.7420375379955732E15    2.59243849349233E15      3.3821715017434765E15    4.136185776096934E15     4.848300888760505E15     5.516734979325473E15     6.165778348456882E15     6.791297254207635E15     7.390514590179876E15     7.967256787999545E15     8.518650966362106E15     9.051284911572604E15     9.57206882676699E15      1.0023492399451386E16
0.015863859649122805      0.022808163265306117     4.574434101219988E14     1.1170248864467742E15    1.7509443646578252E15    2.3477245800417085E15    2.9255405034146325E15    3.481756451832898E15     4.004394772902288E15     4.514982484562804E15     5.009328325203211E15     5.484836805898274E15     5.942994311899029E15     6.381805538842381E15     6.806357028638554E15     7.222567043374443E15     7.584405345108108E15
0.012165263157894738      0.023585714285714283     1.9885145534643416E14    5.125447384743303E14     8.523140957891734E14     1.2039183426722928E15    1.558524482836464E15     1.9091715886275915E15    2.2504700467371632E15    2.5919857106522665E15    2.9263053482332825E15    3.2512484142379555E15    3.565872973737912E15     3.8679440644407355E15    4.1616171223364315E15    4.4511606801732365E15    4.704433172604504E15
0.008288421052631579      0.02427687074829931      7.37407033404206E13      1.7184472398725778E14    2.743230593073124E14     3.799174735420755E14     4.8681589380301744E14    5.933749632959109E14     6.978858786018761E14     8.045609486809979E14     9.103525941366168E14     1.0142082186977759E15    1.1161510779047365E15    1.2150582765511558E15    1.3119599615030665E15    1.4082046978127168E15    1.4931657871664925E15
0.05229999999999999       0.0011231292517006814    3.6413150118323164E13    5.386956824450695E13     6.782082563452575E13     7.970714376582088E13     8.935428822328638E13     9.746663764452923E13     1.0513414401426545E14    1.1269552447735928E14    1.196643320865752E14     1.260897741106576E14     1.3206014670418962E14    1.3723879269717358E14    1.4201348805812406E14    1.4651196996663553E14    1.5035662300046906E14
0.05155                   0.0018142857142857132    7.190224571084155E13     9.9647485326868E13       1.2033837691574883E14    1.3647931357199825E14    1.4911559718021694E14    1.6052504357631488E14    1.707974829238318E14     1.7965303187092253E14    1.8812650999376988E14    1.9579884524638912E14    2.026535279564911E14     2.089840682206253E14     2.1460119219091812E14    2.200350520041002E14     2.2466913891145838E14
0.050799999999999984      0.0025918367346938775    1.1727456469061305E14    1.458915763462971E14     1.6767331207132675E14    1.8415221799841778E14    1.9571560487469012E14    2.0552228575811788E14    2.1500893993401244E14    2.2469291516225338E14    2.3331451476107916E14    2.405450127055074E14     2.4627655690182553E14    2.5194296516404228E14    2.5708521905330922E14    2.6191326856924706E14    2.6599226099721012E14
0.049953333333333315      0.003455782312925173     1.801222013894629E14     2.110907128465091E14     2.3122781429016678E14    2.5714000966222716E14    2.7557601471489222E14    2.9066343909226906E14    3.0170067055573706E14    3.132847366456628E14     3.263637325017602E14     3.3856408699766044E14    3.505049148353741E14     3.622107566136446E14     3.7132344268119344E14    3.78555078946478E14      3.841597899144827E14
0.04892842105263157       0.00440612244897959      2.8675879923774675E14    3.0924391454266844E14    3.1835772000024544E14    3.34756564298957E14      3.600648306511634E14     3.796932861472948E14     3.889462474280557E14     3.9548836820757256E14    4.0298720085606756E14    4.100335909687354E14     4.1917267844752856E14    4.303194769710666E14     4.4326724379166475E14    4.547938965508074E14     4.636755899222059E14
0.04772526315789472       0.005442857142857143     5.066827311402264E14     5.673825051796791E14     5.541052242755019E14     5.462344340900499E14     5.411032522816784E14     5.5218945200767406E14    5.737802572968482E14     6.020677979242296E14     6.346035821981452E14     6.452698619557345E14     6.466579281384456E14     6.453363134610666E14     6.439011863728646E14     6.461688409863984E14     6.476485310046061E14
0.0463438596491228        0.006565986394557823     9.089889235695255E14     1.2281559899731122E15    1.3355882827420622E15    1.377618739598319E15     1.3120098081897305E15    1.2509825003477488E15    1.2035511645829302E15    1.1658205950227518E15    1.1468955175375142E15    1.1388484585402938E15    1.14515034649365E15      1.1599656805364762E15    1.179750123397643E15     1.2020413164793075E15    1.2146558181830385E15
0.04478421052631577       0.007775510204081631     1.3118940492410745E15    2.0613119272347628E15    2.573284901154013E15     2.97976250867269E15      3.299483801770201E15     3.5503779452354495E15    3.767184082276322E15     3.9555225878496265E15    4.1113270493829345E15    4.2236284759029845E15    4.313686258898742E15     4.3809137920589615E15    4.4190111742293575E15    4.417657620703929E15     4.3852933447827745E15
0.04304631578947366       0.009071428571428567     1.6564997568168475E15    2.7600264287833065E15    3.600820317090359E15     4.310707904442352E15     4.928880884782926E15     5.481932310453693E15     6.000384107815146E15     6.464840382445939E15     6.891717642406602E15     7.275567886449616E15     7.637690029016732E15     7.973271086891057E15     8.275472444942851E15     8.564416243941841E15     8.791949045113928E15
0.04113017543859647       0.010453741496598638     1.925205262655915E15     3.307467320967056E15     4.405879489363285E15     5.361222503573947E15     6.215709987398808E15     6.993753215850725E15     7.724285404359182E15     8.396130051010074E15     9.024220683694236E15     9.60424614281401E15      1.015644859842698E16     1.0678211557365156E16    1.1163358883136898E16    1.1627258208458556E16    1.201269945052052E16
0.03903578947368419       0.011922448979591837     2.11007429440479E15      3.700755455012293E15     4.995727710048264E15     6.140248776950149E15     7.177992662018605E15     8.127812721624825E15     9.019735849448298E15     9.850418031295844E15     1.0632626904825636E16    1.1361473541609122E16    1.2056869759411246E16    1.2717025133467944E16    1.3342353262798348E16    1.3943584392704614E16    1.4450678354969174E16
0.03676315789473684       0.01347755102040816      2.2008767115957655E15    3.9245296336627605E15    5.350880187312393E15     6.624695775596877E15     7.790156313263087E15     8.860722443403372E15     9.866755945239122E15     1.0810808640520402E16    1.170436055155304E16     1.2542347633927224E16    1.3343096508555852E16    1.4104448004431946E16    1.4831043409964612E16    1.5532498757821952E16    1.6128783345083746E16
0.03431228070175438       0.014946258503401354     2.196251824439767E15     3.974270437136639E15     5.463491397811068E15     6.804438945636686E15     8.039960487254129E15     9.177801120486302E15     1.0248094718863616E16    1.1257921556418328E16    1.221695259065282E16     1.3120889666212312E16    1.39860463121315E16      1.4809088251042908E16    1.5597396867032336E16    1.6360521508665694E16    1.7012427133751234E16
0.03168315789473683       0.016328571428571425     2.10468073656121E15      3.868297013699973E15     5.361919468670484E15     6.716916537392667E15     7.97285207740603E15      9.131872974223862E15     1.0222991360217448E16    1.125769727310928E16     1.224285050147718E16     1.3175472675050536E16    1.4069617031915218E16    1.4920591147410542E16    1.5737431175185886E16    1.6529556614288644E16    1.7208582378402356E16
0.02887578947368419       0.017624489795918363     1.9354902457648445E15    3.6212171382305555E15    5.064258161595617E15     6.382947296516712E15     7.612296045803489E15     8.74897865386486E15      9.819845360534128E15     1.0840560595580244E16    1.1814436841097662E16    1.2739766632784372E16    1.3628432332319756E16    1.4474593869840352E16    1.5288047886246274E16    1.6078109600515464E16    1.6757319601528714E16
0.025890175438596476      0.01883401360544217      1.7016509535172665E15    3.253524794276489E15     4.596781938072475E15     5.833250314398556E15     6.99274974295894E15      8.067326981941895E15     9.080091381614138E15     1.0050548068627974E16    1.097834753019029E16     1.1862594444664516E16    1.2713157813755674E16    1.3523554659979334E16    1.4303531388119374E16    1.5062243192517906E16    1.5716120777540088E16
0.022726315789473685      0.019957142857142854     1.4189031772065855E15    2.791803441731229E15     3.994593602618708E15     5.110039544966299E15     6.163249909886622E15     7.141824858662339E15     8.063796370158077E15     8.95212191460714E15      9.803242605698608E15     1.0616465452727124E16    1.1399807729386296E16    1.2146785690094476E16    1.2866418506199446E16    1.356760150177636E16     1.4173241079884164E16
0.019384210526315785      0.020993877551020404     1.0985337169125171E15    2.2574784446414985E15    3.2920676400329145E15    4.2578717546296525E15    5.175823807472342E15     6.031782965101406E15     6.836861662568776E15     7.617017057547938E15     8.366368730976553E15     9.083987047406154E15     9.776035140995736E15     1.0436706213682938E16    1.1073788564777068E16    1.169570559351713E16     1.2234022323157352E16
0.015863859649122805      0.021944217687074826     7.614793918699111E14     1.6842608444152312E15    2.5209064634555975E15    3.307864188453345E15     4.0612390254596695E15    4.770815359432248E15     5.437857609944361E15     6.087738287570982E15     6.713932893660155E15     7.315151338774383E15     7.89552688674901E15      8.450420993643965E15     8.986110530416785E15     9.510194803144756E15     9.964863901259662E15
0.012165263157894735      0.02280816326530612      4.328259784358786E14     1.0726338263332134E15    1.691530483453008E15     2.2839261166115625E15    2.857241729487772E15     3.4076978069320995E15    3.9274782266436195E15    4.435718625751311E15     4.927655661988723E15     5.401602382668476E15     5.859938802905372E15     6.298651438501994E15     6.722839481072049E15     7.138927021194779E15     7.500911574631282E15
0.008288421052631579      0.023585714285714283     1.9034252183983378E14    4.928329979823842E14     8.220953089865058E14     1.1670473223037412E15    1.5161770076621972E15    1.8612633629324765E15    2.1973317031296995E15    2.5353634763626895E15    2.86628438139575E15      3.188131696358439E15     3.5017077885805135E15    3.8019341945305905E15    4.093715055445157E15     4.381591485043416E15     4.633598346321018E15
0.05155                   0.0011231292517006814    2.958871881773977E13     4.585968958865956E13     5.845213204801569E13     6.902718119261045E13     7.84465214092209E13      8.687427399235558E13     9.465917142477761E13     1.0180371167866662E14    1.0889190847335552E14    1.1558580211567436E14    1.2141981152234594E14    1.267920027050346E14     1.3176214434373478E14    1.3631374167854733E14    1.4017682964888447E14
0.05079999999999999       0.0018142857142857134    6.459621567809267E13     9.359410030548762E13     1.1350135038310381E14    1.2990953429885225E14    1.4390987369619212E14    1.5634961361744856E14    1.6755884182989538E14    1.775157717285245E14     1.8678253025698925E14    1.9522554410268222E14    2.0276598694386234E14    2.0986890824433275E14    2.165967069569449E14     2.2249298852474462E14    2.2720358153815838E14
0.04995333333333331       0.0025918367346938766    1.0348814260123673E14    1.315041986815522E14     1.5168811417067125E14    1.6482242738703712E14    1.7638570951961288E14    1.8751565839959612E14    1.9782248871364697E14    2.059306159330833E14     2.1248156493630812E14    2.1872989719594562E14    2.2477627745897116E14    2.3041027588687956E14    2.3603929103753288E14    2.4095857795480297E14    2.4473827506489156E14
0.04892842105263156       0.003455782312925173     1.5447208311135394E14    1.8026333193935212E14    2.043707664881861E14     2.2514372198664494E14    2.372984077582735E14     2.470738359210357E14     2.593855169441981E14     2.725987392493925E14     2.8421067243465525E14    2.9387440203621356E14    3.003032296569604E14     3.0499028512366056E14    3.096735744987891E14     3.1556495952520806E14    3.213709413939898E14
0.04772526315789472       0.00440612244897959      2.509216780549408E14     2.720281076626424E14     2.859423651201021E14     3.08070595121091E14      3.301440326871715E14     3.4598639995965544E14    3.5792982115883675E14    3.675128463988648E14     3.750927204985873E14     3.8559376140211775E14    3.992080479940569E14     4.124623792496844E14     4.2531853712396125E14    4.3597974982922194E14    4.4484445101984556E14
0.0463438596491228        0.005442857142857142     4.5926674138266256E14    4.9474401912694E14       4.8827570414923844E14    4.840630659058506E14     5.000555297231777E14     5.174909912581346E14     5.4326949080847506E14    5.719662537413878E14     5.856514821628352E14     5.908022051056996E14     5.937182083192688E14     5.951023840770031E14     5.964633845913001E14     5.98528996214813E14      6.032793276343444E14
0.04478421052631578       0.006565986394557823     8.874921829282225E14     1.161214833368726E15     1.2495866484377448E15    1.2322802918799575E15    1.1598045628103335E15    1.1142349462276988E15    1.0876319454202915E15    1.0674611713611051E15    1.0678853775472255E15    1.0744603754442766E15    1.0878337102163561E15    1.111009459571304E15     1.139074535657919E15     1.17603584322554E15      1.200085500816262E15
0.04304631578947367       0.007775510204081631     1.3294716648588025E15    2.0877475692411802E15    2.6166185599844555E15    3.021409461441564E15     3.328737285323254E15     3.579295208101693E15     3.809342282785204E15     3.9985055874167965E15    4.1529472576430735E15    4.25850967656089E15      4.34360135562242E15      4.407832734913518E15     4.3953353856476235E15    4.3599395214939685E15    4.3191750627975285E15
0.04113017543859649       0.009071428571428569     1.6942647536559122E15    2.83749176526543E15      3.7215929087086845E15    4.463498589227553E15     5.113729376299445E15     5.706192978868375E15     6.263906993076898E15     6.761675376429601E15     7.222348401073612E15     7.637391669425924E15     8.029304134434072E15     8.392450511764339E15     8.720535055151811E15     9.034345204059258E15     9.282952361068726E15
0.03903578947368419       0.010453741496598641     1.9676563072104758E15    3.4016927669552975E15    4.557586518109886E15     5.558617800326424E15     6.460488871184123E15     7.291869205448843E15     8.072776731370438E15     8.794233582121751E15     9.47179623904738E15      1.0096965333060042E16    1.0690839239719092E16    1.1252933830510178E16    1.178150173957522E16     1.2287264701695716E16    1.2709803013218878E16
0.03676315789473683       0.011922448979591833     2.1460097038000588E15    3.7884106385282695E15    5.14344923918558E15      6.336106064803557E15     7.424895207313021E15     8.432315902734484E15     9.378410150527422E15     1.0262411911659614E16    1.1099654513893866E16    1.1879974589474438E16    1.2622215668833866E16    1.3326991752390476E16    1.3998548515796662E16    1.4646608627405204E16    1.5196056675706002E16
0.03431228070175438       0.01347755102040816      2.2223065686109935E15    3.9887661800384395E15    5.469280896609746E15     6.786275177223541E15     7.99842282792278E15      9.123331446916324E15     1.0180811215363146E16    1.1175459800300192E16    1.2121696589000826E16    1.3010193254961916E16    1.385696838493939E16     1.4661759382495066E16    1.5432582024026988E16    1.6179201379788012E16    1.6816525078850306E16
0.03168315789473683       0.014946258503401358     2.1984108981195238E15    4.005118642424085E15     5.537183642986527E15     6.911549106120255E15     8.184370480426539E15     9.368166780378512E15     1.0482029321870482E16    1.153532315138871E16     1.254007411056423E16     1.348867152242296E16     1.439461286398194E16     1.5256100651877136E16    1.6083288513521816E16    1.6885999892943566E16    1.757401832064154E16
0.02887578947368419       0.016328571428571425     2.0862376173094405E15    3.8615557730600225E15    5.3835046373965E15       6.759344520141419E15     8.040530642277508E15     9.234445546873434E15     1.035860631690819E16     1.14271298565904E16      1.2448298841726578E16    1.3416336787095716E16    1.4342633047181052E16    1.522396540772106E16     1.6071515225052596E16    1.68951937577202E16      1.760332089745529E16
0.025890175438596487      0.017624489795918363     1.8988638746535782E15    3.579286358327371E15     5.03524052106404E15      6.361357832111955E15     7.602745189749886E15     8.761894397368788E15     9.853782530038542E15     1.0897026660971042E16    1.1895757036350426E16    1.2845562978895156E16    1.375596921833782E16     1.4622762661246352E16    1.5457262921793154E16    1.6269401949517704E16    1.6969328394781092E16
0.022726315789473674      0.01883401360544217      1.6526616357140022E15    3.185119254736659E15     4.527682858908415E15     5.759680727510914E15     6.919048638577371E15     8.004518729131681E15     9.026842100430934E15     1.0008796369771848E16    1.095053785491348E16     1.1848363954724522E16    1.2710164771024914E16    1.353136970873387E16     1.4322660929554782E16    1.5093929590123538E16    1.5760019608263522E16
0.019384210526315785      0.01995714285714285      1.3654905743544918E15    2.710054838822041E15     3.9023615883374335E15    5.004770605448238E15     6.048539796105854E15     7.028952594439373E15     7.95132823679506E15      8.842014070571909E15     9.697894407132866E15     1.051545986322153E16     1.1301106802538848E16    1.205052874383887E16     1.2773189786365688E16    1.3478750649783902E16    1.40892453493445E16
0.0158638596491228        0.020993877551020404     1.0491712231332555E15    2.1766599836142918E15    3.1957142006087615E15    4.1444610194818E15       5.047670484077358E15     5.899884100305501E15     6.699836585595098E15     7.476206925168973E15     8.223883900198039E15     8.939374163188316E15     9.62761858233874E15      1.0284968100897382E16    1.0919330325458816E16    1.1539809905740116E16    1.2077683237199956E16
0.012165263157894738      0.021944217687074823     7.229850781487701E14     1.617634038604052E15     2.438054274869784E15     3.208924234587695E15     3.9466884368497885E15    4.649790377748272E15     5.309913271086585E15     5.953208612176759E15     6.574432770753046E15     7.170180808399477E15     7.744121804611973E15     8.292997901049695E15     8.8231967569692E15       9.342844143894158E15     9.794239988762176E15
0.008288421052631579      0.02280816326530612      4.1136104410262856E14    1.0296252346592728E15    1.6343625219337565E15    2.2150386652909675E15    2.7756027769070785E15    3.318392495542758E15     3.8328214689837185E15    4.3344466893378285E15    4.820848871697221E15     5.288769795949907E15     5.740968943868617E15     6.173655908879042E15     6.59217526086931E15      7.003331115283955E15     7.36141643211597E15
0.05079999999999999       0.0011231292517006814    2.8693695561573867E13    4.389415501031068E13     5.4657272660977375E13    6.3826030925290586E13    7.10609413271331E13      7.722497741281864E13     8.273013755257984E13     8.774828350378273E13     9.208335276140972E13     9.591882660707186E13     9.94018623644193E13      1.0271351924388353E14    1.0564478751625523E14    1.0826401364618142E14    1.1039263078562903E14
0.04995333333333331       0.0018142857142857132    6.142190620080661E13     8.851189707721638E13     1.0561099056546058E14    1.206327921228448E14     1.3279533798485031E14    1.4317565202961266E14    1.5214408211858044E14    1.6051803775954672E14    1.682271811891138E14     1.7442110171924462E14    1.7980074509631306E14    1.8488559404094256E14    1.894350821542487E14     1.938224061826067E14     1.9791146439928428E14
0.04892842105263157       0.002591836734693876     9.469876833862016E13     1.2435933376093289E14    1.424492020846348E14     1.5633411151479047E14    1.6999484408357022E14    1.822303491260566E14     1.9117882508380825E14    1.9852445158454906E14    2.0628192832757038E14    2.139424346137338E14     2.2097234060036094E14    2.2797961962025672E14    2.351022678130131E14     2.4033424300327097E14    2.4391455461853938E14
0.04772526315789472       0.003455782312925173     1.4040509838336294E14    1.64538612175325E14      1.911322342098861E14     2.0681983970555238E14    2.1995563324774122E14    2.303770817443477E14     2.4172906753109244E14    2.5391072159251225E14    2.6635471523154472E14    2.7531204288402047E14    2.819285131428139E14     2.8839031521202475E14    2.9463324904215006E14    3.018555005411085E14     3.0789824127554975E14
0.0463438596491228        0.00440612244897959      2.286185786063892E14     2.5293939598201966E14    2.6670453690223938E14    2.92610067265005E14      3.10974331525704E14      3.272612153096268E14     3.4107975099445594E14    3.526226340509795E14     3.6203318773033256E14    3.716253290962969E14     3.827008754407646E14     3.946360911494463E14     4.066080015799047E14     4.184959002870996E14     4.2513654491223056E14
0.04478421052631577       0.005442857142857143     4.343120015338317E14     4.6133365801111925E14    4.60246592821737E14      4.6462784322301544E14    4.8352291620877625E14    5.0634262687516575E14    5.350563273394593E14     5.5324464264388775E14    5.632836265068821E14     5.702872188061436E14     5.772428717683146E14     5.81180530762038E14      5.84488791999679E14      5.891928274667238E14     6.007145368871006E14
0.043046315789473676      0.006565986394557823     8.87687026963616E14      1.1503254342738248E15    1.2317694090320425E15    1.187948756107403E15     1.1244857704936242E15    1.0863079651055542E15    1.0648751697693306E15    1.0586315063230759E15    1.0658255261123692E15    1.0807890381967008E15    1.10022427391193E15      1.128207182583321E15     1.1707962421573228E15    1.2130397651837578E15    1.2417155019545412E15
0.04113017543859647       0.007775510204081631     1.3599385095699288E15    2.152474418075004E15     2.7100662243649625E15    3.1394444051355975E15    3.4717187241924375E15    3.744173928911918E15     4.0026986925398985E15    4.2098800500403255E15    4.3850803347858995E15    4.507109703686639E15     4.610612514242206E15     4.693558045790266E15     4.692473591040183E15     4.670169290573708E15     4.638164506927532E15
0.03903578947368421       0.009071428571428567     1.7363283481721995E15    2.9370698448011975E15    3.869817226453979E15     4.667182406298201E15     5.373498767338981E15     6.013575341433864E15     6.617262651492611E15     7.165928137431855E15     7.671858194987087E15     8.129615586763639E15     8.564518530592365E15     8.972155935325492E15     9.342735402788968E15     9.694348593706778E15     9.985312912529892E15
0.03676315789473682       0.010453741496598635     2.0070672712976332E15    3.5051166707402465E15    4.716076659956956E15     5.78288151899301E15      6.752755242218087E15     7.639307903839073E15     8.474275128585761E15     9.25235940202194E15      9.98605661083113E15      1.0664803162468962E16    1.131162035731551E16     1.1924075171112462E16    1.2504754415033356E16    1.306314016782469E16     1.3533534720547386E16
0.03431228070175437       0.011922448979591833     2.1727912989428182E15    3.874134104276892E15     5.2806415253673E15       6.538678452145914E15     7.695743162307455E15     8.758133617929801E15     9.759052500357638E15     1.0699373310565766E16    1.1592563837987364E16    1.2429196166238362E16    1.3228027559582284E16    1.398552820118476E16     1.470959020811396E16     1.5409854032669606E16    1.6006030480792286E16
0.03168315789473683       0.01347755102040816      2.230179407522515E15     4.042752008013986E15     5.564307415436631E15     6.939295854404672E15     8.212638773270099E15     9.385652275214964E15     1.0491668726926124E16    1.1537277619759582E16    1.2533359810808576E16    1.3473664792516836E16    1.4373903772757146E16    1.5228491939734862E16    1.6047858288778084E16    1.684220754408154E16     1.7522223720103166E16
0.02887578947368419       0.014946258503401358     2.1847932818921622E15    4.0205615728743415E15    5.579587491405416E15     6.999793415742783E15     8.32231961204123E15      9.543836667773856E15     1.0696285576480812E16    1.179166589909708E16     1.2836965218132614E16    1.3828523870237116E16    1.477992660115509E16     1.5683819602572088E16    1.6551933857463226E16    1.7394760918685436E16    1.8118747558872252E16
0.025890175438596487      0.016328571428571425     2.052436959524102E15     3.838414663974995E15     5.372013752109441E15     6.779403525641413E15     8.09642211083135E15      9.315903203568322E15     1.046676673829463E16     1.1566349022292616E16    1.2617237675722486E16    1.3617499049618342E16    1.4578924638238638E16    1.5493106993201216E16    1.6372134298701004E16    1.7226698304949346E16    1.796264326854962E16
0.022726315789473674      0.017624489795918363     1.8499678649218095E15    3.5244394051098835E15    4.978043249450044E15     6.32159033620241E15      7.584677794509688E15     8.757499069546738E15     9.86413960981301E15      1.0926936540096306E16    1.1944271041885996E16    1.2914920356765872E16    1.3849092169660288E16    1.4738183758140948E16    1.5593815434920878E16    1.642688216190685E16     1.7145773926643694E16
0.01938421052631579       0.01883401360544217      1.5964812426252635E15    3.1108568172559415E15    4.4406477323845975E15    5.678376016108887E15     6.847249641974493E15     7.936686204428836E15     8.963698960070604E15     9.95508708642995E15      1.0905651660714144E16    1.1814112938657516E16    1.2689257530703282E16    1.3523078222389088E16    1.4326076103791156E16    1.5109174978529796E16    1.57861471696862E16
0.0158638596491228        0.019957142857142854     1.3107542141226718E15    2.6311262471199765E15    3.805070804457996E15     4.905446821623253E15     5.950055614671786E15     6.928013587656064E15     7.848344951226121E15     8.741044337313117E15     9.598465973070662E15     1.0418938852435728E16    1.1209939542384196E16    1.1964539477657334E16    1.269170806586647E16     1.3402049391992104E16    1.4017139404671152E16
0.012165263157894738      0.020993877551020404     1.0037520070422082E15    2.1068963719105478E15    3.1067985819058895E15    4.050497240633836E15     4.950014842792681E15     5.796695947019725E15     6.591662318292907E15     7.365876631444681E15     8.110891131991583E15     8.824670796901348E15     9.513524899197964E15     1.0171532322698948E16    1.0806049295785618E16    1.1426945046113468E16    1.1965490363772104E16
0.008288421052631579      0.021944217687074826     6.918878094451449E14     1.567561212073585E15     2.372328082128681E15     3.138734886959411E15     3.872161560117624E15     4.569030953227094E15     5.224515240500159E15     5.864484167550551E15     6.481816748269482E15     7.074271328540483E15     7.647144921555047E15     8.194957791237638E15     8.723674435553866E15     9.241994061060424E15     9.692439188868926E15
0.049953333333333315      0.001123129251700681     3.357171280616402E13     5.150238174281347E13     6.436091437118996E13     7.455217352288983E13     8.291273316549234E13     8.957150070504267E13     9.540725318630034E13     1.0080745229750386E14    1.0571765970390077E14    1.1015807153836739E14    1.1417356432486122E14    1.1783851688087416E14    1.2142335275026414E14    1.2425902066356384E14    1.2618271117875333E14
0.04892842105263157       0.0018142857142857132    5.94466815393151E13      8.412111306472469E13     9.833751678319936E13     1.1209426334948369E14    1.21442821839077E14      1.2962118638808219E14    1.3744171382878903E14    1.4464974886054694E14    1.5032070485140716E14    1.5435862388080872E14    1.580553532350397E14     1.617528694741834E14     1.654849371032997E14     1.689743267063469E14     1.717955804014683E14
0.047725263157894715      0.0025918367346938766    8.747346077153395E13     1.1483770553291369E14    1.3234846545049553E14    1.4512388110375E14       1.558805537469496E14     1.6847972089779138E14    1.7785393817434888E14    1.8544675727027384E14    1.9181512985006756E14    1.9834232197907478E14    2.048489814806278E14     2.11093296810448E14      2.172410193088528E14     2.2172618220737572E14    2.2512173709549216E14
0.0463438596491228        0.003455782312925173     1.3099476802297598E14    1.5599380155335028E14    1.8038039535900984E14    1.9450852352119703E14    2.0960044081137703E14    2.2040493988429756E14    2.3169903926495494E14    2.4242790822141906E14    2.5537107246195303E14    2.648082997513363E14     2.7222478196223394E14    2.783455818834696E14     2.840357844197663E14     2.896263610290391E14     2.9490221161700206E14
0.04478421052631578       0.00440612244897959      2.173179279670043E14     2.419591855425229E14     2.56944980782936E14      2.867146031089006E14     3.032218675852765E14     3.194611981426936E14     3.347143379204715E14     3.450269163403305E14     3.5531825726250506E14    3.654547911563459E14     3.7555744494041575E14    3.873604193329391E14     3.9975910102326694E14    4.1312512112310525E14    4.190206314304944E14
0.043046315789473676      0.005442857142857142     4.25372166274075E14      4.4939072440015175E14    4.534085993377938E14     4.5989929944672956E14    4.813309020459937E14     5.0855619988490125E14    5.3866611185356406E14    5.5133059827669625E14    5.642292440045788E14     5.717709741823976E14     5.79464313814423E14      5.861917186794945E14     5.943321409139666E14     6.03157490174084E14      6.146953999291904E14
0.041130175438596484      0.006565986394557823     9.004049131969646E14     1.1707208244537648E15    1.261920137250666E15     1.2103501279599175E15    1.1477132702419898E15    1.1141517202158502E15    1.097326053226596E15     1.0962100732311775E15    1.1064483503804208E15    1.1262727120539752E15    1.1499501580299635E15    1.1813281233716945E15    1.228824438933608E15     1.2730501987887185E15    1.3052872772342592E15
0.03903578947368419       0.0077755102040816294    1.3908653582046885E15    2.2208825584293802E15    2.8185892360942955E15    3.2831998546907475E15    3.6525985437166465E15    3.9688114882153805E15    4.261242352033987E15     4.5053687024707E15       4.71565909946379E15      4.876596261890849E15     5.016461617025653E15     5.129410565287785E15     5.210532693035115E15     5.239510927561264E15     5.229053846395821E15
0.036763157894736845      0.009071428571428567     1.768054941854175E15     3.0148990586587155E15    4.0005987038391465E15    4.841455901169223E15     5.596316529921156E15     6.287135768178659E15     6.936835219942406E15     7.536331247799134E15     8.096698801252268E15     8.600282342333816E15     9.077361545834978E15     9.52601256685031E15      9.948615795263242E15     1.0349386185110668E16    1.067900022364062E16
0.03431228070175437       0.010453741496598638     2.027899420039611E15     3.5680666189194535E15    4.831307224464414E15     5.940298616356178E15     6.957135963746507E15     7.895337486530509E15     8.779146797602396E15     9.604418270855148E15     1.0390635914774604E16    1.1120048161762178E16    1.1811931061265274E16    1.2465956846959904E16    1.3090934895930956E16    1.3695385174897698E16    1.420808323322307E16
0.03168315789473684       0.011922448979591833     2.1753000374488408E15    3.906275984729506E15     5.356194442545951E15     6.648224836565716E15     7.843660826089386E15     8.952365328674817E15     9.99751016308449E15      1.0980901763283084E16    1.1920195086089872E16    1.2803039523086792E16    1.3644166245153206E16    1.4440804547725248E16    1.5204640115657094E16    1.5945799884609378E16    1.6579702675109814E16
0.02887578947368419       0.01347755102040816      2.2109545717725915E15    4.036178435514422E15     5.587432617669188E15     6.984070194928088E15     8.283806068780175E15     9.49317818307484E15      1.0633643701379702E16    1.1713848104273714E16    1.2746889730749618E16    1.372436289074629E16     1.4658642626782742E16    1.5545060846552332E16    1.6396623987180172E16    1.7223960818519828E16    1.7934599533855834E16
0.025890175438596476      0.014946258503401358     2.1444993462068025E15    3.9747432049438305E15    5.547991316025318E15     6.976014779591781E15     8.311270024761708E15     9.557024110706476E15     1.073208909590023E16     1.1851331566194788E16    1.2922958762627104E16    1.3940848936774478E16    1.4915795819888132E16    1.5841873648220894E16    1.6732661396743332E16    1.759914482886774E16     1.8345444956257064E16
0.022726315789473674      0.016328571428571425     1.9955722121044878E15    3.7596815012349185E15    5.292742671972036E15     6.694877832089036E15     8.011395352688673E15     9.243032502853222E15     1.0404543387959616E16    1.1516800356724132E16    1.2583129488338354E16    1.3598469304479606E16    1.4572311865716216E16    1.5498370643367254E16    1.6389883164610604E16    1.7258330855431342E16    1.800781116892804E16
0.01938421052631578       0.01762448979591836      1.7842834762039945E15    3.4250972497256685E15    4.866579404258126E15     6.194611928762881E15     7.446316770482743E15     8.62110965788258E15      9.728111339855268E15     1.0793672301985266E16    1.1816655248145768E16    1.279219977391727E16     1.3728740020676276E16    1.4620379219857068E16    1.5479300011392416E16    1.6317336172568004E16    1.7041777339072464E16
0.0158638596491228        0.018834013605442172     1.5312054483395522E15    3.0065538617379685E15    4.317392714609646E15     5.533786807514982E15     6.684302635984184E15     7.768750616218804E15     8.789125408577772E15     9.776113715165164E15     1.0724928749066874E16    1.1630599832715922E16    1.2500714626169374E16    1.3330209986119378E16    1.4129697018604762E16    1.491096949878743E16     1.5587351570220066E16
0.012165263157894736      0.01995714285714285      1.2545364274402738E15    2.537442975136522E15     3.690744691051072E15     4.768881107158487E15     5.792788821337189E15     6.762402143309733E15     7.67305823395978E15      8.557602952573991E15     9.409001017170776E15     1.0222300105740714E16    1.1004382722944494E16    1.1750973070085622E16    1.2470900483130508E16    1.317547536362313E16     1.3786341959640488E16
0.008288421052631577      0.020993877551020404     9.62979884920375E14      2.035689129201945E15     3.017878269860874E15     3.9426459897647145E15    4.823425970865725E15     5.661937932573869E15     6.447751645234305E15     7.213319822705957E15     7.951225272976723E15     8.656809265317059E15     9.336300515761436E15     9.98574355177213E15      1.0612306129788902E16    1.122638788692885E16     1.1759608904147894E16
0.04892842105263157       0.0011231292517006816    3.79228257521127E13      5.718697685366319E13     7.078884622299758E13     8.141240713764028E13     9.010640982454003E13     9.693304158425103E13     1.0259252160101522E14    1.0787433446562564E14    1.1261791098991411E14    1.1653956474742181E14    1.2026624000163198E14    1.2394814412788878E14    1.2755015934452906E14    1.3072094932074912E14    1.332799365653729E14
0.04772526315789472       0.0018142857142857134    5.701350940168074E13     7.98686501346125E13      9.335658705438519E13     1.0532321967860042E14    1.1480401671185736E14    1.2298011715097542E14    1.2945882307691153E14    1.3551685076086023E14    1.4133505353563053E14    1.461255089699443E14     1.5039094906974566E14    1.545502344192866E14     1.5856388338515897E14    1.6194525335861375E14    1.6450538063915978E14
0.046343859649122784      0.0025918367346938775    8.284582971120508E13     1.0974885066851598E14    1.2577963457957817E14    1.3779947548770723E14    1.488413544228977E14     1.6079838230644762E14    1.7010892101132744E14    1.7764512534965644E14    1.85330412596551E14      1.9107636228273075E14    1.9676957448745547E14    2.0252582315409238E14    2.080026203661555E14     2.1303689557210662E14    2.158351705188505E14
0.04478421052631578       0.0034557823129251716    1.26064269373496E14      1.5227350974720666E14    1.7504331598588106E14    1.915847725491315E14     2.0589272005640612E14    2.1721409769628606E14    2.2784343844922253E14    2.3991651240752712E14    2.5211263874249762E14    2.608501868234293E14     2.6876625210341938E14    2.7504900296938994E14    2.8082599392884394E14    2.8664409618898694E14    2.9171239929396706E14
0.04304631578947366       0.00440612244897959      2.139413796714601E14     2.3931327061201088E14    2.560618122534254E14     2.8858889277372575E14    3.054289531910566E14     3.2187071553077225E14    3.3796316648348556E14    3.481630821251071E14     3.588494238637434E14     3.7037358072702194E14    3.8121085154690956E14    3.929396614541315E14     4.077050710385509E14     4.2105500789507294E14    4.280043641282423E14
0.04113017543859648       0.005442857142857141     4.2981089521497175E14    4.5562959472947544E14    4.6194913569465E14       4.7047424833044175E14    4.9473597151082494E14    5.249773272833144E14     5.560346994532621E14     5.692920492959561E14     5.836927955605035E14     5.923093891515835E14     6.012995855970796E14     6.093228519503724E14     6.185860408178908E14     6.287742587833902E14     6.408902742898746E14
0.0390357894736842        0.006565986394557823     9.24173625999926E14      1.22090459649403E15      1.3286882022414652E15    1.2848300796339868E15    1.2217458983776528E15    1.1877815603644365E15    1.1746661827351255E15    1.17104982574967E15      1.1843352109738478E15    1.2060493908444572E15    1.2330433629563625E15    1.2680779557094728E15    1.311627362282191E15     1.3606919235511125E15    1.397515699843708E15
0.03676315789473682       0.007775510204081634     1.4218307929285178E15    2.3009035139582845E15    2.9399413871098925E15    3.458189268289723E15     3.885802179945264E15     4.2540762191934595E15    4.586927941732694E15     4.87648728218282E15      5.136120563269418E15     5.342157184492533E15     5.530173476880546E15     5.69049989918537E15      5.829274256424199E15     5.953793630045466E15     6.030465115944634E15
0.03431228070175437       0.009071428571428567     1.791823154385105E15     3.0904392922645585E15    4.1225595671946605E15    5.020028547909838E15     5.836969517451026E15     6.576313746414892E15     7.27435178100504E15      7.919775307343516E15     8.536693429247034E15     9.097043930815104E15     9.62393717722317E15      1.0118662997672902E16    1.058993359055038E16     1.104504358162523E16     1.142605967306189E16
0.03168315789473683       0.010453741496598636     2.0353356395402902E15    3.61917711828433E15      4.921852215299147E15     6.084707812773478E15     7.15918609368435E15      8.143082845214137E15     9.07324888640042E15      9.94409250178849E15      1.0777038362076352E16    1.1557537151259362E16    1.2301371117655136E16    1.3002196140355616E16    1.3672945215011498E16    1.4323395843821058E16    1.4878021441210744E16
0.02887578947368419       0.011922448979591835     2.1615157207719095E15    3.9213701460675675E15    5.398036408312333E15     6.734919968656484E15     7.978953467833083E15     9.124926830386228E15     1.0208209845071546E16    1.1232106075465008E16    1.2210690698381076E16    1.313659535363351E16     1.4023572459507002E16    1.4862592354074648E16    1.566722324282551E16     1.644817328551464E16     1.7118077079661858E16
0.025890175438596487      0.01347755102040816      2.1753283750559395E15    4.0117618926945275E15    5.574773530691596E15     7.003716265274739E15     8.340022726088184E15     9.575397642022136E15     1.0743038037350166E16    1.185451071672966E16     1.2917338083336388E16    1.392772293694309E16     1.4898231389980696E16    1.5818344938856458E16    1.670224609780411E16     1.7561025041288076E16    1.8300103313065896E16
0.022726315789473685      0.014946258503401358     2.090432699504263E15     3.914603078030582E15     5.485019572882848E15     6.931948273158778E15     8.290445189242464E15     9.55042922764329E15      1.074094257549906E16     1.1880718242093608E16    1.2971820015108226E16    1.4011695649171672E16    1.501189787934012E16     1.596158428881293E16     1.6874732680676812E16    1.7763309411810566E16    1.8529707903322632E16
0.01938421052631579       0.016328571428571425     1.9301952951921212E15    3.674334382638881E15     5.192709831837349E15     6.601856760340842E15     7.929331701561091E15     9.164961941070782E15     1.0331369454303244E16    1.145408959503499E16     1.2530188656957838E16    1.355713903493404E16     1.4545653800880334E16    1.5485559477892962E16    1.6389893098351776E16    1.7271365519353456E16    1.8032775481588528E16
0.0158638596491228        0.017624489795918363     1.7169135546524148E15    3.329732818904633E15     4.749335886348707E15     6.075965340456339E15     7.329288215274577E15     8.500760980663266E15     9.604981146876864E15     1.0673168442239058E16    1.1698130362073144E16    1.267688262106721E16     1.361953949217562E16     1.4517159376348766E16    1.5381273702868042E16    1.6224863661992186E16    1.6954585262816506E16
0.012165263157894736      0.018834013605442176     1.4712202141479652E15    2.9174623495580465E15    4.204592256840398E15     5.415573890974157E15     6.562557830938279E15     7.639947544171696E15     8.65371372499738E15      9.638635220484076E15     1.058452404898439E16     1.1488099134076732E16    1.2358967851907324E16    1.3189486615323822E16    1.3989343100234514E16    1.4771295978909726E16    1.5448603782683654E16
0.008288421052631577      0.01995714285714285      1.209306463492434E15     2.4682272457997665E15    3.6010439599325985E15    4.673915323011466E15     5.69340931232411E15      6.655736048454587E15     7.559637194386072E15     8.440634194970369E15     9.28740568191098E15      1.0096721416363448E16    1.0877577713353978E16    1.1623272155205984E16    1.2341689461030122E16    1.3044902328579526E16    1.3654827287722832E16
0.04772526315789472       0.0011231292517006814    3.596922322644836E13     5.340119559594147E13     6.506202705744848E13     7.494041736414839E13     8.184375367594805E13     8.81155370141581E13      9.405811296839458E13     9.891119214539294E13     1.0275206661989758E14    1.0620538800446939E14    1.093698295380141E14     1.1236278050129886E14    1.1522113539578733E14    1.1799353900977842E14    1.2027104946499678E14
0.046343859649122784      0.0018142857142857127    5.3575530285805984E13    7.517452412138817E13     8.744477679550255E13     9.744149586397078E13     1.0765195370281273E14    1.154831877596821E14     1.2200491316310217E14    1.2704573324506848E14    1.3237597098770683E14    1.3788207499547664E14    1.4243412894216038E14    1.4600268807047762E14    1.4933294017625938E14    1.5238125831225384E14    1.5458422446323888E14
0.04478421052631577       0.002591836734693877     7.961719788343703E13     1.0607810221966312E14    1.2125937220073688E14    1.3334367027347847E14    1.4473813930503188E14    1.5591233888913372E14    1.655444851739601E14     1.729441155449307E14     1.8111218848669188E14    1.8690216723931853E14    1.9182544355358903E14    1.9697695914467497E14    2.0206911028069275E14    2.0728861958856488E14    2.113829445797173E14
0.043046315789473676      0.003455782312925173     1.2400781873241208E14    1.505449199974054E14     1.7359385116946288E14    1.9131348567262612E14    2.0500220441453962E14    2.1698058514158722E14    2.273851497365458E14     2.401754259070775E14     2.528234742584608E14     2.6150637050812662E14    2.694212617469298E14     2.7649448713506362E14    2.833860249096985E14     2.8975174701006506E14    2.945976283241227E14
0.04113017543859649       0.004406122448979589     2.1486556268396106E14    2.411415245318283E14     2.596785115286197E14     2.936075831298745E14     3.1084102230319294E14    3.282359571489755E14     3.4531223488418875E14    3.56242053228268E14      3.676851045759658E14     3.802880062464084E14     3.9194126589023225E14    4.04315482225639E14      4.2008247911676325E14    4.333847942213254E14     4.4075395894039094E14
0.039035789473684204      0.005442857142857141     4.393443460704457E14     4.687627964307924E14     4.7774997853635094E14    4.8676117710396725E14    5.130218560077675E14     5.4569508988665106E14    5.802866180925931E14     5.942306861290112E14     6.105263430957616E14     6.199240227229545E14     6.301121120110989E14     6.387425499435448E14     6.449751437532978E14     6.560970791163424E14     6.698588527682216E14
0.036763157894736824      0.006565986394557823     9.463704390255808E14     1.273268053486048E15     1.4048669706039455E15    1.3793587469232118E15    1.3143258570650792E15    1.2796449925491932E15    1.2695429820129582E15    1.26348334916844E15      1.2761511682999735E15    1.299996541829534E15     1.329386511248931E15     1.3680100017120678E15    1.4158253725065568E15    1.460598550471044E15     1.493480026375568E15
0.03431228070175437       0.0077755102040816294    1.439230081921377E15     2.3546383713801135E15    3.0349422068732255E15    3.5895892763826965E15    4.0743532550639945E15    4.487966127435229E15     4.874769059812572E15     5.201008213495395E15     5.519551464914693E15     5.769396295057638E15     6.004037857989149E15     6.213707401000457E15     6.402486128894788E15     6.582725250975691E15     6.724995522954399E15
0.03168315789473684       0.00907142857142857      1.7940333271484942E15    3.1201621476638695E15    4.191274067191827E15     5.120839488214297E15     5.975425712591216E15     6.757305789128758E15     7.497771643813333E15     8.178396308124688E15     8.835509402825687E15     9.444261240649708E15     1.0018023304876328E16    1.0549928003080218E16    1.1059576030452978E16    1.1554411208397732E16    1.1973444035039606E16
0.028875789473684202      0.010453741496598636     2.0166664873097622E15    3.612792256605992E15     4.943221426533626E15     6.127162158333175E15     7.22711980510592E15      8.245582500305086E15     9.208674084641512E15     1.011104795139578E16     1.0976721919737266E16    1.1793060379637658E16    1.2571449865073812E16    1.330440576538442E16     1.4006614305821074E16    1.468875995642641E16     1.5273240867209206E16
0.025890175438596476      0.011922448979591833     2.1205411586765402E15    3.8746078608627385E15    5.364659693768261E15     6.708995718127543E15     7.965348720725017E15     9.134716903879792E15     1.023985358767898E16     1.1286465817540462E16    1.2289627542518072E16    1.324110532719022E16     1.415174913562756E16     1.5012888404733668E16    1.5840235121491254E16    1.6644235724799858E16    1.7336091406806202E16
0.02272631578947367       0.01347755102040816      2.1149251610247848E15    3.928198314210244E15     5.490123643218068E15     6.913049042560481E15     8.248089222838013E15     9.495213851994626E15     1.0673104954975632E16    1.1796808585421072E16    1.2874649720238634E16    1.3899834424636122E16    1.4882581264129708E16    1.581434639254432E16     1.671056561085353E16     1.7583053838071174E16    1.8335659880220612E16
0.019384210526315785      0.014946258503401358     2.0171761815959422E15    3.8044080561663335E15    5.361438804948042E15     6.791110681189577E15     8.136547953837701E15     9.397989016608642E15     1.0588152420158044E16    1.1730325942535882E16    1.2827042844162438E16    1.3871476706159892E16    1.4873365663606138E16    1.5824980941223444E16    1.6740894668614036E16    1.763427873972398E16     1.8406152743529976E16
0.0158638596491228        0.016328571428571425     1.853585817081967E15     3.5530299630161605E15    5.049922714931995E15     6.434585528950147E15     7.740714564970581E15     8.970274241484112E15     1.0128531974896326E16    1.1246105702234356E16    1.2320116731582702E16    1.3343302250249944E16    1.4325307605343202E16    1.525963615373304E16     1.6159418962368368E16    1.7038395483806606E16    1.7798731297287326E16
0.012165263157894736      0.01762448979591836      1.6470681555945412E15    3.214880770509754E15     4.610335622414807E15     5.91016115671331E15      7.138602327031504E15     8.300026660916958E15     9.392240361233022E15     1.0450958482677196E16    1.14689009937849E16      1.2438747944391322E16    1.3370199374688246E16    1.4257951912524108E16    1.5113197105462814E16    1.5949757549478876E16    1.667428875169152E16
0.00828842105263158       0.018834013605442176     1.4166932662044655E15    2.824678924016726E15     4.0903679665822275E15    5.27700733105538E15      6.40045318256632E15      7.467444353173803E15     8.469298804431975E15     9.443817262685086E15     1.0381084901518824E16    1.127432021764739E16     1.2133043152101866E16    1.2952735811572396E16    1.3742596123485018E16    1.4516031470203164E16    1.5186715572094734E16
0.0463438596491228        0.0011231292517006812    3.375595486845887E13     5.0425485919916234E13    6.0886296848271164E13    7.0134010659377445E13    7.740117732608947E13     8.330008275892802E13     8.851253539938292E13     9.331607147748598E13     9.7618689121064E13       1.0132140014962123E14    1.0458666927006144E14    1.0733603579522406E14    1.098313560636064E14     1.121096277543433E14     1.139944400391805E14
0.04478421052631577       0.0018142857142857134    5.150298867256338E13     7.308684220490097E13     8.448190174315227E13     9.477245113645388E13     1.0502966751362253E14    1.1287365426874181E14    1.1920738050790669E14    1.2465640203806238E14    1.297735935851019E14     1.3480307989925212E14    1.397106131433003E14     1.432892469239563E14     1.464318152285105E14     1.495281142104813E14     1.522200545107345E14
0.04304631578947366       0.0025918367346938766    7.846791668873923E13     1.051644239343274E14     1.2050686176182097E14    1.33299960645268E14      1.4513567396810122E14    1.5611764951078728E14    1.6596878291367172E14    1.738747420486779E14     1.8193499772204025E14    1.881490284144905E14     1.9320631807795375E14    1.981848404219694E14     2.0388562491622106E14    2.0951486711819438E14    2.1427977167998253E14
0.04113017543859647       0.0034557823129251716    1.2457928399781648E14    1.523359997123486E14     1.7617858425480525E14    1.9499703814471175E14    2.0923064176240744E14    2.2181877222944156E14    2.327210521481061E14     2.4620524666138812E14    2.5955727715854294E14    2.686306621476888E14     2.7704159501003494E14    2.8467454368244244E14    2.920266267609E14        2.98582572757873E14      3.035945811996858E14
0.0390357894736842        0.004406122448979588     2.187483964160974E14     2.4745312858616812E14    2.6753805020184744E14    3.034766205435502E14     3.217874061509076E14     3.403171138854575E14     3.588921638118961E14     3.703785826500303E14     3.829720700525497E14     3.966697434290412E14     4.0954746867511344E14    4.232227296492262E14     4.3842397310157506E14    4.5206740324899894E14    4.5997829109147656E14
0.03676315789473683       0.005442857142857141     4.509492029831214E14     4.870821229400871E14     4.980623443971575E14     5.090093977742134E14     5.377310731887885E14     5.722763019797762E14     6.126148033277531E14     6.27584595102996E14      6.445247173138732E14     6.552554470640338E14     6.669234575651716E14     6.75999571286477E14      6.827224517649046E14     6.917671564023865E14     7.044720063143544E14
0.03431228070175437       0.006565986394557823     9.633996645946625E14     1.322229623852309E15     1.4786543825729882E15    1.4853072046308538E15    1.418976683071418E15     1.3869506836638902E15    1.3754484182971918E15    1.371492613695898E15     1.3795674217908332E15    1.4023771820352552E15    1.433817914160472E15     1.4751732214138818E15    1.5276626391934308E15    1.5775595337211802E15    1.609855683281311E15
0.03168315789473683       0.007775510204081631     1.4445809313293222E15    2.394660432746733E15     3.106579050523627E15     3.7031470525906975E15    4.237569550036495E15     4.696898733206358E15     5.13303891025213E15      5.495095188444806E15     5.85200532062307E15      6.159665534115231E15     6.435765643915117E15     6.683426148380302E15     6.924527193843302E15     7.153045433502207E15     7.335765380275314E15
0.028875789473684202      0.009071428571428567     1.78064555312164E15      3.131053764275054E15     4.225425731356054E15     5.192951493324412E15     6.087953744049979E15     6.9038717940712E15       7.678576218815231E15     8.393104288946604E15     9.080611425983784E15     9.727438427211274E15     1.034379318413644E16     1.0918752475584978E16    1.1464866362293578E16    1.1995539656291442E16    1.244771901566162E16
0.025890175438596487      0.010453741496598635     1.981597008751962E15     3.5868276020990215E15    4.926965641785552E15     6.139124175491749E15     7.271160246145222E15     8.312937509247231E15     9.300242037258554E15     1.02302507722704E16      1.1121209415019816E16    1.196661983886932E16     1.2778401575553068E16    1.3542189206526108E16    1.4274710423223262E16    1.4984935666662306E16    1.5595175199160118E16
0.02272631578947368       0.011922448979591835     2.0652931460829782E15    3.812119229143138E15     5.298029412409921E15     6.659401369698353E15     7.937023544476561E15     9.118906622694574E15     1.0237859041819552E16    1.1303090972464078E16    1.23239241508174E16      1.3295513244788514E16    1.4229618823120724E16    1.5112612000182402E16    1.596074995245906E16     1.678513417393558E16     1.7495589607892794E16
0.019384210526315778      0.01347755102040816      2.045230041244284E15     3.8371493444763785E15    5.383019197362463E15     6.812472921009063E15     8.157697323236181E15     9.407774617823892E15     1.05894759712246E16      1.1722937190183068E16    1.2810056821827922E16    1.3846065920916608E16    1.4842542739482624E16    1.578726664224133E16     1.6695375539438802E16    1.758031689008509E16     1.8344297880281756E16
0.015863859649122798      0.014946258503401358     1.941884165571065E15     3.6984771644417015E15    5.231268442795208E15     6.659400886292253E15     8.006058852150471E15     9.263187810505204E15     1.0449338849464246E16    1.15939439464359E16      1.2692501151379596E16    1.3739479527592286E16    1.4746834651087698E16    1.5703904147388782E16    1.6624587490874194E16    1.7523392109020338E16    1.8300263771707728E16
0.012165263157894738      0.016328571428571425     1.7831256342403715E15    3.449567830074796E15     4.919379947232287E15     6.298309523989553E15     7.600455955853945E15     8.821643455662089E15     9.971706195084026E15     1.1087061494429382E16    1.2157705844286916E16    1.3177853513486084E16    1.4159969042585018E16    1.5094980648615856E16    1.5994769890316504E16    1.6874160526598538E16    1.7635147931653526E16
0.00828842105263158       0.01762448979591836      1.590948882640755E15     3.13064763710061E15      4.501814653185053E15     5.796020559034115E15     7.019686894630906E15     8.172198533658575E15     9.255939359411842E15     1.0310879483038354E16    1.132340713365232E16     1.228823227650718E16     1.3217914644248546E16    1.4104559107586798E16    1.495796236247262E16     1.5792833327457068E16    1.6516171995414652E16
0.04478421052631578       0.0011231292517006808    3.1852516764947945E13    4.7997783076198875E13    5.761743699434144E13     6.6387309574739305E13    7.393266647843052E13     7.966310415786119E13     8.458133945547311E13     8.914869195206167E13     9.376737885608184E13     9.742758656332744E13     1.0066155242315014E14    1.0326421244609344E14    1.0557927562907114E14    1.0778795331630044E14    1.0983718473399292E14
0.04304631578947366       0.0018142857142857127    5.013497752199342E13     7.153209614515895E13     8.286247737131088E13     9.331955891765034E13     1.032991992852618E14     1.114227687319472E14     1.1774645687248281E14    1.234308884984421E14     1.2863316969036308E14    1.3347794665865245E14    1.382209770845286E14     1.422358942709182E14     1.456858920323756E14     1.490180270334245E14     1.5193806383931E14
0.04113017543859647       0.0025918367346938766    7.819892680602931E13     1.0526016229808038E14    1.2116136007533847E14    1.3419045389461523E14    1.462910247530191E14     1.5756492021707E14       1.6789613860168028E14    1.761512791054184E14     1.8447444052673762E14    1.910295386763141E14     1.9627386285013834E14    2.0139683550830725E14    2.0732806616045247E14    2.132010379874623E14     2.1819720836052012E14
0.039035789473684204      0.003455782312925173     1.2586576347896148E14    1.5472271407709838E14    1.7989753708306803E14    1.9911156709059228E14    2.13862540563759E14      2.27102579196923E14      2.390072738793216E14     2.5306747406908088E14    2.672654430711514E14     2.7678596258863444E14    2.858347583184978E14     2.938882640664951E14     3.006951259168127E14     3.074165348494084E14     3.128918712297696E14
0.03676315789473683       0.0044061224489795915    2.224315153263774E14     2.5338560166765847E14    2.754424971117476E14     3.128265282457835E14     3.316470589117914E14     3.516243299744627E14     3.7180737221233306E14    3.841324856737726E14     3.97554098748852E14      4.1248749860301494E14    4.2658573696969225E14    4.417553765621006E14     4.580774389963933E14     4.7099839473938494E14    4.779127168457806E14
0.03431228070175438       0.005442857142857142     4.5827758910596925E14    5.015614119947394E14     5.151821343010808E14     5.286863854125015E14     5.583219134092012E14     5.95658284975617E14      6.391402896110628E14     6.58611728454601E14      6.753016706468749E14     6.865512609340654E14     6.994980223179811E14     7.085355568976974E14     7.164229376040355E14     7.268745233456925E14     7.404304245269704E14
0.03168315789473683       0.006565986394557823     9.650405583671591E14     1.3459112958800542E15    1.5261149967542212E15    1.5613400395078532E15    1.5025889665068132E15    1.4743577634083025E15    1.4623980916088872E15    1.462207678027318E15     1.4739056122786925E15    1.4921439081175242E15    1.5228154222767962E15    1.5677009096978195E15    1.6213585165182498E15    1.6740697312179182E15    1.7086334462667285E15
0.02887578947368419       0.007775510204081631     1.4280354693241062E15    2.3896442189344615E15    3.1237848115218445E15    3.7415148819053315E15    4.3005332224377615E15    4.795584231342831E15     5.265479051562912E15     5.661253541978956E15     6.042932005875856E15     6.392894094416506E15     6.709958776991177E15     6.985183963757746E15     7.252517682378213E15     7.518879378597935E15     7.741315781628427E15
0.025890175438596487      0.009071428571428569     1.7427065532230608E15    3.0878159361676205E15    4.192399940116638E15     5.166899499311226E15     6.073396958588138E15     6.90979519643246E15      7.703199178247381E15     8.438448493151737E15     9.145200562552082E15     9.813331358710868E15     1.0453018034609972E16    1.104824500434105E16     1.161916558146761E16     1.2170370171220412E16    1.2642905956169402E16
0.02272631578947368       0.010453741496598636     1.922687396743089E15     3.5052195089967165E15    4.842457444153979E15     6.048143706462007E15     7.178484400100827E15     8.229424675636384E15     9.225039510285316E15     1.0165115752894942E16    1.1068624921927426E16    1.192665781313235E16     1.2749090446386004E16    1.3522919823595316E16    1.4266411042200386E16    1.4988480498036336E16    1.5610480782633332E16
0.01938421052631578       0.011922448979591835     1.990510862643039E15     3.699614706179394E15     5.170966016765356E15     6.514567274214667E15     7.778173973663196E15     8.959906042294147E15     1.0076946643140076E16    1.1143316473061288E16    1.2168724963250216E16    1.3143523632821702E16    1.4077671414553534E16    1.4961121241118358E16    1.581027999006574E16     1.6638365891091252E16    1.7353215863831828E16
0.0158638596491228        0.01347755102040816      1.9633121424435595E15    3.7078220798498225E15    5.230751218485373E15     6.634334398740954E15     7.956367767847995E15     9.199287494039214E15     1.0371219060423358E16    1.149874118406478E16     1.2583288132150138E16    1.3614203229801954E16    1.4602413404357344E16    1.553998386411541E16     1.6442247048668822E16    1.7323891591538736E16    1.8085904634419472E16
0.012165263157894736      0.014946258503401354     1.8634555250541408E15    3.570301920379587E15     5.07659413209134E15      6.475378286588599E15     7.794228851289048E15     9.040070378197908E15     1.021226815209461E16     1.1346537086012958E16    1.2437248104773512E16    1.3473533407647786E16    1.4467526464888054E16    1.5413055028291436E16    1.6323537680102316E16    1.7214154237184144E16    1.7984819614710186E16
0.00828842105263158       0.016328571428571425     1.7187037954157062E15    3.3410459074551185E15    4.786640989355823E15     6.137610662482037E15     7.412467687746732E15     8.62167337065943E15      9.757683018471858E15     1.0861439946712908E16    1.192212390374449E16     1.2929841133354238E16    1.3897419059827446E16    1.481972084250525E16     1.570780745838041E16     1.6577203191442528E16    1.7330432492623252E16
0.04304631578947366       0.0011231292517006812    3.092320154463012E13     4.7150642459060625E13    5.6635545927563586E13    6.557716153738285E13     7.33721745123423E13      7.921209954229683E13     8.404877483963553E13     8.880270502715645E13     9.335763243355522E13     9.730860578474002E13     1.0055382114611719E14    1.0336006446269066E14    1.059070539637473E14     1.0830177168616406E14    1.1041304395828381E14
0.041130175438596484      0.0018142857142857132    4.98541794612257E13      7.182088960386783E13     8.345264661882195E13     9.435909900133934E13     1.0467692762650442E14    1.1310962682079986E14    1.196728105411546E14     1.2560325791377484E14    1.3100877344341581E14    1.3602570782946056E14    1.4096668283688475E14    1.452699229436087E14     1.48885588746161E14      1.523836992027253E14     1.5540481348097253E14
0.0390357894736842        0.002591836734693877     7.891196616702514E13     1.0721271461516103E14    1.2378989070071661E14    1.3743405313575512E14    1.5018858603160238E14    1.6201237457486984E14    1.7298199879212634E14    1.8155740824246172E14    1.9041188698621456E14    1.9725979103478488E14    2.0291687120335788E14    2.0846194756970622E14    2.1418330640412412E14    2.2032055122950072E14    2.2548100511609806E14
0.03676315789473683       0.0034557823129251724    1.2773132256995E14       1.5842496008522628E14    1.849686776778661E14     2.0514012551308644E14    2.208900322571412E14     2.3477016579205978E14    2.4769482516220562E14    2.62689422143829E14      2.775820521579124E14     2.87734416655356E14      2.976387968909879E14     3.0614698559585925E14    3.1339051804246906E14    3.197736853946313E14     3.251974115624462E14
0.03431228070175438       0.004406122448979591     2.254516489445475E14     2.5981810718627894E14    2.832483251182711E14     3.2329482861278994E14    3.429452082870869E14     3.6463422036457725E14    3.855655205423043E14     3.996311904659612E14     4.135463565936921E14     4.293532023930156E14     4.4474571395716975E14    4.615601130562531E14     4.796067371623094E14     4.937597477900035E14     5.0048808943640794E14
0.03168315789473683       0.005442857142857142     4.600066323669108E14     5.1158160482353025E14    5.27825768207604E14      5.4510436885059856E14    5.779040089759256E14     6.165812113960245E14     6.623291835992236E14     6.867393132387056E14     7.055831002551254E14     7.163808507174275E14     7.299864651714746E14     7.395732971443395E14     7.477313166076598E14     7.593114899927928E14     7.752010579021356E14
0.028875789473684202      0.006565986394557823     9.52513776136455E14      1.349166282229007E15     1.5444556444114635E15    1.6031520948976868E15    1.5578009911375165E15    1.5341647144942012E15    1.5251072139699222E15    1.5287020104007578E15    1.5454984633327405E15    1.5634386437412828E15    1.5944951964309765E15    1.6392821430036682E15    1.6965597291978835E15    1.7511239071925415E15    1.7842213296750462E15
0.025890175438596476      0.007775510204081631     1.3962969061599922E15    2.3627179149434855E15    3.103963114885499E15     3.740693524715781E15     4.321845691746808E15     4.836541315649601E15     5.323230509705535E15     5.746752170365373E15     6.147860785408641E15     6.516752647285445E15     6.871019444593091E15     7.174731267415307E15     7.460917082027913E15     7.748398932639704E15     7.992359378379452E15
0.02272631578947368       0.00907142857142857      1.6910371447908962E15    3.0275650570202485E15    4.126156616565633E15     5.111788010572591E15     6.03368735672041E15      6.87817010636205E15      7.682007804615414E15     8.430825986005604E15     9.151292730293764E15     9.834710298105164E15     1.0492550417129046E16    1.1104361802770226E16    1.169192654671466E16     1.2259090505931602E16    1.2745901737853296E16
0.01938421052631579       0.010453741496598638     1.854497931555339E15     3.4147405670290745E15    4.73500025196718E15      5.944083316959064E15     7.080597844579575E15     8.131654219085649E15     9.128323754230662E15     1.0075197119627324E16    1.0986535540071244E16    1.185277859319626E16     1.2684590601019918E16    1.346770524845151E16     1.4218561225169094E16    1.495018487945181E16     1.5580958903599674E16
0.015863859649122798      0.011922448979591835     1.9135818469265962E15    3.5905246801515475E15    5.036694681801682E15     6.377546529475788E15     7.639891868200595E15     8.815900592374772E15     9.926725424199302E15     1.0994197935522452E16    1.2020816856179962E16    1.299609320090818E16     1.3932798401998994E16    1.4818886128331046E16    1.56704670716257E16      1.6502330540412212E16    1.722046000484693E16
0.01216526315789474       0.013477551020408159     1.8878490994477542E15    3.5971246276615455E15    5.091166254452448E15     6.488483777301209E15     7.805059772636102E15     9.038658464059218E15     1.0200661980637044E16    1.1325575216037408E16    1.240618258432879E16     1.3432298739828702E16    1.4418686195741504E16    1.5355507159981254E16    1.6256747880660068E16    1.7137795780373446E16    1.7899415497330858E16
0.00828842105263158       0.014946258503401354     1.80041731864745E15      3.4762488927992225E15    4.955766688967919E15     6.348586966169601E15     7.661754720740078E15     8.897573214957327E15     1.0059860160325798E16    1.1190182393623672E16    1.2274590072804406E16    1.3304288923452194E16    1.4295404023115082E16    1.5239306842260218E16    1.6147275094357824E16    1.7035454532381586E16    1.7804333088855766E16
0.04113017543859647       0.0011231292517006812    3.0099884539642508E13    4.626918436816045E13     5.583922264440677E13     6.479108091508466E13     7.266203398194514E13     7.862709366791542E13     8.35745870178038E13      8.84365901150946E13      9.307572854656564E13     9.719070412673045E13     1.0050281926072944E14    1.0341639637833081E14    1.0604320216500023E14    1.0852812802060738E14    1.1067884142111773E14
0.0390357894736842        0.0018142857142857132    4.963969687700806E13     7.205441220801403E13     8.415184386031023E13     9.522084345095053E13     1.058065467080431E14     1.1451978630007984E14    1.2144994032780283E14    1.275392529254463E14     1.3317160958759206E14    1.3843827316464142E14    1.4363482422007984E14    1.4805238540448728E14    1.5146781022430203E14    1.5506025630175672E14    1.5817791764749478E14
0.03676315789473682       0.0025918367346938766    7.938625441305177E13     1.0867713897942053E14    1.260588679043688E14     1.4003543256638631E14    1.5312223787331434E14    1.6563580868575744E14    1.77133256148027E14      1.8615882319412466E14    1.9544729333530438E14    2.0256032186713906E14    2.086302371858712E14     2.1464151662562316E14    2.2067098906591053E14    2.2674276485203606E14    2.3151042211530988E14
0.03431228070175437       0.0034557823129251724    1.2860237123233631E14    1.607096935478571E14     1.886051634089633E14     2.0946087208542134E14    2.2573982959539112E14    2.4042674821656462E14    2.540776095625104E14     2.7026050163168738E14    2.856157787877705E14     2.9613069669506475E14    3.067581727483853E14     3.15527357089525E14      3.234369663363591E14     3.303729660756732E14     3.362652575092494E14
0.03168315789473683       0.004406122448979591     2.2545870658800784E14    2.6232700908845006E14    2.874561367382409E14     3.291599338322234E14     3.496908396820678E14     3.725868500421784E14     3.9415550471102994E14    4.0995703916740694E14    4.252535063619102E14     4.412086848961859E14     4.5728088645056544E14    4.756044539018295E14     4.946719298162102E14     5.0996776184137425E14    5.172163303936221E14
0.02887578947368419       0.005442857142857142     4.524151240746624E14     5.104017111724282E14     5.307851298590999E14     5.506801443315157E14     5.86175801907169E14      6.263045383512714E14     6.739637688300215E14     7.017390867406889E14     7.227871745500954E14     7.346477268909916E14     7.486744768274955E14     7.576761696687555E14     7.668919969874665E14     7.790621503666855E14     7.957391518458344E14
0.025890175438596476      0.006565986394557821     9.211864632300818E14     1.3184644527898052E15    1.5222530686255325E15    1.5900793259097665E15    1.5571998946723392E15    1.5431744827466692E15    1.5419057742212128E15    1.5500083936575158E15    1.5722190412093355E15    1.5950386182824368E15    1.6270154582940928E15    1.6735414321679545E15    1.731328542422604E15     1.7892060162594958E15    1.8237980574659515E15
0.02272631578947367       0.0077755102040816294    1.3442364714147078E15    2.292670371941644E15     3.030925805968574E15     3.662439202641829E15     4.24426561069377E15      4.76315085148812E15      5.259101851050722E15     5.688783313480523E15     6.101800182083459E15     6.482638324327054E15     6.848204648106258E15     7.162573826418407E15     7.459743044844105E15     7.758493383889406E15     8.012707922784182E15
0.01938421052631579       0.00907142857142857      1.6218599682768502E15    2.924725758681401E15     4.008271599474478E15     4.977581806565883E15     5.886112183954979E15     6.72765958253868E15      7.52814603098846E15      8.276528409802211E15     9.00168741836643E15      9.688102962772E15        1.0343086811796302E16    1.0954958900818508E16    1.1538854338678306E16    1.2108530223447338E16    1.2598895052729416E16
0.015863859649122798      0.01045374149659864      1.775087401876662E15     3.2889806200563005E15    4.586385180240111E15     5.771184014260013E15     6.88426747639744E15      7.927188177480245E15     8.912101768394847E15     9.85325383111969E15      1.0762487523278644E16    1.1622138890611946E16    1.2443776485985122E16    1.321729302840201E16     1.396063951768936E16     1.4688348817461458E16    1.5315971447087744E16
0.01216526315789474       0.011922448979591835     1.83370376907797E15      3.4600187484226675E15    4.878993102010871E15     6.190914802483718E15     7.424473825648764E15     8.588823297102581E15     9.684054913048922E15     1.0741386284095242E16    1.1759933368155488E16    1.2722581056030484E16    1.3643792878284068E16    1.4516882030037908E16    1.5357475368666738E16    1.6180263791671574E16    1.6891078477007792E16
0.00828842105263158       0.013477551020408159     1.8187751594348392E15    3.4813233837421105E15    4.949715966220658E15     6.318020119081503E15     7.605416853509844E15     8.826283702564007E15     9.972970070926932E15     1.1086124112174906E16    1.2155751895073716E16    1.3167450238976992E16    1.4137620833536102E16    1.5060874669954796E16    1.594944490172686E16     1.6819431878499952E16    1.7572511323624798E16
0.0390357894736842        0.0011231292517006803    2.97842005470669E13      4.639434465766149E13     5.6292390320909234E13    6.5589169831272734E13    7.377624461010489E13     7.99466608791664E13      8.516355604845389E13     9.019742764632672E13     9.507444960368253E13     9.935229838947769E13     1.0286439156431994E14    1.0592223424251667E14    1.08474301247199E14      1.1105040661051675E14    1.1330610744445806E14
0.03676315789473683       0.0018142857142857132    4.980455083068062E13     7.316057510383825E13     8.580875441870477E13     9.740174352463738E13     1.0856157865933269E14    1.1759411085461377E14    1.2488114258467753E14    1.3129696219033308E14    1.371329883233916E14     1.427994141779113E14     1.4839766550727666E14    1.5293918895500578E14    1.565409779380846E14     1.600862175472651E14     1.6306372591202556E14
0.034312280701754384      0.002591836734693877     7.98866362757327E13      1.1064555949057381E14    1.2868613733365211E14    1.4353746822726844E14    1.5717402551113344E14    1.704976637353232E14     1.8231552070943825E14    1.920296106826867E14     2.017189607286078E14     2.0896015461817834E14    2.154930682978421E14     2.220678632870896E14     2.2866447844230344E14    2.352648295553369E14     2.398877051178197E14
0.03168315789473684       0.003455782312925171     1.2876455771469692E14    1.6263175599965544E14    1.9155966529775378E14    2.135834846393632E14     2.310044748736841E14     2.4615604917209706E14    2.6046335903070875E14    2.7765920863361562E14    2.9394213569440075E14    3.046898132760295E14     3.1588569698178244E14    3.250360408345179E14     3.334093370976215E14     3.4094205332654725E14    3.4771988239323556E14
0.028875789473684202      0.004406122448979591     2.2299067565076125E14    2.6279871139466094E14    2.892493708016589E14     3.3290009135952156E14    3.550482739679407E14     3.788193119059319E14     4.010069660350395E14     4.179561892024417E14     4.347023902508571E14     4.511344943662631E14     4.6785012892912056E14    4.8704982680252556E14    5.073381239216284E14     5.2352867902446506E14    5.3077297315866256E14
0.025890175438596487      0.005442857142857141     4.3751114476784675E14    5.015290523139881E14     5.260642492120849E14     5.4945251655661825E14    5.878380908985701E14     6.296364011902841E14     6.793264669355578E14     7.090359630546422E14     7.317023477566878E14     7.455949932856375E14     7.601438581013412E14     7.693930689743889E14     7.788550929666898E14     7.921268800834086E14     8.099904349537351E14
0.022726315789473674      0.006565986394557823     8.78687156649392E14      1.2682895910249268E15    1.4711710470855925E15    1.5391556331668908E15    1.5181852630102618E15    1.5153324830060062E15    1.5199741981235222E15    1.5359317527532172E15    1.563053948183585E15     1.5903270201469135E15    1.6263408939556788E15    1.6760846888071995E15    1.7357789126245062E15    1.7957374968597955E15    1.832129861721285E15
0.01938421052631578       0.007775510204081631     1.283948128483952E15     2.20979963705267E15      2.935129527775151E15     3.5636038523169615E15    4.1385787585012985E15    4.651457230725441E15     5.145311253624069E15     5.573851621598015E15     5.992909904771084E15     6.38136240543068E15      6.741635455103304E15     7.05941773271485E15      7.362508212383637E15     7.667261738520364E15     7.92750126090202E15
0.015863859649122805      0.009071428571428569     1.5506643284673192E15    2.8213109331311215E15    3.8816116075211695E15    4.845558866198596E15     5.747226819933524E15     6.581222498092016E15     7.37153031729401E15      8.120007197946654E15     8.847205918633209E15     9.530483338999688E15     1.0183402859337298E16    1.079009633803999E16     1.1371638657810144E16    1.1942993916920958E16    1.2433727281248564E16
0.01216526315789474       0.01045374149659864      1.7019560286868452E15    3.1799374415165775E15    4.44866624880637E15      5.626072678638934E15     6.730346250626104E15     7.763955300451503E15     8.736911956830951E15     9.675504893242532E15     1.0580706024168162E16    1.143231826479734E16     1.224746761751488E16     1.3016769779174788E16    1.3757448739130682E16    1.448249466444498E16     1.5107242730719344E16
0.008288421052631582      0.011922448979591833     1.7694382947615752E15    3.363712867073132E15     4.755316985933045E15     6.060774580240109E15     7.286534231493562E15     8.440417069558857E15     9.524687506104952E15     1.057821941851182E16     1.1589287333191546E16    1.2542634500102416E16    1.3458619265708828E16    1.4328896400915562E16    1.5165640844880216E16    1.59844297387265E16      1.6692356848430022E16
0.03676315789473682       0.0011231292517006808    2.925883260454613E13     4.605413214879534E13     5.627465518105782E13     6.573556727393122E13     7.40302544672765E13      8.037923629704195E13     8.583456518182588E13     9.10606862906984E13      9.610905045285808E13     1.0049143186101869E14    1.0418543144526614E14    1.073193435379782E14     1.0997053877035812E14    1.1251027757212642E14    1.1472803130383052E14
0.03431228070175437       0.0018142857142857134    4.951437400060123E13     7.344273408830078E13     8.658965393047394E13     9.849695510412403E13     1.099517625388327E14     1.1930325127631288E14    1.2680417058007317E14    1.3360895660705716E14    1.395369169286069E14     1.4549815771120138E14    1.5141484829231106E14    1.5595133424978056E14    1.5981136195253903E14    1.635946153745995E14     1.6656956250406938E14
0.03168315789473683       0.0025918367346938775    7.94621145845427E13      1.1102831386260895E14    1.2971614860194962E14    1.450190538255653E14     1.5900979364879797E14    1.729158698368806E14     1.849938444877077E14     1.9530405141385056E14    2.0554903746311284E14    2.1273693079721434E14    2.195079336986803E14     2.265585902188624E14     2.3349827538393528E14    2.4057399935988306E14    2.4526421417828494E14
0.028875789473684202      0.003455782312925171     1.2712618525755262E14    1.6194978169707525E14    1.9180195521233722E14    2.143119256612958E14     2.3242008000152244E14    2.479964314696723E14     2.6286551219267406E14    2.8061094007981775E14    2.975458713783567E14     3.088381231909002E14     3.203475280885378E14     3.2947520918778625E14    3.383099662973781E14     3.4621281667720444E14    3.534430346787204E14
0.025890175438596487      0.00440612244897959      2.168977522740972E14     2.5830122589345575E14    2.8641552792530925E14    3.307470252245129E14     3.536884752531741E14     3.7835157874430994E14    4.013468234944561E14     4.189207408990005E14     4.365593192203069E14     4.5385322738769144E14    4.708478689736345E14     4.9057886699418806E14    5.112552562807083E14     5.2822577516359394E14    5.3575937006054106E14
0.02272631578947368       0.005442857142857141     4.154047403745328E14     4.821434923376679E14     5.119668604829492E14     5.3734024698471644E14    5.769387941020318E14     6.209404343635404E14     6.712660579466555E14     7.022544191995482E14     7.261629509979559E14     7.411974875677656E14     7.567591704242149E14     7.668036020758145E14     7.767332220237081E14     7.905843121774768E14     8.09153788177392E14
0.01938421052631578       0.006565986394557823     8.256366209761575E14     1.1924635946048782E15    1.3933668600109955E15    1.4490833637238208E15    1.4405374628166205E15    1.4490622621804955E15    1.4618710642012335E15    1.4850026472016408E15    1.5168900700922872E15    1.5484018892644542E15    1.59019951691106E15      1.6420870117767258E15    1.7057999376699955E15    1.7676626176087088E15    1.8059463348784832E15
0.015863859649122805      0.007775510204081633     1.2155985783450308E15    2.101619480850907E15     2.809347821862998E15     3.418771847922816E15     3.969476664924376E15     4.4693998322474005E15    4.945216913347731E15     5.369905940798706E15     5.791437642308422E15     6.169365951620955E15     6.516353992918765E15     6.823899775148958E15     7.127702950951414E15     7.430722263599256E15     7.688964602043655E15
0.012165263157894743      0.00907142857142857      1.4776831077110225E15    2.7016628427357205E15    3.7354090040682305E15    4.674799207763046E15     5.549594998977107E15     6.374174786808378E15     7.147548798497151E15     7.889203974596117E15     8.610741590262745E15     9.279470854519408E15     9.912561219190084E15     1.0504520932738214E16    1.1077440931802642E16    1.1639710342996172E16    1.2120957510275502E16
0.008288421052631582      0.01045374149659864      1.6354510256043848E15    3.0685921534720855E15    4.311951078927826E15     5.46325650667771E15      6.538974676611939E15     7.560755406448631E15     8.518797879689441E15     9.447792554783778E15     1.0341398787243374E16    1.1176006215291036E16    1.1974121064885982E16    1.2731053103979056E16    1.3459204179888608E16    1.4172531250266984E16    1.4788758684737466E16
0.034312280701754384      0.0011231292517006803    2.8914968468622363E13    4.6203824652399414E13    5.67964627119033E13      6.6721144590948695E13    7.528965584766745E13     8.18891994251074E13      8.755744909685389E13     9.310290423116188E13     9.83544007007343E13      1.0281641343084211E14    1.06737542880615E14      1.0998319553854112E14    1.128338975216242E14     1.1554864869988566E14    1.1784958851687114E14
0.03168315789473683       0.0018142857142857134    4.918971915558935E13     7.392698595716917E13     8.751891636188748E13     1.0000758941085312E14    1.1205060022967447E14    1.2164025844156138E14    1.2935838788379147E14    1.3651599174780072E14    1.4279621686912834E14    1.4898182022590853E14    1.551935340218744E14     1.5980705251913112E14    1.638810372263166E14     1.6793699612614334E14    1.710751191075783E14
0.02887578947368419       0.0025918367346938766    7.862022328630083E13     1.1114285898787869E14    1.3033302855957325E14    1.463419431436308E14     1.6098912402332934E14    1.7532941179222666E14    1.8768111392680025E14    1.9840886468458878E14    2.0917873424426344E14    2.165339978632099E14     2.235436328679385E14     2.309097220672159E14     2.3826229707277925E14    2.4570416021220497E14    2.5034021992209897E14
0.025890175438596476      0.003455782312925171     1.2447963977097561E14    1.6041934264428084E14    1.908224960653377E14     2.1421503898823122E14    2.3310617639557416E14    2.490973922316984E14     2.6447336106542194E14    2.8261188573400806E14    3.0003063870577075E14    3.1196772037415556E14    3.237757481253235E14     3.330667629075036E14     3.4212234490007775E14    3.504434300048603E14     3.581159816410371E14
0.022726315789473674      0.004406122448979591     2.0893903660882228E14    2.5194818025297034E14    2.813417330027336E14     3.265999505552295E14     3.505840755677813E14     3.7592464130764475E14    3.993479002300016E14     4.1758482360307825E14    4.356595669864898E14     4.534667264592624E14     4.710131297477484E14     4.9124091478720625E14    5.122549448178455E14     5.296579257311466E14     5.375322417999207E14
0.019384210526315778      0.005442857142857141     3.9058299673542575E14    4.598398917440506E14     4.931498832942806E14     5.210347291286107E14     5.629147424334813E14     6.086726241934654E14     6.59430086733966E14      6.904594613303676E14     7.152137194438651E14     7.306823360470682E14     7.479511264388791E14     7.58938099220634E14      7.70107938333194E14      7.844920593627255E14     8.032363572370305E14
0.015863859649122798      0.006565986394557821     7.712831926280458E14     1.1167634232790289E15    1.3027722504982998E15    1.347904661981765E15     1.354049134027091E15     1.3714836565694068E15    1.3937964881501738E15    1.4210868738596968E15    1.455920232034293E15     1.493170900802611E15     1.5386519047392662E15    1.5954439634240625E15    1.6612531243318478E15    1.7240541062657422E15    1.7641064293011962E15
0.012165263157894738      0.007775510204081633     1.152092715761375E15     2.0051262828171612E15    2.683921422014615E15     3.2766361091168095E15    3.8100394496967225E15    4.304084026534386E15     4.757289835515641E15     5.177967870710543E15     5.598283717432101E15     5.950659287914472E15     6.288686766500577E15     6.595143950305379E15     6.894506065750825E15     7.190172690220352E15     7.432119404422745E15
0.008288421052631584      0.009071428571428569     1.4185462314482525E15    2.611639663046226E15     3.6188208371403775E15    4.551085936944548E15     5.413009599009044E15     6.227959313293984E15     6.990460490348274E15     7.730092109021353E15     8.442114092930117E15     9.094595231417048E15     9.718248499751188E15     1.030780537993053E16     1.08740657559039E16      1.1428349160756542E16    1.1905457047663208E16
0.03168315789473683       0.0011231292517006808    2.820659980691587E13     4.5611314917487664E13    5.645692583564098E13     6.657422946101018E13     7.52593245657261E13      8.20007589631808E13      8.782583926155095E13     9.360817689442898E13     9.909690187518662E13     1.0352576940478667E14    1.0756335239154008E14    1.108711025025455E14     1.1383453558449475E14    1.167034733856149E14     1.1915965712709186E14
0.028875789473684202      0.0018142857142857132    4.819762591970684E13     7.318743578789895E13     8.713583802443364E13     9.981816378102116E13     1.121396016097411E14     1.2189492033719973E14    1.297908496406566E14     1.3712220528597914E14    1.436956476390361E14     1.50087678043892E14      1.564464978885895E14     1.609792976847383E14     1.652327142736297E14     1.694455298425303E14     1.7262075459300594E14
0.025890175438596487      0.002591836734693877     7.671665392316589E13     1.0937575558418692E14    1.2905481435942969E14    1.4524602835948112E14    1.6009451989973278E14    1.7474089983540084E14    1.8736933033033728E14    1.9830170332182056E14    2.093715969473213E14     2.1700284248438322E14    2.241048658588866E14     2.3163134736078625E14    2.3911589353957422E14    2.4683811185500147E14    2.5151768513945875E14
0.022726315789473678      0.003455782312925171     1.2029829143416431E14    1.5641767414976628E14    1.8725727438404956E14    2.1084319076437425E14    2.2977453829273678E14    2.4624986154990834E14    2.6178046963603356E14    2.8023458824217678E14    2.9787118535829975E14    3.100417346476869E14     3.220594883647997E14     3.315121913705068E14     3.406745458519184E14     3.4916880510989275E14    3.5705886181906675E14
0.01938421052631578       0.004406122448979591     1.9891000644596884E14    2.4243687166243516E14    2.7270678984645753E14    3.177232169869253E14     3.423393979824426E14     3.6820898350943225E14    3.920515366141078E14     4.105341576841687E14     4.2870153035920006E14    4.4665787048088175E14    4.646707180101436E14     4.848221732144036E14     5.061498624222735E14     5.236060222222437E14     5.316955361954483E14
0.015863859649122805      0.005442857142857142     3.638829473801674E14     4.34186137750796E14      4.7032580627787356E14    4.988936778503499E14     5.4195729530219475E14    5.893414750488309E14     6.403688675961384E14     6.700345976469125E14     6.952344561607872E14     7.114838920724934E14     7.294648798655454E14     7.422949682639401E14     7.540211962923011E14     7.68552976867276E14      7.871252230121649E14
0.01216526315789474       0.006565986394557823     7.176881023999584E14     1.037878639868011E15     1.203317969407495E15     1.2509345248735028E15    1.2660266881116342E15    1.2888421036622198E15    1.3179977044709288E15    1.3491192381363195E15    1.386255671892308E15     1.43020188906761E15      1.4800622241478535E15    1.5386530190827852E15    1.6047574147007192E15    1.6682975636916538E15    1.7123334287451788E15
0.008288421052631582      0.007775510204081631     1.0950010930373006E15    1.9121222168288032E15    2.566450715770252E15     3.1384063060687355E15    3.6413575471299615E15    4.1217691190809285E15    4.561626422243256E15     4.977973017470543E15     5.378146630569433E15     5.72034671175748E15      6.045822092977129E15     6.346268616765188E15     6.631287910273238E15     6.907331672884326E15     7.144194733909708E15
0.02887578947368419       0.0011231292517006808    2.7543261118633742E13    4.523925353680514E13     5.632521566591219E13     6.678756231946675E13     7.577114960564428E13     8.266447853518955E13     8.866101188719733E13     9.464665591644512E13     1.0040833004810608E14    1.0489660133631588E14    1.0906670403688962E14    1.1242727434254731E14    1.1554170491113778E14    1.1853682684956325E14    1.2108394654121422E14
0.025890175438596487      0.0018142857142857132    4.70744880643251E13      7.244561400495767E13     8.66764018709659E13      9.975538642024283E13     1.1244529377427597E14    1.2240489617855527E14    1.3050749543380677E14    1.3800349386768488E14    1.4480373338078312E14    1.514732259544933E14     1.5799248617560306E14    1.6257460672784556E14    1.6694013662738978E14    1.7133607072883866E14    1.746075556201964E14
0.02272631578947367       0.0025918367346938766    7.45047135321544E13      1.0737832567579394E14    1.2740213850366095E14    1.4401491361500934E14    1.5922194899196225E14    1.7406863124037875E14    1.8686563344095806E14    1.9805032765872138E14    2.0929372450823275E14    2.1712037710744144E14    2.2442772972011172E14    2.321400606042887E14     2.3975600521401006E14    2.4763722124515075E14    2.5242977163040734E14
0.01938421052631578       0.003455782312925171     1.1572127020468886E14    1.5233684883435606E14    1.8299460599655384E14    2.0718108959180825E14    2.2651255466431378E14    2.433734387904176E14     2.5894362005106672E14    2.7763620977547203E14    2.953988483872445E14     3.0754809943144256E14    3.199213383819897E14     3.2961398265616406E14    3.3905511142560225E14    3.476492820313139E14     3.555518225883544E14
0.015863859649122798      0.00440612244897959      1.8883065326186125E14    2.333555153484946E14     2.639382579605579E14     3.0889306938556994E14    3.3458864723979406E14    3.606918925058229E14     3.850656518690562E14     4.0331025529957625E14    4.2122282215207894E14    4.3956455339783856E14    4.577887709769193E14     4.7823364698960494E14    4.995524299169526E14     5.1687604344816256E14    5.252060945800237E14
0.01216526315789474       0.0054428571428571425    3.396671370807716E14     4.118476284885911E14     4.5050336843573075E14    4.806210689632699E14     5.2478679152735906E14    5.720392141127222E14     6.234843347681904E14     6.513100469162105E14     6.764265721173982E14     6.942439105548796E14     7.13422989376774E14      7.273626675477302E14     7.392417497033222E14     7.540339511467754E14     7.732089055752331E14
0.008288421052631582      0.006565986394557821     6.720396312010168E14     9.754411348121289E14     1.1221225129384354E15    1.1731535594842695E15    1.197323408867197E15     1.2258385793580765E15    1.2574421382160548E15    1.2904512570991948E15    1.3320218030197255E15    1.379618697896456E15     1.431906853211122E15     1.4902160378544788E15    1.5572231089752172E15    1.6227198495458648E15    1.6673070616009988E15
0.025890175438596487      0.0011231292517006803    2.6518053499704812E13    4.4091752744822016E13    5.527605276659684E13     6.576415379650779E13     7.480475341802428E13     8.18008822446849E13      8.791174451167275E13     9.39790327017192E13      9.98673549322254E13      1.0444435100621184E14    1.08662048016708E14      1.1203945654600064E14    1.1520309936735177E14    1.1829748778001784E14    1.2092478663324731E14
0.022726315789473678      0.0018142857142857134    4.5383800146816125E13    7.055678731704139E13     8.497482745592581E13     9.8060325850578E13       1.1070480503418522E14    1.2084710728418003E14    1.2903097863090955E14    1.3665256520376867E14    1.4352698713840428E14    1.5027508116568594E14    1.568649060010438E14     1.614962006425697E14     1.6589985291845262E14    1.7035871532211738E14    1.736929714721291E14
0.019384210526315775      0.0025918367346938766    7.158404805145434E13     1.0403489610972695E14    1.2420441172113438E14    1.4075167175084616E14    1.5600769143843922E14    1.7090865794136872E14    1.8382320961758116E14    1.950926891298165E14     2.0634584558144344E14    2.1423401616870597E14    2.2169036670915322E14    2.2937931787439934E14    2.3709547961481353E14    2.4498344376134816E14    2.4986014288644344E14
0.0158638596491228        0.0034557823129251716    1.1047576893743077E14    1.46945880814906E14      1.773656877014829E14     2.013860855331416E14     2.2058947765892462E14    2.3778663234092606E14    2.534136842677176E14     2.7194418687629147E14    2.8962693163501175E14    3.017067371507069E14     3.1406900949720294E14    3.241139171834475E14     3.335590838781907E14     3.4207535547778625E14    3.498393151027572E14
0.012165263157894747      0.004406122448979591     1.788209052695412E14     2.2349043201205334E14    2.5527298266193303E14    2.989481069840191E14     3.2483345571412056E14    3.505355662361065E14     3.754630931662251E14     3.9324919245275344E14    4.108093332464406E14     4.296862144960997E14     4.480654272797537E14     4.681716689244809E14     4.8904091155527044E14    5.061185176667677E14     5.150614110984147E14
0.008288421052631584      0.005442857142857141     3.1963043090985244E14    3.916373631043521E14     4.3172051201189006E14    4.622922630372331E14     5.0696347613806075E14    5.5486362896629725E14    6.041026929941051E14     6.310188989691445E14     6.572940287138706E14     6.75963679425099E14      6.95547429385262E14      7.096563355489432E14     7.219209364023745E14     7.374282553974031E14     7.560033667298118E14
0.022726315789473678      0.0011231292517006803    2.556176311390073E13     4.315302284300853E13     5.441205810766442E13     6.505959026601696E13     7.427945086836145E13     8.140961083338089E13     8.759705114820675E13     9.37868329671223E13      9.977010091066952E13     1.044500288874343E14     1.0876809066581464E14    1.1223239538037767E14    1.1545968840445694E14    1.18623200938016E14      1.2131572323147244E14
0.019384210526315778      0.0018142857142857134    4.373053695557561E13     6.8912839697696625E13    8.335604616551252E13     9.665986714401517E13     1.0944853138366514E14    1.1978242589558716E14    1.2805182143465097E14    1.3581392630963783E14    1.4273644260886444E14    1.4949370150797578E14    1.5622564950757225E14    1.610007128649231E14     1.6551977378565347E14    1.700279738021555E14     1.734123616391259E14
0.015863859649122798      0.0025918367346938766    6.878313814196176E13     1.0111939025526989E14    1.2129374236317078E14    1.3798399190896548E14    1.535313360846986E14     1.6838817708466794E14    1.8150219715254484E14    1.927207043664806E14     2.0390317081370316E14    2.1195082124943053E14    2.1950352185231184E14    2.2731925449322194E14    2.3505454793806044E14    2.4288351110462803E14    2.478916983548262E14
0.01216526315789474       0.0034557823129251703    1.0582049384148934E14    1.4254008030366744E14    1.7299329519202225E14    1.9704467451995775E14    2.1635975886111894E14    2.3348720972725225E14    2.4915252083910088E14    2.675292282944383E14     2.850166835330185E14     2.9732444470480875E14    3.098497925264586E14     3.20139920453587E14      3.2950123151373606E14    3.3798610986418706E14    3.4580897061376894E14
0.008288421052631586      0.00440612244897959      1.712119951286992E14     2.161466069706032E14     2.4821739919271038E14    2.914582622332582E14     3.1822007788113925E14    3.43752693804479E14      3.68528693108848E14      3.859939332968585E14     4.037508916723344E14     4.2281368605977394E14    4.412810413842909E14     4.608750719403519E14     4.815898260722065E14     4.988128183368721E14     5.0781710474278944E14
0.019384210526315785      0.0011231292517006803    2.4368675932790887E13    4.163668929052492E13     5.2796957278749414E13    6.331146354992946E13     7.252140107060044E13     7.972266225946878E13     8.591738659289177E13     9.212624269460022E13     9.808556720993138E13     1.0280632991405116E14    1.0717394015904981E14    1.1067061938425797E14    1.1394558873742539E14    1.1712648531791403E14    1.1983113114627656E14
0.015863859649122798      0.0018142857142857138    4.178950187582743E13     6.656347749340997E13     8.095608099896652E13     9.408746271346767E13     1.0671152624635633E14    1.171644661699748E14     1.2551232551768061E14    1.332516055532331E14     1.4009481975696603E14    1.4680706283998488E14    1.5350383778595875E14    1.5844677830052272E14    1.6295550309663794E14    1.6741917121569516E14    1.7082179310163612E14
0.012165263157894741      0.0025918367346938766    6.585829634570798E13     9.762088176629245E13     1.1804811257568197E14    1.3433893237407886E14    1.4978138328045075E14    1.6435210028081678E14    1.7761456558355544E14    1.8867687194089475E14    1.9967711169202256E14    2.079702470338371E14     2.155664716747672E14     2.232724141001594E14     2.3085722963651934E14    2.3857565744190956E14    2.438292050451635E14
0.008288421052631584      0.0034557823129251703    1.0173545885202627E14    1.3799521419579025E14    1.6834246253508488E14    1.919624775738462E14     2.11120114096514E14      2.2833390526269406E14    2.4379073500887756E14    2.6172258351703147E14    2.7923060447011766E14    2.9166154506923225E14    3.040977259995334E14     3.143051554787215E14     3.236027805302436E14     3.321610580939203E14     3.3972285146313556E14
0.0158638596491228        0.0011231292517006803    2.3355440137738984E13    4.050696073514642E13     5.15761958842447E13      6.209511412986971E13     7.14441836655867E13      7.872567952841388E13     8.496872146627288E13     9.117612061665823E13     9.710246500309039E13     1.0193378217056089E14    1.0634813757637119E14    1.0996954625518648E14    1.1327547956445864E14    1.1645854616308858E14    1.1916997505722427E14
0.012165263157894745      0.0018142857142857134    4.0184178054401836E13    6.483977062761201E13     7.930976840597245E13     9.243662726104102E13     1.050768632542481E14     1.1554330522611948E14    1.239892264407721E14     1.3173370796617017E14    1.3852293280138298E14    1.4529036757013194E14    1.5204325383995006E14    1.571560661519241E14     1.616410966451914E14     1.6609631646247453E14    1.6961339030921244E14
0.008288421052631584      0.002591836734693877     6.3704101214355695E13    9.522786370684745E13     1.1570232412606414E14    1.3198054004277664E14    1.4766084323365703E14    1.620689596891507E14     1.753606803872865E14     1.862685059891932E14     1.9726339832072922E14    2.0575354288585897E14    2.1339784043702325E14    2.2095994242305425E14    2.2851095462858022E14    2.3625262491262994E14    2.415867678788091E14
0.012165263157894743      0.0011231292517006803    2.228422494495759E13     3.906201955529177E13     5.00497742062098E13      6.030457872814157E13     6.958128902298315E13     7.682295535104814E13     8.306406974475225E13     8.919214123939031E13     9.501487307614023E13     9.99512205577337E13      1.0436811360785866E14    1.0801975608630619E14    1.1128795631732845E14    1.1445157042790548E14    1.1719396152917602E14
0.008288421052631584      0.0018142857142857134    3.868936861552897E13     6.287516162032755E13     7.732463853930536E13     9.018722326707831E13     1.0265268545418652E14    1.1313894010389422E14    1.2155861236303558E14    1.2915797946037322E14    1.359914617575284E14     1.427064313158105E14     1.4938933968314794E14    1.5451116425875462E14    1.5895668452977978E14    1.6341778936613734E14    1.669163956238365E14
0.008288421052631584      0.0011231292517006803    2.1561620361248652E13    3.8206018543627164E13    4.913325436576571E13     5.9342734411100766E13    6.872909068409492E13     7.599551792393639E13     8.222291678515952E13     8.829607282095458E13     9.413348454912238E13     9.916748389842728E13     1.0360717243365723E14    1.0728584733124861E14    1.1056311276096712E14    1.1375520726065138E14    1.1647643669158008E14
