% Model:              argon_gec_ccp_2_oggeo.mph
% Version:            COMSOL 6.2.0.290
% Date:               Jun 22 2026, 15:37
% Dimension:          2
% Nodes:              1520
% Expressions:        20
% Description:        Electron density, period averaged, Electron temperature, period averaged, Electric potential, period averaged, Capacitive power deposition, electrons, period averaged, Rate expression, period averaged
% Length unit:        m
% R                       Z                        ptp.neav (1/m^3) @ refl=0.2 ptp.Teav (V) @ refl=0.2  ptp.Vav (V) @ refl=0.2   ptp.Pcap_av (W/m^3) @ refl=0.2 ptp.Re_av (1/(m^3*s)) @ refl=0.2 ptp.neav (1/m^3) @ refl=0.3 ptp.Teav (V) @ refl=0.3  ptp.Vav (V) @ refl=0.3   ptp.Pcap_av (W/m^3) @ refl=0.3 ptp.Re_av (1/(m^3*s)) @ refl=0.3 ptp.neav (1/m^3) @ refl=0.4 ptp.Teav (V) @ refl=0.4  ptp.Vav (V) @ refl=0.4   ptp.Pcap_av (W/m^3) @ refl=0.4 ptp.Re_av (1/(m^3*s)) @ refl=0.4 ptp.neav (1/m^3) @ refl=0.8 ptp.Teav (V) @ refl=0.8  ptp.Vav (V) @ refl=0.8   ptp.Pcap_av (W/m^3) @ refl=0.8 ptp.Re_av (1/(m^3*s)) @ refl=0.8
0.10098717948717947       0.0637171875             1.0205980455616455E11    2.553478980122098        0.1865506965165359       -2.2482069173586363      2.1909445777163484E14    1.4003975696667935E11    2.6065324015384226       0.18518556176087203      -2.607247096241305       4.107556665051916E14     1.9655402265884586E11    2.6641857836688647       0.18358544691870385      -3.0284043406837773      7.90672800329756E14      6.661056949598117E13     2.7160251598274474       0.026082147250840716     5.372681904129152        7.3528971237822688E16
0.1016                    0.06371718750000001      7.453564936788739E10     2.5486755082219323       0                        -1.1840102029432855      1.6861089172847962E14    1.0708132518444945E11    2.602573669332096        0                        -1.3775289461994904      3.3090078134103606E14    1.566301654866376E11     2.660969626772476        0                        -1.6054624149867405      6.629650567780321E14     6.662171636045228E13     2.712367823959074        0                        4.92015649301012         7.1625939380714016E16
0.10098717948717949       0.06430000000000001      7.549294672080273E10     2.549533669504297        0                        -1.2642591668643863      1.707024528491898E14     1.0819847091645857E11    2.6032781235173554       0                        -1.467058071538284       3.340674994231329E14     1.5793039938505966E11    2.6615360309715195       0                        -1.7057880059647188      6.677284007236302E14     6.661940511932682E13     2.712488775323918        0                        5.366979483401778        7.168650706401608E16
0.10160000000000001       0.06430000000000001      5.9041471239846214E10    2.5480219113192852       0                        0                        1.4124791613829666E14    8.838874245286987E10     2.601980289244319        0                        0                        2.871672203984049E14     1.341320836799954E11     2.660462365655073        0                        0                        5.934249230882342E14     6.669651388545442E13     2.7114702232197923       0                        0                        7.124434236399888E16
0.10098717948717947       0.0625515625             1.5778027674523425E11    2.580286523381151        0.5084049661483035       -5.102577005537605       2.979648355951006E14     2.0633439963655234E11    2.6300446054485676       0.5039850693577093       -5.705258515225932       5.262230368027036E14     2.76308107411692E11      2.684341879436438        0.4988270241747366       -6.394461245440643       9.586496940121548E14     6.660741932507207E13     2.7190559225579802       0.03223604267691659      4.88226984377094         7.5104537962804624E16
0.1016                    0.06255156250000002      1.0315983023378844E11    2.563809438171839        0                        -4.381006254076003       1.9861128713029847E14    1.414528552431825E11     2.616585183274204        0                        -4.871502349275782       3.725023714777004E14     1.9778166285305142E11    2.673578132934378        0                        -5.4337347986821225      7.149568118188291E14     6.652945604081664E13     2.7173553681110607       0                        8.07652616925864         7.4149731864283328E16
0.09958644688644684       0.0637171875             1.6790113956879413E11    2.5900029833385148       0.5512131445011901       -5.874370829470876       3.154440861884738E14     2.1826857642945737E11    2.6387483647730394       0.5463279663870366       -6.52008842978074        5.503645744568045E14     2.9049622251074347E11    2.691943718010477        0.5406622449321259       -7.255455478347859       9.908069458003909E14     6.660273781861654E13     2.7198058385771264       0.032219623108688644     5.400085501152695        7.5494892576987296E16
0.0995864468864469        0.06430000000000001      1.095776681679565E11     2.5732300971567934       0                        -5.2702313812948045      2.0902341862076534E14    1.490916220584949E11     2.6249822118648516       0                        -5.816067896101258       3.8658334837201006E14    2.0685394473159314E11    2.680857608131983        0                        -6.439020401207991       7.32037397248869E14      6.650721989999349E13     2.718111650076067        0                        8.748810073643071        7.4519267392898032E16
0.10098717948717946       0.06080312500000003      2.4236632697029135E11    2.6484367903958663       0.9227111639174488       -10.825387990218804      4.036112227412072E14     3.060098452891359E11     2.69316243863979         0.913362673990794        -11.642920723120843      6.709608094292219E14     3.949918823578919E11     2.7415128058251623       0.9025029237257681       -12.539904825174535      1.1487426789487295E15    6.66035876283213E13      2.726577883767963        0.03835354975982065      6.329588240179186        7.919440909097888E16
0.1016                    0.060803125000000006     1.3981300952387476E11    2.615258588839777        0                        -10.616252374910161      2.203389899060738E14     1.854205930008079E11     2.6655719239584097       0                        -11.38766688000565       3.9655016438941625E14    2.504884456920008E11     2.7189695348155505       0                        -12.239775037718612      7.280167098913164E14     6.6343545899154484E13    2.722345448164731        0                        9.846248939080784        7.6580894370798752E16
0.09739780219780213       0.0637171875             2.7111681873731766E11    2.6811450732574946       1.0319808408299032       -13.555415929566006      4.683233420988129E14     3.397321962628762E11     2.723724884445545        1.0211939113207362       -14.426746652668102      7.602820147983921E14     4.349039977683517E11     2.7694363630575407       1.0086920936831767       -15.371673654199428      1.2685847731207502E15    6.659806752677369E13     2.7284747014111184       0.0395609468567379       7.157605754525385        8.0217551770002112E16
0.09739780219780218       0.06430000000000001      1.5361392196032135E11    2.6453450232392686       0                        -13.593931062208494      2.4458197242930394E14    2.0182796382304736E11    2.6939062643662557       0                        -14.438193451025374      4.3069327247278644E14    2.6999564210844754E11    2.745034251040511        0                        -15.359612696284053      7.721674018194781E14     6.629295752988649E13     2.7243736913900394       0                        10.950822895265736       7.7602127219203744E16
0.10098717948717947       0.05847187500000001      3.5248475762520374E11    2.747050711130403        1.3890034541624594       -19.61346483343703       6.007015334782012E14     4.352003211312777E11     2.7862506083198357       1.3727779202029846       -20.50708093538481       9.482376888684001E14     5.4827795440227E11       2.8276347902338075       1.3540120016428048       -21.43404538771158       1.5331494499933788E15    6.654912221041024E13     2.7339853581727724       0.04690285809422014      8.14094508510997         8.3278837765492992E16
0.1016                    0.058471875000000006     1.791974950620559E11     2.69647151522883         0                        -20.244146084914423      2.5196618993907122E14    2.3249450731735022E11    2.7441779170742553       0                        -21.176934260867988      4.4007381634880556E14    3.068400290125248E11     2.7933229852685875       0                        -22.16023682609883       7.782201241164374E14     6.613281775491143E13     2.7315210540161874       0                        12.290493056133453       8.14234710854636E16
0.0944212454212454        0.06371718750000001      4.063249073341114E11     2.79841548442609         1.5665590815675654       -25.396862957990358      8.06314687660949E14      4.9801930052730035E11    2.8348179402296925       1.5476732258331798       -26.28831781625969       1.2363102757969852E15    6.22250298150723E11      2.87269745002708         1.525472863586979        -27.182090687351955      1.9356305871441895E15    6.6556101697379164E13    2.7372847377842326       0.04990177670061761      9.453131564163474        8.5164054426463648E16
0.09442124542124541       0.06430000000000001      2.0008136295144452E11    2.74463209407513         0                        -26.51290817600662       3.122202619359759E14     2.572891868514663E11     2.790138512559865        0                        -27.46418192122233       5.307460200524069E14     3.3635782740086993E11    2.8363122561437484       0                        -28.433921653043647      9.10891019612841E14      6.605251472666914E13     2.734684450791291        0                        14.110212454041168       8.307984943947744E16
0.10098717948717947       0.05555781250000003      4.848208501239521E11     2.840664544171244        1.8714845886059503       -30.889826829937384      1.028467922805038E15     5.891639243911406E11     2.874618286357606        1.8466206526461728       -31.6913985756925        1.540610475719701E15     7.295573294023717E11     2.9095410994263595       1.8180128810818177       -32.45617182286406       2.3550765154953415E15    6.6532641304645445E13    2.74645193522739         0.05787540162057189      10.573980464281158       9.0807997202014688E16
0.1016                    0.05555781250000001      2.1805173573689465E11    2.776919044925479        0                        -32.749879113410955      3.264697604566748E14     2.7895033890692554E11    2.821704947338091        0                        -33.67053086470792       5.530929783213354E14     3.626604366105454E11     2.866434875022482        0                        -34.58160115156468       9.437197209993866E14     6.583112897431383E13     2.741212892438152        0                        15.592731189523628       8.671988403955136E16
0.09065677655677654       0.06371718749999998      5.639811327351832E11     2.890586362447922        2.0890318016240874       -39.7851908508702        1.466504909664796E15     6.808826390910416E11     2.921252233010209        2.0601354635361413       -40.45616724872126       2.128230918795033E15     8.369642885991101E11     2.9522565056669587       2.0267670497090133       -41.04374680397336       3.144415378749852E15     6.657121109806176E13     2.7504915193923165       0.06257178648243122      12.44702533093069        9.335498951556984E16
0.09065677655677656       0.06430000000000001      2.4392718905708505E11    2.824230787939502        0                        -42.41973196245079       4.320374399717162E14     3.0954878623515814E11    2.866349558300496        0                        -43.223266550234314      7.096879498508078E14     3.990218817189679E11     2.907699769137512        0                        -43.96811947324071       1.1721223342928795E15    6.574410272096257E13     2.745342871058543        0                        18.17848374628531        8.9062553366845904E16
0.10098717948717946       0.052060937500000015     6.340071977883842E11     2.907076117766933        2.337390633409391        -43.39915945337568       1.694857983412583E15     7.625674273180903E11     2.9357292794264582       2.3042285158121385       -43.95842263110608       2.4137644530614975E15    9.336400151537052E11     2.96455367549071         2.2661228399977147       -44.40603561820876       3.502528692881783E15     6.646797382353352E13     2.7591213132560513       0.07179301868170955      13.873885853553965       9.909260321962544E16
0.1016                    0.05206093750000001      2.5386844320145676E11    2.832430281884289        0                        -46.85215434087773       4.263706816049232E14     3.215805102911396E11     2.873988493763693        0                        -47.60884764094543       6.963350566728018E14     4.137241804866074E11     2.914520954925564        0                        -48.28624697691798       1.1438487941759608E15    6.549916690057277E13     2.755366453903168        0                        20.024064786411973       9.5339337373429824E16
0.0861043956043956        0.06371718750000001      7.22095891238099E11      2.9424463046498115       2.526592869297777        -53.68833593320081       2.1985687112659768E15    8.63406774521933E11      2.968055405753137        2.48775810147771         -53.95608786907073       3.0641207290226455E15    1.0502566241379363E12    2.993484719176871        2.443286571761708        -54.057219760537265      4.3454441965766235E15    6.654068441769534E13     2.7624561305546194       0.07623903855308153      15.896249130667481       1.01459594474914096E17
0.08610439560439562       0.06430000000000001      2.806855140934528E11     2.8679920563534913       0                        -58.06544727302696       5.378298692297811E14     3.531551798819058E11     2.9066900544289465       0                        -58.521825341434365      8.57838018521643E14      4.511532889431538E11     2.9439432867757342       0                        -58.84013647188404       1.374716495556164E15     6.545144142339096E13     2.7585956160266196       0                        22.81574054666668        9.7360132626330432E16
0.10098717948717947       0.04798125               7.905989078045702E11     2.9457766107281547       2.7609815271502414       -55.68920009909923       2.378516164728378E15     9.427390454244999E11     2.9697984074594435       2.7192153001741692       -55.87815374180684       3.2599060423972025E15    1.1435820859679458E12    2.9936471867914505       2.671498597584184        -55.880568182517905      4.551537127638249E15     6.644532277647602E13     2.7775430998049555       0.0883596557499706       18.16162753881683        1.12711699426502032E17
0.1016                    0.04798125000000001      2.8534765026128204E11    2.8650620890126315       0                        -61.04373653854043       5.058247504280388E14     3.5895172619158417E11    2.9030905361053727       0                        -61.485137366534715      8.008401431671602E14     4.584916408313461E11     2.9395799735797308       0                        -61.78103216578836       1.2756910276344885E15    6.50864971782813E13      2.770739499223098        0                        25.686821147938126       1.05668392291553984E17
0.08076410256410256       0.06371718750000001      8.459325189910062E11     2.9654856223227455       2.8196974328677786       -63.91951847387618       2.712029634918809E15     1.0052542159722628E12    2.9878974824224294       2.7742953213577564       -63.81611465341555       3.699860755843393E15     1.2151581752412441E12    3.009961116576864        2.7234370143940474       -63.51603523423324       5.137195721296596E15     6.65531562114899E13      2.7764233355929253       0.08819219887582587      19.126303384931305       1.11889770301920224E17
0.08076410256410256       0.06430000000000001      3.0662242680744434E11    2.8870258165728586       0                        -69.81600464238784       5.958780859973684E14     3.839814792743423E11     2.923218514737612        0                        -69.94101603996836       9.360088886974499E14     4.881751135709028E11     2.95766125281111         0                        -69.90169977151481       1.4776480241632952E15    6.517053919128187E13     2.7700149520874593       0                        27.138897288131766       1.05125215847553888E17
0.10098717948717945       0.04331875               9.446057852248234E11     2.965414711874541        3.134106373191644        -66.6065672033352        2.9680574548083955E15    1.1202229620152593E12    2.985628248614063        3.0856273355697836       -66.36517652070664       3.9679533692670825E15    1.3515366447789175E12    3.0054707271264243       3.0320539201309225       -65.91865271146324       5.404056465811131E15     6.643123996366853E13     2.7962209181678723       0.1097494614178147       23.854559921200707       1.28423254412573696E17
0.1016                    0.04331875               3.104765820371574E11     2.878334335240896        0                        -74.0821843740504        5.462083408788347E14     3.8859755418347235E11    2.9137358337687416       0                        -74.16073491617888       8.486041190383752E14     4.937909028155712E11     2.9472765026044017       0                        -74.08755247204638       1.3262809135628795E15    6.466383968819684E13     2.790598711197297        0                        33.23040152642135        1.20877108322734864E17
0.07463589743589742       0.06371718750000002      8.93714892658713E11      2.971017638463696        2.9162710049940226       -67.62520108766768       2.889329115065964E15     1.0609754198825878E12    2.992588268553861        2.8693781316697855       -67.40851698883196       3.923407787955698E15     1.281232005515029E12     3.0138076313503914       2.8172202252535263       -66.98739068818115       5.424223191618676E15     6.648626105459001E13     2.784244030430556        0.09451853656203774      21.0359267543173         1.17945806355702576E17
0.07463589743589744       0.06430000000000001      3.163366259084522E11     2.890849289262475        0                        -74.10886311524288       6.108292286457496E14     3.957026585391628E11     2.9265483628042674       0                        -74.14765037438245       9.565002156406772E14     5.025020662933638E11     2.9604859887509805       0                        -74.01913956563459       1.5055625705956545E15    6.501500660251955E13     2.779284705721292        0                        29.629113775090037       1.1184335909524736E17
0.10098717948717949       0.03923906250000001      1.0628120010818864E12    2.973939503017349        3.4003280913697034       -74.46975040387954       3.42093527105924E15      1.2551675342146553E12    2.9917264872721705       3.3472714193627935       -73.84786093433763       4.502928956459278E15     1.5071903279218472E12    3.0090955937804824       3.287668448475915        -72.96207049360402       6.033904487595983E15     6.644670266253144E13     2.8155534436477545       0.1271005117623372       29.135886093348855       1.46820626410214688E17
0.1016                    0.039239062500000005     3.274779051633894E11     2.886046259377129        0                        -83.68644490837711       5.800097519478841E14     4.085277690421037E11     2.9190325513203663       0                        -83.42476723388859       8.879192942848148E14     5.173739213836456E11     2.950098402207295        0                        -82.95430127173066       1.367684876551843E15     6.429924124651136E13     2.8067435712498585       0                        39.88030559984302        1.3470264682477936E17
0.06929560439560441       0.0637171875             8.389526624337673E11     2.9615472673939047       2.777314345999939        -63.136397574904045      2.6356857827267905E15    9.988655409207225E11     2.984925164989906        2.7343376661210965       -63.17466217663822       3.614581977308061E15     1.2098876249858972E12    3.0080564589669363       2.6860158935016356       -63.022491543471325      5.045827900411051E15     6.641772142259226E13     2.7870486316305456       0.09067204256871365      20.33286589679867        1.19914456663546496E17
0.0692956043956044        0.06430000000000001      3.0735276881595E11       2.883362766885795        0                        -68.87608125815686       5.829298707285296E14     3.8547885722951514E11    2.9204179253549603       0                        -69.14961763169308       9.195958705504171E14     4.9087094630791925E11    2.9558538940683885       0                        -69.27078361667694       1.4580836458076258E15    6.499881309511569E13     2.780046021083583        0                        28.59277657207536        1.1224103730509968E17
0.10098717948717945       0.03574218750000002      1.1536862873790342E12    2.97838763424578         3.596333970266725        -79.9884855363898        3.7834820677709725E15    1.3598774705445518E12    2.9944496364490876       3.540258915612299        -79.08192795169933       4.929413859870044E15     1.6289470045903528E12    3.010046975861119        3.476361536319245        -77.86218283014145       6.532108817478969E15     6.6462008268305336E13    2.829155690671864        0.14293553172025417      33.869332104680225       1.61224978672327232E17
0.10159999999999998       0.03574218750000001      3.3830070683337506E11    2.888431882776568        0                        -90.59586397482667       5.997961991155786E14     4.2104876452378394E11    2.9200882791876452       0                        -90.07481638852727       9.102071678773628E14     5.319759849786678E11     2.9497691522859024       0                        -89.29694960742987       1.3892805020795698E15    6.4041291234404086E13    2.8220374485260216       0                        45.98457863381116        1.49290516367302208E17
0.06474322344322345       0.0637171875             7.077890988352292E11     2.927513120476266        2.4292110660666677       -51.82236834718275       1.9516060447110362E15    8.493798753972169E11     2.9549963929459113       2.394684027441251        -52.314562037096835      2.7636801383186715E15    1.0374487028253944E12    2.9825548410121736       2.3554431074362294       -52.674889964874644      3.9854502908407175E15    6.625881454541033E13     2.7808309642536475       0.0794991652578915       17.718871115571595       1.14650700329739392E17
0.06474322344322345       0.0643                   2.820742739280258E11     2.8542093144690943       0                        -55.8822256128702        4.91140966554339E14      3.56024121621092E11      2.894482113626069        0                        -56.57463991923555       7.947737906131704E14     4.5636114563564966E11    2.933607334093492        0                        -57.1708194910278        1.2927676143641242E15    6.513100999938225E13     2.7760827561004944       0                        24.980045717732363       1.09431431123707952E17
0.10098717948717945       0.03282812500000001      1.2217888120674233E12    2.9810402016551207       3.737280520366927        -83.84488170491805       4.0658257613683965E15    1.4374459703923052E12    2.996110731394391        3.679380517218484        -82.74255542331161       5.260696667190551E15     1.7188364316957747E12    3.0107168811707816       3.613947205112658        -81.33135162366048       6.922860705447766E15     6.654198819994216E13     2.8427062313990072       0.15613819630655         37.84294887929128        1.76964056735643264E17
0.10159999999999998       0.032828125000000014     3.4583336091123303E11    2.891386623049186        0                        -95.51265828063963       6.196082923922878E14     4.299128800372835E11     2.9218674147201775       0                        -94.8125420613422        9.332692364299808E14     5.425479567858266E11     2.950351020231768        0                        -93.86302116547247       1.4137539381341328E15    6.383163365745426E13     2.8324463812199214       0                        51.056571890675386       1.59974242942511936E17
0.06097875457875458       0.06371718750000002      5.386244792496493E11     2.8547436462788576       1.9123563572727813       -36.43049873382814       1.1205283593571334E15    6.543374084337544E11     2.8882852760309374       1.8885355639655261       -37.348475954455544      1.6755865547895422E15    8.098820264254482E11     2.922736983613283        1.8612340475604263       -38.22620742257686       2.556936520480482E15     6.616095787245634E13     2.7730384318109005       0.06501487767272471      14.257463056346154       1.0890384993400544E17
0.06097875457875458       0.06430000000000001      2.436804509483121E11     2.7919341961262805       0                        -38.50509563052951       3.597248563538894E14     3.1108230361154785E11    2.836123890019246        0                        -39.542361582082194      6.059012784781162E14     4.0356385567283325E11    2.8802290938524147       0                        -40.569370086927066      1.0284548212888875E15    6.5312256589850266E13    2.766608696807872        0                        20.252174420493777       1.0310840444305408E17
0.10098717948717945       0.030496875000000007     1.2712498620123926E12    2.983042392715433        3.8369002658995877       -86.52849929787368       4.282150587244731E15     1.4946639307640728E12    2.997239147562529        3.7773372858444696       -85.2695432666649        5.512178908678709E15     1.7862294270146572E12    3.0109844111502375       3.7105685926059158       -83.70969531004586       7.216742968321E15        6.657740097755133E13     2.8502800711937866       0.1664189974193071       40.94709578862566        1.86347628465057152E17
0.10159999999999998       0.030496875              3.508998900405474E11     2.8926238460163805       0                        -98.95958537246494       6.31869443643855E14      4.356875954461007E11     2.922458383824117        0                        -98.11238152112983       9.4734310941732E14       5.491940235740387E11     2.950307767400433        0                        -97.02792354327065       1.4285131645553035E15    6.370520720992976E13     2.8422900329649448       0                        55.06665660032135        1.7086646158926992E17
0.058002197802197786      0.06371718750000002      3.711449791817315E11     2.7445422373173587       1.309486787626419        -21.181155907258564      5.937990113001602E14     4.6028329886748975E11    2.7851916678857114       1.2954659816764418       -22.27744924013413       9.519091198973318E14     5.824972813259825E11     2.8281905409939982       1.2793782132757547       -23.426740371672686      1.565001931705209E15     6.6021489613809914E13    2.7610299871085218       0.05001194213419899      10.755411430901068       1.00528062153326304E17
0.0580021978021978        0.06430000000000001      1.9576291579656662E11    2.699223250649532        0                        -21.491752014127016      2.6784047489420794E14    2.5465948485406213E11    2.747502662937158        0                        -22.581795649011298      4.710187457779703E14     3.37003713967639E11      2.7974483432260024       0                        -23.739270881707526      8.403476993319642E14     6.555775923231311E13     2.757356811036335        0                        15.458870918427543       9.7514596904447808E16
0.10098717948717945       0.028748437500000005     1.3057564983151562E12    2.9840453650522605       3.9040806322853197       -88.322300159723         4.427221910344014E15     1.5334042443030825E12    2.997883137319149        3.8433227262925196       -86.95881385026132       5.681744939036835E15     1.8304060299426753E12    3.0112722333303497       3.7753711667781253       -85.29243422951004       7.415956418438303E15     6.665191770308372E13     2.8582825685249933       0.17409722062006153      43.162605821352756       1.96859780206388192E17
0.10159999999999998       0.02874843750000001      3.5427758756711774E11    2.8940977090716538       0                        -101.29267833574545      6.421101035729031E14     4.3975793936389075E11    2.923344957491667        0                        -100.34660303123309      9.593445223334996E14     5.541828286174843E11     2.9505995684481827       0                        -99.16419716579679       1.4415706306076042E15    6.360333747372532E13     2.847149310905956        0                        57.8787014682255         1.76393967295970048E17
0.05581355311355312       0.06371718750000002      2.3223957187229736E11    2.6449788422197527       0.7202501353539262       -9.806976297913408       3.695370582644013E14     2.978774721777217E11     2.693343172106924        0.713843213885938        -10.734701039206183      6.4057340909072E14       3.9059359423150946E11    2.745340280920831        0.7064242264246313       -11.76077258253023       1.142119936617127E15     6.598632801334208E13     2.7525064218549304       0.03783827950422438      7.6991149825998715       9.5044075893652032E16
0.05581355311355311       0.06430000000000001      1.4463707003631186E11    2.622374305662784        0                        -8.911718248101392       2.266015387465706E14     1.9439618298745163E11    2.6746625722513926       0                        -9.709212656117689       4.203498128991061E14     2.660912265622505E11     2.7301622072344958       0                        -10.595043676925702      7.95214858582352E14      6.575048716830525E13     2.7469365978916715       0                        11.520624823638974       9.1163672854665552E16
0.10098717948717945       0.027582812500000022     1.3268172383667856E12    2.9849337323802883       3.945107732901296        -89.4299210877266        4.52459919620492E15      1.5582027239080066E12    2.9983394667860193       3.8837072436448627       -88.00211683650318       5.793970333453768E15     1.859966165552597E12     3.0113037061100822       3.815014461109903        -86.27006026202935       7.54536115651769E15      6.668282148084823E13     2.8607602316321423       0.1792849192347099       44.67228178718405        2.00212883180402464E17
0.10159999999999998       0.02758281250000001      3.563697699451065E11     2.8945829576475472       0                        -102.69158714546154      6.47355050616911E14      4.420312425158867E11     2.9236222632796105       0                        -101.6811410484157       9.654568014964885E14     5.566507933269552E11     2.9506799859689665       0                        -100.43085889119213      1.44821898682534E15      6.355488185866229E13     2.8523699459172365       0                        60.02329236640864        1.82684922666675584E17
0.054412820512820516      0.06371718750000002      1.3969120177775082E11    2.601170334780504        0.24801458632716897      -3.893346278846042       2.4909165465401128E14    1.88911374190819E11      2.6547461915494432       0.24621749100731075      -4.446735285121024       4.668893062374764E14     2.609403353504925E11     2.7120837571450656       0.24409873496700174      -5.077935616126619       8.951531115177706E14     6.589284200502721E13     2.743879637873463        0.02816377220169607      6.7961711212130895       8.9427670256023728E16
0.054412820512820516      0.06430000000000002      1.0153256322895428E11    2.5952475048497177       0                        -2.2246393179992014      1.896962396914132E14     1.4336881371868906E11    2.6499520118807807       0                        -2.543663474492088       3.714834368908308E14     2.0588277792844626E11    2.7082994095333017       0                        -2.90901082606032        7.398984511266724E14     6.593071195022716E13     2.7412240724613617       0                        6.493399028151611        8.7837463174028496E16
0.1009871794871795        0.027000000000000014     1.3371386832857117E12    2.985094054241337        3.9643990531494806       -89.95945329695158       4.565631308500519E15     1.5693476850863035E12    2.9985018604576443       3.902793634102952        -88.49326226576642       5.843022999573961E15     1.8720684230020166E12    3.011465216493062        3.833759523589701        -86.72100826620694       7.604198702884204E15     6.67042271490356E13      2.8641828864555743       0.18190374653949787      45.349498689165436       2.04954065620547648E17
0.10160000000000001       0.027000000000000007     3.57334076177668E11      2.8951406468155176       0                        -103.43262051629378      6.509291425920845E14     4.433376164659702E11     2.9239063934457548       0                        -102.39494068831287      9.695586262201291E14     5.584296552512283E11     2.9506881377557557       0                        -101.11516954525248      1.4525438909936785E15    6.353646594167911E13     2.8529285325566716       0                        60.82870642633645        1.83304837695376E17
0.0538                    0.06371718750000001      1.0049337630371092E11    2.594745736796734        0                        -2.072951354671419       1.8816987261580694E14    1.4217304933172104E11    2.6495619697830497       0                        -2.3747443761472598      3.6939753509975994E14    2.04511798435194E11      2.708006542044551        0                        -2.720345020199801       7.372392036312815E14     6.593549776107859E13     2.741262561191945        0                        5.936560907016326        8.786937330049576E16
0.0538                    0.06430000000000001      7.972321877997838E10     2.59375628823119         0                        0                        1.5807722041032238E14    1.175735831635628E11     2.6485931278049972       0                        0                        3.218968417825368E14     1.7552111633783353E11    2.707079507565115        0                        0                        6.635248538378938E14     6.597614176704836E13     2.7367031506794874       0                        0                        8.506589040577008E16
0.10098717948717945       0.026448979591836744     1.346388221672934E12     2.9855391837166128       3.9819130708843313       -90.4384161328228        4.609981326368624E15     1.5807284072512002E12    2.9986739609353026       3.9201430925683907       -88.95002949914984       5.893336792517991E15     1.8861233878827004E12    3.0113700284236393       3.850793858777633        -87.1542763119063        7.660889781722045E15     6.676065459410891E13     2.8648367915114292       0.18422632155019203      45.93955193442105        2.05978075190701632E17
0.10159999999999998       0.02644897959183674      3.582158959356461E11     2.8953094863100532       0                        -104.0267362055146       6.529480313613551E14     4.441629546955642E11     2.924075438977699        0                        -102.96848278769184      9.720547811892442E14     5.591449667706725E11     2.9508608396942546       0                        -101.6625089033108       1.4555363127462278E15    6.347989563156633E13     2.855729655463597        0                        61.523152022120414       1.86719460286730624E17
0.0538                    0.06255156250000002      1.3833307350278082E11    2.615520649741756        0                        -7.624729782607242       2.2350447881374222E14    1.8701721381412906E11    2.6684860470522116       0                        -8.352095137756859       4.1802959076257306E14    2.574950240435632E11     2.7247412857946975       0                        -9.162388804193732       7.970274184910474E14     6.575793827785676E13     2.7462263983753488       0                        10.593094583941358       9.077804746984952E16
0.054412820512820516      0.06255156250000002      2.212366892643641E11     2.637171890249845        0.6767784491902304       -8.678441361991581       3.5845437441568294E14    2.8503972646125433E11    2.686350816057262        0.6709365082488714       -9.558353336935944       6.270911835122145E14     3.75501952521726E11      2.739231560065847        0.6641338437644559       -10.535193354961677      1.1279462672622098E15    6.598412339887016E13     2.7522341422946983       0.03775229156668345      6.985150629060431        9.4918473336253392E16
0.10098717948717947       0.0258061224489796       1.3565368235966177E12    2.9857262736053913       4.001475283465241        -90.97295258140825       4.651479985087537E15     1.5916375279419377E12    2.99887241924583         3.9395117291841997       -89.45521139771421       5.943202095695032E15     1.897902333222029E12     3.0115774533728774       3.869840155179156        -87.62844623822913       7.721123879108006E15     6.671384864976395E13     2.8676168013175043       0.18675261920191477      46.699266993650966       2.09711638906188224E17
0.1016                    0.0258061224489796       3.5925506135593384E11    2.895791049731602        0                        -104.6853202336159       6.564194666757682E14     4.455854719620232E11     2.9242773132538176       0                        -103.59942215913622      9.759770356027426E14     5.610982470111035E11     2.9507809384770507       0                        -102.26060218867784      1.4595590659714822E15    6.35162957174348E13      2.85691617732947         0                        62.63047775718284        1.883153184639304E17
0.0538                    0.060803125000000006     1.8576274763760367E11    2.679536037694601        0                        -18.219266753230137      2.636961938405976E14     2.4301019294722644E11    2.7289180044900445       0                        -19.258702759753795      4.690189080585287E14     3.2347863232645905E11    2.7803335038693984       0                        -20.372483495036203      8.472113121125662E14     6.557131244761912E13     2.7580754349069494       0                        14.22700000596155        9.8280001911023264E16
0.0544128205128205        0.06080312500000001      3.4767551483431274E11    2.7226772133800927       1.2264351540966454       -18.01273770058861       5.596694643992546E14     4.331374356096735E11     2.7647568678828502       1.2138715527497403       -19.084365822578093      9.088144930896725E14     5.508815391305165E11     2.8095362986957753       1.199458369102422        -20.219085863724864      1.5151796917526775E15    6.597956915752629E13     2.7612854779261355       0.04910212722995726      9.818675390501804        1.00903501341386272E17
0.10098717948717945       0.025071428571428578     1.3683072372008906E12    2.9861994296117356       4.0226707611187695       -91.51936779755245       4.705858027571409E15     1.6059235956416675E12    2.999050218698904        3.9604136902821403       -89.96741400623225       6.005027986348825E15     1.9154753827053777E12    3.011464135846185        3.8904721621752234       -88.10547747172855       7.791418966853318E15     6.6829551153931664E13    2.869426959008186        0.18934709845612535      47.4589400921119         2.12618191177552704E17
0.10159999999999998       0.025071428571428578     3.6022328114595135E11    2.8960541868374605       0                        -105.43957500185421      6.588961916656321E14     4.465020355034701E11     2.9245172438182965       0                        -104.32943343431248      9.789994311838785E14     5.61905319623045E11      2.951000594050254        0                        -102.9695576134622       1.4631074408321705E15    6.340350571961915E13     2.859523345670271        0                        63.53727529053963        1.91373442867113632E17
0.0538                    0.058471875000000006     2.3601192236942935E11    2.7711385318027615       0                        -34.29883552917968       3.4943518744020256E14    3.024140485141168E11     2.8165002158713013       0                        -35.363322865362505      5.951342697672406E14     3.9386548807484656E11    2.8621987588614615       0                        -36.43555936774233       1.0224984112626122E15    6.523631154431572E13     2.771100438786368        0                        19.40722785496284        1.06861429472681152E17
0.0544128205128205        0.05847187500000001      5.181653353705184E11     2.833883674370981        1.843370676406067        -31.99070439377804       1.0401727998223285E15    6.310589851179608E11     2.8688099418084354       1.8213152925516294       -32.94819967756649       1.5759057523234652E15    7.832983821222786E11     2.9050201354416356       1.7961101845428835       -33.88305461735246       2.4393060643722935E15    6.6077382084930086E13    2.7786671883714344       0.06507119969713375      13.73669639545378        1.13650547708396416E17
0.10098717948717943       0.024244897959183682     1.379819908285843E12     2.9864718491473017       4.045024042121396        -92.12090046492031       4.755050132042977E15     1.6182840957974905E12    2.999314514218877        3.9824236744220594       -90.53606161312663       6.063509700947371E15     1.9289738547893115E12    3.0117169418562497       3.91226602310391         -88.64133973918803       7.861860328256011E15     6.673811843696011E13     2.8720545300592177       0.19214222388945448      48.3175850666666         2.1604968482554384E17
0.10159999999999998       0.02424489795918368      3.614625203720085E11     2.896552981901991        0                        -106.19806663906913      6.626895334322502E14     4.4817047496604236E11    2.924722783975905        0                        -105.05137385432042      9.833071254492431E14     5.641692751818539E11     2.9509086163358575       0                        -103.65837551384679      1.4675542605907282E15    6.347704179298005E13     2.8615357652503794       0                        64.67130856138459        1.94240726437835424E17
0.0538                    0.055557812500000005     2.8648577283224475E11    2.853803294501848        0                        -55.048522855122656      5.173237163113713E14     3.619531851804627E11     2.894851583001575        0                        -55.81890908261695       8.42280320109666E14      4.6442698249816016E11    2.9349571817696716       0                        -56.49789326828942       1.3786806232871055E15    6.490121796414389E13     2.7934797847060544       0                        27.00014573951059        1.23994711141380256E17
0.054412820512820516      0.055557812500000046     7.328431896580891E11     2.9297931345942123       2.476322913615422        -49.76082988936969       2.0943318453429225E15    8.797804775990559E11     2.9577575140821786       2.443862879304151        -50.304436129160074      2.97857555684247E15      1.0750325082309698E12    2.9860131585858243       2.4067599097589834       -50.715056634578225      4.3160466129314725E15    6.611362888662174E13     2.7982289294944196       0.08673001865319241      19.51375520319607        1.29783494456661456E17
0.10098717948717945       0.023326530612244902     1.3928634868549749E12    2.9869045768330236       4.067966561063475        -92.72730736913078       4.812896793121425E15     1.6340540507664968E12    2.999445960610404        4.005012924729025        -91.10748326822932       6.129262714043806E15     1.9483765140961882E12    3.011550378074996        3.934627957937228        -89.17695401433862       7.936867987163388E15     6.68924322026213E13      2.874463328884929        0.19519884608938692      49.2120948213212         2.20086068422461472E17
0.10159999999999998       0.023326530612244902     3.624811839879058E11     2.896895075993508        0                        -107.00014262459965      6.655991126607575E14     4.4914366023443713E11    2.925026045433968        0                        -105.8234461413596       9.868564057116322E14     5.650378542241385E11     2.951174682881874        0                        -104.40638050474934      1.4717095497316842E15    6.3334381304188805E13    2.8640930592510703       0                        65.788164450186          1.97198009910596256E17
0.0538                    0.0520609375             3.3627442306188654E11    2.9086104839205533       0                        -79.268922546762         7.276113710654386E14     4.207954332370408E11     2.9454365443375186       0                        -79.40668790938756       1.1400158461571932E15    5.345408439409935E11     2.980574623421009        0                        -79.36077234522926       1.7938907548218222E15    6.443224480611795E13     2.8200027377967087       0                        38.29058072392043        1.48353034129455616E17
0.054412820512820516      0.052060937499999994     9.958705706202126E11     2.9946974512504734       3.0896159017003346       -70.02838596959508       3.7157471531579025E15    1.1820464519173232E12    3.0167352385450688       3.0460739982288962       -69.85634360546658       5.033453128128144E15     1.427010697214146E12     3.0385168990373144       2.9969468861571893       -69.45290929183068       6.938420825649501E15     6.63198932431593E13      2.830330927408712        0.11569161861132575      28.30429818168767        1.62323235759971872E17
0.10098717948717945       0.022316326530612246     1.4048146799163188E12    2.987210497639529        4.090877719137991        -93.33498960576867       4.865380786325656E15     1.6468991999364004E12    2.9997420399639054       4.02759417191343         -91.6810770212931        6.191600965043943E15     1.962353565646514E12     3.0118335254494073       3.9569053431301606       -89.71480247388313       8.011638351718269E15     6.679267868024876E13     2.877099057817674        0.19859486027977533      50.17504274956915        2.23575822906616512E17
0.10159999999999998       0.02231632653061225      3.6376887297270245E11    2.897357013511937        0                        -107.79092045397034      6.692783848244571E14     4.5087375413958746E11    2.9251955948987485       0                        -106.58057630661395      9.90991351256646E14      5.67384897345131E11      2.9510467703743783       0                        -105.13062353649033      1.475913849552151E15     6.342670748684928E13     2.866475876644946        0                        67.06828182828804        2.00737255631879104E17
0.0538                    0.04798125               3.8912350546569635E11    2.9487593382010777       0                        -107.21574660588149      9.83019420522849E14      4.829900664782931E11     2.9812660537030173       0                        -106.33587477148845      1.4942032416549962E15    6.083998327092864E11     3.0117462780486246       0                        -105.14918952228939      2.280465625289007E15     6.405422788736267E13     2.8619242102067495       0                        55.46593548558683        1.98845231380212064E17
0.054412820512820516      0.04798125000000001      1.3177608819524824E12    3.038314709616744        3.676385765930596        -92.56899711823854       5.914229135320179E15     1.5509329260915305E12    3.055152728724781        3.6216057043543497       -91.31966409393564       7.744641695830973E15     1.8548759922502747E12    3.071529005888342        3.5595397471272596       -89.71006322005505       1.0309287643407278E16    6.657094784522236E13     2.8696474573345885       0.15569239624583375      42.09799909338483        2.1432596669079296E17
0.10098717948717947       0.021214285714285724     1.417675154622034E12     2.987565455297061        4.113030810186311        -93.92082652047344       4.920704606057099E15     1.6625004151477422E12    2.9998046501681106       4.049429347964817        -92.23435676096695       6.254306114241274E15     1.981499347379334E12     3.011607441942492        3.9783818063328993       -90.23384255197467       8.08260206716999E15      6.696550158971787E13     2.879659408364728        0.2018020904071302       51.10278725062052        2.28058954814313856E17
0.1016                    0.021214285714285724     3.6475103054111554E11    2.897705157076281        0                        -108.56162486645701      6.721620642301969E14     4.518098445530786E11     2.925506981774511        0                        -107.32131055542025      9.945149618443679E14     5.682142505830605E11     2.951325282385208        0                        -105.8408212055133       1.4800778212711105E15    6.327402474219263E13     2.8689789337545473       0                        68.24459681673646        2.0366623679138032E17
0.0538                    0.04331875               4.492510573095838E11     2.9809619056278036       0                        -141.54221963606412      1.3340441563156095E15    5.542878404745704E11     3.0103083731220686       0                        -139.23076496170415      1.9904017807166308E15    6.939050192412689E11     3.0374655022811017       0                        -136.50689548662143      2.978880672307855E15     6.378565628604516E13     2.9157036153076477       0                        84.15136394785242        2.906703163739001E17
0.054412820512820516      0.04331875000000001      1.7473603402885173E12    3.074867653409939        4.274790944033402        -118.7827935108017       9.439157186513148E15     2.0400103263708855E12    3.087966831376833        4.210014203185597        -116.02775151184278      1.206818240715503E16     2.418970001016499E12     3.1005273859687366       4.137114291981522        -112.79692625972774      1.566803716227362E16     6.758126947708954E13     2.930867072917876        0.2223138016713615       65.05921458485211        3.3158378066900288E17
0.10098717948717945       0.020020408163265318     1.4285528574047983E12    2.987822086049226        4.13364397969017         -94.46572015200812       4.96826495701949E15      1.6741143467158586E12    3.000069157031765        4.069766845636688        -92.74913266360454       6.310897118712553E15     1.9940059733166196E12    3.011877530139437        3.9984149675892118       -90.71734637994959       8.150540359843028E15     6.685680256433929E13     2.882172240946487        0.20505802961396852      52.03031473123812        2.31445971411569824E17
0.10159999999999998       0.02002040816326531      3.659339773936678E11     2.89808092514216         0                        -109.27630318160915      6.7531041014772E14       4.534186819097625E11     2.925611160798599        0                        -108.00763528991953      9.979828895273609E14     5.704226880457456E11     2.951152422809066        0                        -106.49808395259207      1.4834859710315748E15    6.337715589951573E13     2.871354491828505        0                        69.47633473355901        2.07346030806887648E17
0.0538                    0.039239062500000005     5.17294991084454E11      3.0200788783279577       0                        -181.19544707294875      1.9169069872491412E15    6.344695791271447E11     3.0462568029848036       0                        -176.8761995356661       2.8023552807658315E15    7.894140878511693E11     3.0701639015895243       0                        -172.00731221989506      4.106532601611763E15     6.418611405805145E13     2.978966331117147        0                        117.97216895122347       4.4804336713992013E17
0.0544128205128205        0.03923906250000001      2.259561446535656E12     3.110984813449095        4.821703346274566        -147.4782135181656       1.5062888784675466E16    2.622148812625395E12     3.121170484826835        4.747905317498247        -142.7125594355797       1.8893025106340576E16    3.0885059759352925E12    3.1308046063478607       4.664668191996503        -137.33746957742656      2.4034639321017932E16    6.9217287789816664E13    2.9914791605561786       0.30848908540208847      92.48883569520558        5.0452584675466048E17
0.10098717948717945       0.01873469387755103      1.43942298174975E12      2.9880511752677386       4.151826099334196        -94.9437989092491        5.012842157658158E15     1.6874732143659214E12    3.000034647685977        4.087712044700834        -93.20153652986494       6.361008355721626E15     2.0106017046993406E12    3.011583249248205        4.0161032638966825       -91.14329628855904       8.206736359650073E15     6.703249622838174E13     2.8845240371083283       0.20784746059126621      52.873212093447435       2.35753331437422592E17
0.10159999999999997       0.018734693877551025     3.6673780634545715E11    2.898340230771451        0                        -109.90882859584136      6.77504800225826E14      4.5415640690015094E11    2.9258582316237183       0                        -108.6164305494913       1.00065535824776E15      5.710279167519907E11     2.9513931569665353       0                        -107.08304876644024      1.486650038319423E15     6.322628787436385E13     2.8735981164441555       0                        70.54462151363396        2.10016822529495264E17
0.0538                    0.0357421875             5.964615940464888E11     3.06161752951711         0                        -230.1975513479035       2.8220968465057255E15    7.279843628574735E11     3.0854099674649773       0                        -223.1358930230188       4.0602492450904765E15    9.011506145037965E11     3.1068843261486125       0                        -215.3679686672446       5.849346906206537E15     6.516874975602727E13     3.0379852902775526       0                        150.0559898670267        6.514870025615607E17
0.054412820512820516      0.0357421875             2.929620701066268E12     3.1506312286007336       5.379295232519368        -180.02749974297012      2.4511591232930216E16    3.379294206853042E12     3.158795927571216        5.298883645383049        -172.59783978895865      3.02628927562377E16      3.9541989783464067E12    3.166375454548099        5.2078364407034785       -164.3919340975505       3.784867126008888E16     7.195893599745094E13     3.058168426597516        0.4139062885577842       118.00002538505272       7.781390354819977E17
0.10098717948717945       0.017357142857142856     1.447228236743977E12     2.9881692730621503       4.166627655261809        -95.33143042072348       5.044971968346561E15     1.695580189725774E12     3.0002004793452386       4.102346638489934        -93.56888165026294       6.399603461298802E15     2.019056238119383E12     3.0117947971101344       4.0305591849360995       -91.48975725750631       8.253613621015139E15     6.691560842994744E13     2.8866143176169303       0.2105121927118196       53.654599369885716       2.38588193653158368E17
0.10159999999999998       0.01735714285714286      3.67643338774628E11      2.8985508196361263       0                        -110.42177697600147      6.794922000907185E14     4.5544142352473505E11    2.9258425861575383       0                        -109.11137691736924      1.0026940735477776E15    5.728568959236592E11     2.951144817097172        0                        -107.5598969480333       1.488363024168322E15     6.333890841435424E13     2.8756084502038273       0                        71.57326403822785        2.13296009313456192E17
0.0538                    0.032828125              6.949208345536707E11     3.114183462420575        0                        -293.9046850202585       4.2980123127716185E15    8.429859769765619E11     3.1348837628115476       0                        -282.52641306227076      6.0608990969143E15       1.0369273190224694E12    3.1531548980109974       0                        -270.24896334802344      8.555517941934287E15     6.718397301258142E13     3.099918657726754        0                        171.01439174417283       9.2647569484079027E17
0.054412820512820516      0.032828125              3.8700435156839404E12    3.1959673296966598       6.008511240218789        -215.3960112170958       4.18019527102218E16      4.439631893501047E12     3.201819635376612        5.920625586031338        -204.0723602432609       5.0731481508728016E16    5.162602082850943E12     3.207074934079567        5.820303223541939        -191.86265982679026      6.2296771070700112E16    7.595888913800811E13     3.1157920964958397       0.5560233164319502       131.7265341757345        1.0976093985301207E18
0.10098717948717949       -0.0373                  7.514924394409125E10     2.551559483836303        0                        -1.230723022849899       1.9221017530302244E14    1.0794804230645973E11    2.6056957537493317       0                        -1.4332814430355056      3.745801309273726E14     1.5794834375611896E11    2.6644930993275673       0                        -1.6730848306673702      7.456737098605788E14     6.642349476430271E13     2.719353665892279        0                        5.613502569044752        7.533882145812176E16
0.10160000000000001       -0.0373                  5.876928464583939E10     2.5503781056845316       0                        0                        1.5938273514479038E14    8.823613714560187E10     2.604597816330109        0                        0                        3.2281883620620425E14    1.3431708833586372E11    2.6634988054533726       0                        0                        6.649605799055548E14     6.657778487974275E13     2.7188362256390053       0                        0                        7.5229150096172592E16
0.10098717948717945       -0.036717187499999984    1.01434851805101E11      2.555727739285957        0.18271244143371457      -2.1882359749850773      2.4622357697421028E14    1.3960227140635455E11    2.609059065074592        0.1815977478786982       -2.546595878498167       4.6012463652250044E14    1.965719314921254E11     2.6671471862746077       0.18027947212214504      -2.9693094614637237      8.83301994103402E14      6.649022024842313E13     2.724108071261072        0.026373889387545757     5.709277949687575        7.8048258552425184E16
0.1016                    -0.0367171875            7.419292099844746E10     2.5507659005775825       0                        -1.152577836625785       1.8986919909789578E14    1.06824895738814E11      2.6050631156559643       0                        -1.3458075721919371      3.710912151362222E14     1.5663075872582217E11    2.6640091974232356       0                        -1.574696956758027       7.405859512765146E14     6.642389508585716E13     2.719184998975037        0                        5.154218314042234        7.5246018902218592E16
0.10098717948717945       0.01588775510204082      1.4538613379301616E12    2.9882017252947946       4.1770062161255135       -95.59903771924103       5.068005627328336E15     1.704129985454761E12     3.000021784552498        4.112633504939272        -93.82402614452255       6.424589749319953E15     2.030120174242415E12     3.011408641661155        4.040748124099954        -91.73205737502289       8.280374523594358E15     6.708666360224527E13     2.8883736957184682       0.21242279185090976      54.28673276389876        2.42026855520054432E17
0.10159999999999998       0.01588775510204082      3.6808777222903046E11    2.8986122515113104       0                        -110.78058084838767      6.802108378160981E14     4.5577150876778125E11    2.925944374730144        0                        -109.45904663270271      1.0035461211109576E15    5.729932434333864E11     2.9512944956097096       0                        -107.89652108987981      1.4893634144565025E15    6.319726084713464E13     2.8772599893384565       0                        72.36879392030232        2.1524901987622112E17
0.0538                    0.030496875              8.146450526376671E11     3.1718378634366164       0                        -374.4608135577814       7.009681946255667E15     9.816928979607716E11     3.189285597769911        0                        -355.960140266907        9.638819266033858E15     1.199417116879411E12     3.204267215639209        0                        -336.49827979482643      1.3262547751850074E16    6.971606664014929E13     3.1497713277713193       0                        156.69673462683056       1.17772972250687616E18
0.054412820512820516      0.030496875000000007     5.250323832399385E12     3.2450131932499056       6.756571404339013        -241.57480141403542      7.4517954453114656E16    5.981304150792671E12     3.2486268246595884       6.65929451643465         -224.352993820202        8.8634988137037792E16    6.906527266987572E12     3.2516250444447237       6.549307121763799        -206.20084136362303      1.06632456860367072E17   8.23020009059427E13      3.1733007437433534       0.7544419471345688       112.44368702697219       1.51313563495558451E18
0.10098717948717946       -0.03555156250000001     1.5649655872291086E11    2.5816862409927186       0.49797566896419526      -4.9663542819983375      3.311389296802099E14     2.0510842136688995E11    2.6320003430036123       0.4942308976442745       -5.571493975739986       5.832792849866835E14     2.753440528035343E11     2.6869913296348837       0.48985058165520895      -6.267481445560755       1.0598822892016298E15    6.640982588105767E13     2.7268486447647406       0.03304738791777576      5.374451321031514        7.9436759470278832E16
0.1016                    -0.0355515625            1.027040520179673E11     2.565769576539883        0                        -4.265087359928392       2.2298999490441312E14    1.4121816449805026E11    2.6188709023190855       0                        -4.758599589841979       4.16780139415381E14      1.9804666956715363E11    2.676339957447767        0                        -5.327591917355331       7.975984405101476E14     6.640189399296304E13     2.7256135287093435       0                        8.626546594251671        7.8800228600269488E16
0.09958644688644688       -0.0373                  1.0909616566476279E11    2.5750710284748766       0                        -5.131348270672261       2.3443826596558662E14    1.4883582504166745E11    2.6271959311818835       0                        -5.682215420385919       4.3227558095875256E14    2.071033641057782E11     2.6836040992360393       0                        -6.314269679760506       8.165298754748141E14     6.637284633263331E13     2.7264810142668283       0                        9.35623286122316         7.9244475993036704E16
0.09958644688644684       -0.03671718749999999     1.6650974658732224E11    2.5911515697830603       0.5399061093122208       -5.718430864240728       3.499439810040333E14     2.1694471842926614E11    2.6404776623947197       0.5357819976601511       -6.368241094631412       6.090518294906811E14     2.8945160502961755E11    2.69438800171433         0.530955655678374        -7.112416069254745       1.0936767650176952E15    6.640606794729488E13     2.7277811540428445       0.03308090380922272      5.939841517576568        7.995233262234104E16
0.10098717948717945       0.014326530612244903     1.4561888540342605E12    2.988089308023907        4.181864888086696        -95.71897866777796       5.072478318641939E15     1.7059911346336038E12    3.0000221900345956       4.117500609555613        -93.94082391771516       6.430934559515291E15     2.0313563329719219E12    3.01151992854511         4.045629771435804        -91.84563644679426       8.289465024432922E15     6.695670972132566E13     2.8896396214775697       0.21390232985831387      54.76778272170165        2.43626965320955904E17
0.10159999999999997       0.0143265306122449       3.685158152841592E11     2.8985536084482995       0                        -110.94541683716201      6.802501614583431E14     4.5650051795833826E11    2.9257327740363595       0                        -109.62344641465859      1.0031860113971202E15    5.741691904598035E11     2.9509231868967483       0                        -108.06086205568849      1.4882245727803802E15    6.3321698890172414E13    2.8785097543357274       0                        72.99472967490485        2.17505354263277856E17
0.0538                    0.0287484375             9.565827234053339E11     3.236706239828861        0                        -454.47903654247204      1.0863465783014326E16    1.143181724231029E12     3.2490717090169876       0                        -423.37842491922675      1.4530985868839512E16    1.3851950338865222E12    3.2589387569784916       0                        -391.2135197277496       1.9461305097279004E16    7.324359807486872E13     3.2011529014930553       0                        56.9577713434483         1.46865028931210061E18
0.054412820512820516      0.028748437500000005     7.403563579639397E12     3.290675090073079        7.711094479848559        -246.833292621557        1.39349545656738448E17   8.362470691422751E12     3.291832503616786        7.59502312419623         -222.19953748267176      1.61576043849279424E17   9.567780242213883E12     3.2924213331180208       7.463905630925196        -196.90545095016608      1.89369487314899936E17   9.039239462731708E13     3.2167661771105074       1.0086987033833759       24.493288712288606       1.90741315145104333E18
0.10098717948717947       -0.033803125             2.3995358599345584E11    2.648930177056712        0.9041473358124433       -10.54733293926165       4.388007015768828E14     3.038951696872106E11     2.694165388008731        0.8960018342752689       -11.379221148681347      7.291023262698625E14     3.9356203569340466E11    2.743176436803545        0.886544306019989        -12.29806898318403       1.2482280056046442E15    6.64980772980094E13      2.7362393703943138       0.03976408694560962      7.070401975247075        8.4961274144070656E16
0.1016                    -0.033803125             1.3931307254131918E11    2.6161457521293605       0                        -10.34632674358333       2.4328048795133778E14    1.8513901810149072E11    2.6669984822225015       0                        -11.133942299353636      4.36618204390617E14      2.506648189105783E11     2.721098484597164        0                        -12.010092718796354      7.996191455942548E14     6.61349300272646E13      2.730610891709551        0                        10.702388723519395       8.1248430975023408E16
0.0973978021978022        -0.0373                  1.5313693777742688E11    2.6456795656493504       0                        -13.250817414572847      2.6843085472673378E14    2.0163120235989206E11    2.6947963349966573       0                        -14.119324867366732      4.7156069287759106E14    2.7035267685621054E11    2.746651276121635        0                        -15.074407228513587      8.437120304506436E14     6.608381421777161E13     2.733220367718785        0                        11.978332298169398       8.2661129680571952E16
0.09739780219780218       -0.03671718749999999     2.6829351205790237E11    2.68125442065359         1.0111460230239298       -13.21158664819466       5.051630647090385E14     3.3722532179558344E11    2.724398267625411        1.0017390928869059       -14.105189645462703      8.204974795735698E14     4.3312329657462225E11    2.770844604337462        0.9908363633468157       -15.081102454221755      1.3706108864785465E15    6.6487390978660516E13    2.738586794561857        0.04122012040322405      8.042395967041415        8.630542488928432E16
0.10098717948717947       0.012673469387755095     1.456018186594725E12     2.9878453212922413       4.180056404465213        -95.66076021427378       5.061738586609478E15     1.7067974945764797E12    2.9996468019035185       4.115817822489308        -93.88982662011186       6.416615475987613E15     2.0334875683838162E12    3.0110165480794127       4.044088580814522        -91.80208006933289       8.270265384610705E15     6.7113790116033195E13    2.890372475044797        0.21427103859759625      55.02921493293349        2.45383244974867776E17
0.10159999999999998       0.012673469387755104     3.683915163841547E11     2.8983062966465956       0                        -110.8779433395272       6.786740801126145E14     4.561770718258994E11     2.9256111003610843       0                        -109.56381044172814      1.0012170614358404E15    5.735448910899033E11     2.950935668342081        0                        -108.0095206118533       1.4858758699009885E15    6.319399683911901E13     2.879153316861042        0                        73.3036341192309         2.18115830876817504E17
0.0538                    0.0275828125             1.1167902154475447E12    3.3209895348055642       0                        -333.1103235319572       1.9174937680513416E16    1.3219358934962654E12    3.325647393030941        0                        -273.4773328562978       2.4391668738039652E16    1.5872734471086895E12    3.328398659397564        0                        -209.96872674897335      3.1186880585178612E16    7.636767617065325E13     3.237423752183051        0                        -358.2575833549225       1.68152863350779213E18
0.054412820512820516      0.027582812499999998     1.2584063013466828E13    3.321006777023582        9.563173138081067        -383.7923475851633       2.8872981474191174E17    1.4039784300418195E13    3.321090545409328        9.413198612860441        -352.63617699526446      3.2656407760254848E17    1.5851775205112379E13    3.3207075506005963       9.243792715871997        -321.19423392909215      3.7314137017352813E17    1.050704958630075E14     3.2609727739331364       1.465999379310898        -155.2945404744155       2.541620180429313E18
0.10098717948717947       -0.03147187499999999     3.4852059645559534E11    2.746051944724399        1.3618817662026113       -19.144459416486086      6.250339287044872E14     4.3119852501807855E11    2.7861474599867395       1.34743300508126         -20.075168853912867      9.891544493762471E14     5.4451567126634515E11    2.8285582303707804       1.330747423488179        -21.05021066782072       1.603607164438688E15     6.6367539144250914E13    2.7437553694823373       0.04928779616749225      9.237107456746186        8.920814110648464E16
0.1016                    -0.031471874999999996    1.787986486469723E11     2.6964635857529893       0                        -19.760703075685182      2.692646523609076E14     2.3254223111352832E11    2.7447222207018855       0                        -20.733977659864287      4.701441263505551E14     3.0771504453762335E11    2.7945704538013607       0                        -21.76998347545254       8.315980153714819E14     6.599210627581934E13     2.741689393875069        0                        13.598741753179365       8.7588496965098144E16
0.09442124542124541       -0.0373                  1.9975562368340817E11    2.7442085192001455       0                        -25.879130186112835      3.300430819879406E14     2.5747967317713898E11    2.7903874563995          0                        -26.888408370966054      5.617570379323603E14     3.3747676909498553E11    2.837373139581378        0                        -27.93526403830368       9.657980568815384E14     6.5888726751137305E13    2.7458452929125046       0                        15.81345602861619        8.9946198176837232E16
0.09442124542124539       -0.036717187499999984    4.015893221526507E11     2.796748417739143        1.5354858375326417       -24.795217971829523      8.274298449877202E14     4.932670534425023E11     2.8341378074491312       1.5185391707544549       -25.740163236486797      1.2736464967465755E15    6.178559251757341E11     2.8731158529437484       1.49881913884895         -26.704781359834474      2.0019824681120535E15    6.637181855604632E13     2.748233114007242        0.05279049710134641      10.884345988516255       9.1961725126568816E16
0.10098717948717945       0.01111224489795919      1.4510173042971975E12    2.9874610730587228       4.1717889104098775       -95.43397563864816       5.030656106231175E15     1.7002958517725818E12    2.9994603188098496       4.107777405675161        -93.68083860065148       6.381533059415159E15     2.0250473933075684E12    3.0110257850466744       4.036303592832747        -91.61151819483756       8.230844820159036E15     6.696404337386228E13     2.8903842963711748       0.21399474429401122      55.050618882077046       2.44982850136140608E17
0.10159999999999998       0.011112244897959186     3.681860801422626E11     2.8979347972713208       0                        -110.58608990234725      6.763863435729022E14     4.561702987437365E11     2.925179474397493        0                        -109.29186809254958      9.98031545150375E14      5.738555795376245E11     2.950437802353973        0                        -107.758327845315        1.481442083236108E15     6.333417172329433E13     2.8792427845162267       0                        73.3137916677962         2.18707768887866272E17
0.0538                    0.027000000000000007     1.2963506320931326E12    3.365230091047738        0                        -786.852832113309        2.6383075548288592E16    1.51569910315761E12      3.3639968011959795       0                        -700.2875737626551       3.2267611800290444E16    1.7998471360375632E12    3.3617647064786973       0                        -616.1555261261757       3.9862077826624464E16    8.018477482372511E13     3.284580313190182        0                        -1128.7734615492705      2.02161452210897203E18
0.054412820512820516      0.027000000000000014     2.7084603384413883E13    3.337375768307839        12.574536997098484       -270.323677651934        6.9543460753416448E17    2.9765954875980285E13    3.336856411295795        12.367847507802615       -190.52908308918938      7.6951621134086195E17    3.304469648324603E13     3.3359299486262777       12.13384494556646        -105.2680869736821       8.5887543852712525E17    1.2344142120764703E14    3.2792164894549285       2.058121860268079        -602.9801846377306       3.1543294857280927E18
0.10098717948717945       -0.0285578125            4.789520473011897E11     2.8391863840282614       1.83611133947727         -30.211057242585         1.028845204974022E15     5.837906028892401E11     2.873864992623814        1.8136542245917802       -31.081161226510247      1.5500633257962438E15    7.252748485813501E11     2.909626204216223        1.7879109505041801       -31.92858468121084       2.384032257317954E15     6.646276696639217E13     2.758579241180511        0.06123268110578028      12.146803264790952       9.896800864697512E16
0.1016                    -0.0285578125            2.1789048079969843E11    2.7760589354150023       0                        -32.0187790479249        3.351023468160296E14     2.79270228121736E11      2.8215663120313788       0                        -33.0149734056255        5.695044052717208E14     3.637998302697911E11     2.8671503755894543       0                        -34.01910051149481       9.749623261247042E14     6.562032383711015E13     2.7517990351120116       0                        17.471740274011594       9.3379942222675488E16
0.09065677655677655       -0.0373                  2.4395817624717392E11    2.8225407841855827       0                        -41.44272955090395       4.39092759781119E14      3.102447662913863E11     2.8653867330204457       0                        -42.359045882907836      7.241872182360548E14     4.0081905052840076E11    2.9076147427064507       0                        -43.22964377284314       1.2011537678740838E15    6.5512262037818984E13    2.7581018232178782       0                        20.915496326060747       9.7408353003238528E16
0.09065677655677652       -0.03671718749999999     5.565384981842794E11     2.888656175800117        2.0482690963822834       -38.88715698625656       1.4536357059618895E15    6.74019423449582E11      2.920081181018577        2.0221929981998796       -39.66128097559066       2.1232792312253438E15    8.312821605998577E11     2.951975972889052        1.991827140856428        -40.36208918364055       3.1591498144980825E15    6.647821352494099E13     2.7646712551602755       0.0668565818452148       14.756688620331358       1.03208152622074656E17
0.10098717948717947       0.009642857142857146     1.4442342236618628E12    2.987003752552194        4.158229794557538        -95.06439558087574       4.989608870444349E15     1.693538090545206E12     2.9989486845868556       4.094525437462832        -93.33744435274326       6.332028251319303E15     2.0184025441374656E12    3.0104629045089166       4.02339203923869         -91.29514474181246       8.1706054903478E15       6.710427590012602E13     2.8899227831531387       0.21270551112680014      54.861399945053385       2.44699698337772864E17
0.1016                    0.009642857142857144     3.6749111235555707E11    2.8974202509223557       0                        -110.11049468458012      6.728019211041091E14     4.551778405488837E11     2.924876461885898        0                        -108.84266937070181      9.93633333832553E14      5.724372422552131E11     2.9503551671099486       0                        -107.33633709965595      1.4762763517234698E15    6.321720399990953E13     2.8786989115230868       0                        73.03182240863251        2.17665888564900672E17
0.10098717948717947       -0.025060937499999998    6.260767400708014E11     2.904698301146684        2.2960874059347276       -42.52868642138057       1.6572595965817648E15    7.545427426893589E11     2.9343176173352323       2.2658267352674404       -43.193551471979         2.376133181147913E15     9.258698361103761E11     2.964153907196206        2.2309204976424524       -43.759340637169494      3.471284462031483E15     6.632252024366994E13     2.7714617347151607       0.07614197502386166      16.039945927943613       1.07968686782024688E17
0.1016                    -0.025060937499999998    2.539877154298516E11     2.831029989061964        0                        -45.89546559130832       4.271067209404715E14     3.2244695614098376E11    2.8731930549575546       0                        -46.767848230157725      7.006785707712441E14     4.1582468308476624E11    2.914404767842987        0                        -47.575397907105106      1.1563724242998045E15    6.536627103054481E13     2.7680106208017277       0                        22.607880839133728       1.04252644143698064E17
0.08610439560439562       -0.0373                  2.8083700986463214E11    2.864939418530142        0                        -56.70055036958664       5.3167137430905206E14    3.541976425352693E11     2.90435452875491         0                        -57.31874361036846       8.529309908939686E14     4.536568073865225E11     2.9423896733154384       0                        -57.825603613178245      1.3750993625669655E15    6.525453464528098E13     2.7746529620295397       0                        27.08195392410869        1.09230742462912624E17
0.0861043956043956        -0.036717187499999984    7.116974831849666E11     2.9380967156298796       2.4779266902225827       -52.45307274559225       2.1144141990800302E15    8.529461302623734E11     2.9647298604381227       2.442229243001776        -52.86695830749177       2.9690509925593095E15    1.0403211101223765E12    2.991221795990997        2.4015814112543703       -53.137028180980096      4.2427512301976065E15    6.635701213607459E13     2.778551528272969        0.08196684883041822      19.485271868289          1.13696222817358144E17
0.10098717948717946       0.008265306122448975     1.4340291019532544E12    2.9864526499471773       4.140491593327962        -94.58543656601627       4.93474031055127E15      1.6810888503229133E12    2.9986583439385788       4.077162477627337        -92.89063404684472       6.269221898152013E15     2.0030657860201233E12    3.0104310434184693       4.006444757793049        -90.88150875835281       8.098700235440128E15     6.693808856559881E13     2.8888943938179428       0.21105923761941037      54.51379896755684        2.4265003224133312E17
0.10159999999999997       0.008265306122448982     3.668156666838246E11     2.896861302178317        0                        -109.48746104726703      6.690553567467948E14     4.546281042912828E11     2.9243248898854195       0                        -108.25283665673183      9.88729088521781E14      5.72110651200048E11      2.9498054473921496       0                        -106.78069975902196      1.4699298175643765E15    6.337057251022872E13     2.8778642105761585       0                        72.56473566128624        2.16897068730480832E17
0.05304999999999999       0.02644897959183672      1.230480433882613E13     3.3745270311108277       8.869916591879678        -675.4979626238104       3.2446151047582982E17    1.3791267441607736E13    3.374872901462459        8.743861196218885        -633.088328773136        3.7080858795748013E17    1.5645457391812342E13    3.374646456634368        8.600879490893961        -591.0489843732294       4.2793593654583981E17    1.1343746187176027E14    3.329550191174685        1.613612954128532        -431.33317351972937      3.4628902259560141E18
0.0538                    0.026448979591836733     2.3844431915899402E13    3.3643719550916966       11.830728055145908       -810.9784126256711       6.581571361129929E17     2.6293016730773062E13    3.3635996267273596       11.640094413214435       -772.9747277427715       7.3144286814853389E17    2.9297903680624613E13    3.362355556845372        11.424320138184237       -741.0651715967176       8.1998356142061478E17    1.2716949514153922E14    3.3134732372327806       2.0972004341939465       -506.01871759229164      3.654415424661804E18
0.05304999999999999       0.027                    1.3296395976583708E12    3.3309011628854726       0                        -882.7941449274736       2.2118916085397856E16    1.5761391211579385E12    3.3388056772449284       0                        -850.8992048073419       2.8537760124191596E16    1.8942323020947285E12    3.344675395959736        0                        -822.7949382381801       3.6969031288140088E16    8.361454504378581E13     3.311075810960421        0                        -425.4405576764102       2.3285961887447685E18
0.10098717948717945       -0.020981250000000007    7.807685437055481E11     2.9429773840904483       2.7166014582122107       -54.67988274213515       2.3021858315765655E15    9.337203760596337E11     2.9675856125998754       2.6780063977086246       -55.00071833620043       3.172667059859452E15     1.1359696351501484E12    2.9920683922955584       2.633413171084479        -55.13454354693228       4.4551691221759485E15    6.645307698927692E13     2.7922108171481845       0.09448598397885741      21.139474906723688       1.2508809778783288E17
0.1016                    -0.02098125              2.856627481291571E11     2.862697038586593        0                        -59.90920802211269       4.982879116330531E14     3.5996699349362775E11    2.901360914435633        0                        -60.49934811857684       7.924588415455139E14     4.606075713489904E11     2.93855594423195         0                        -60.94771535282342       1.2683529628405142E15    6.4906442446601234E13    2.78372115205867         0                        29.309664066866027       1.15773104845683856E17
0.08076410256410256       -0.0373                  3.068748076731143E11     2.879686389115676        0                        -68.01601982182632       5.65374474130525E14      3.8520030911709735E11    2.916529801646978        0                        -68.3466138236474        8.943947299650051E14     4.9092226599936664E11    2.951691483050588        0                        -68.529738448442         1.4219809099961812E15    6.490243472760892E13     2.7887787245389295       0                        33.93204685423753        1.2062633378993912E17
0.08076410256410255       -0.0367171875            8.315997740915055E11     2.9582020933015793       2.7641025455967423       -62.281600226222835      2.525900220762868E15     9.915060569780227E11     2.981261940785615        2.722222690168261        -62.361664946289835      3.4722847015355435E15    1.2027734863378364E12    3.004022691124093        2.675272075826464        -62.253214065081316      4.860621990416072E15     6.64553148169871E13      2.7968603679260875       0.09625485377108152      24.871143186966073       1.29814422505682416E17
0.10098717948717945       0.006979591836734694     1.4232097678224158E12    2.9858867894671755       4.119607351470429        -94.02146854392159       4.876804423816785E15     1.6696985345306519E12    2.998088618771688        4.056692439424618        -92.36399744743936       6.200191922419733E15     1.9910281551497483E12    3.009860233723835        3.986433575719822        -90.39350234878727       8.0158094273501E15       6.706842777595596E13     2.887674799945382        0.20872195410565106      54.02000354975476        2.41060655245614464E17
0.10159999999999998       0.006979591836734694     3.657634495727535E11     2.8962044456537033       0                        -108.75929024051234      6.643728278476201E14     4.5321174773677234E11    2.9239366479454176       0                        -107.56187939928589      9.830273482972995E14     5.701842319665958E11     2.9496941628519986       0                        -106.12802389125851      1.463298475221467E15     6.325844739814049E13     2.8764970100178777       0                        71.87716527379497        2.14734607906278464E17
0.05230000000000002       0.026448979591836733     1.0779864931179832E13    3.3819386990539453       8.166416652686477        -732.6975867737905       2.76360328120414112E17   1.215477174532569E13     3.383092085066092        8.058071309053396        -691.3825615984808       3.205573655793609E17     1.3876620005102553E13    3.383566538874133        7.935295996532114        -649.5836035507022       3.7542481985286669E17    1.1178239492570292E14    3.3462338473504754       1.5017778813665332       -311.9601948064249       3.6690416284332047E18
0.0523                    0.027                    1.3694356318894414E12    3.3400603314256503       0                        -842.3676843851554       2.2684562798434604E16    1.6271863645318384E12    3.350729081094672        0                        -794.7198420824768       2.9857850033739012E16    1.9596140524354995E12    3.3588566115759946       0                        -747.0450431598274       3.9356637230977392E16    8.448974357217672E13     3.3213555143725966       0                        -265.24818048491215      2.5060911733999473E18
0.10098717948717945       -0.016318750000000007    9.330957733608492E11     2.961418388080444        3.0898191778427466       -65.51121057757912       2.8406677546619805E15    1.108381881829895E12     2.9823612241666337       3.0442415087304693       -65.41505056511474       3.816653033803562E15     1.3396672345687546E12    3.0029398421689386       2.9937775569268354       -65.12507093527425       5.225200377062259E15     6.636874488922147E13     2.81038183534821         0.11659520889868658      27.5490938516851         1.4189550295085872E17
0.1016                    -0.01631875              3.108135954692059E11     2.8750698320532724       0                        -72.83892310326056       5.3145313580280275E14    3.897870153962315E11     2.9108982155503234       0                        -73.08467199328817       8.288562405478882E14     4.963531963958321E11     2.9448958523574436       0                        -73.18940417080117       1.3008410661301315E15    6.458546611958303E13     2.8050443966661684       0                        37.63839151157614        1.34063837849985824E17
0.07463589743589744       -0.0373                  3.172225677858013E11     2.8783526709028435       0                        -72.0150840953018        5.558251763025943E14     3.9785774413282605E11    2.914518205172745        0                        -72.26898508774198       8.793436719729119E14     5.066395660871758E11     2.9489874308779878       0                        -72.35761378926615       1.3983333941353812E15    6.474334042670188E13     2.8019038850972624       0                        39.8060223396898         1.32885472326847312E17
0.0746358974358974        -0.0367171875            8.782838491305715E11     2.9568435421264585       2.8552885716717076       -65.67203775102192       2.554676774816663E15     1.045276326575514E12     2.979230176480561        2.8119139957385966       -65.64444847284955       3.5047663116981935E15    1.2655726692082893E12    3.001288416513648        2.763268814277235        -65.4105234566453        4.8951220253616E15       6.624437414186152E13     2.8071721168373913       0.10463654724856426      29.69565518923998        1.39963821757325536E17
0.10098717948717943       0.005785714285714292     1.410260002684493E12     2.985254843987465        4.096545472632924        -93.40272366682504       4.810418383334582E15     1.6541065074233293E12    2.997755081128034        4.0340833666569145       -91.78502106990325       6.123890385623747E15     1.9720476132302268E12    3.009822918149264        3.9643383373716197       -89.85613700955489       7.928047815936509E15     6.68925937985155E13      2.885964338816056        0.20630936910865327      53.45128697027316        2.37991161780612448E17
0.10159999999999998       0.005785714285714287     3.648134502737658E11     2.895572313035582        0                        -107.95318742750042      6.600095800321402E14     4.523469052663717E11     2.9233480581673352       0                        -106.79588186286682      9.77437911982438E14      5.694893044739648E11     2.9491446819558327       0                        -105.40378157494038      1.4562746755317005E15    6.342118180396554E13     2.8751574580925934       0                        71.13885403881753        2.13226116009251744E17
0.05154999999999997       0.026448979591836733     1.0215020599539854E13    3.389083533035111        7.823882467084495        -738.980751023433        2.61736010417113152E17   1.153633149733836E13     3.3911087459735465       7.723346541911611        -697.553989146714        3.0589093173158458E17    1.3193771313084191E13    3.392385496696603        7.609543372049051        -655.3001737453811       3.6091937149577389E17    1.105275763544488E14     3.3580827690551236       1.453574614029358        -261.8542873083625       3.8375759308099666E18
0.05155                   0.027                    1.4140266000486362E12    3.331352756006776        0                        -848.6613066585147       2.2845806289551316E16    1.68492369846129E12      3.344657727934597        0                        -803.2509321473701       3.03585951509743E16      2.0344031401484783E12    3.355352195703761        0                        -757.2771625556027       4.0370598453085456E16    8.652684300521612E13     3.3354735465337595       0                        -179.41238543077003      2.7355062816287493E18
0.10098717948717946       -0.012239062499999993    1.0501029511118613E12    2.9697380479223847       3.3571394715120233       -73.32722481138893       3.264259392786791E15     1.243242219297438E12     2.9878563790061587       3.30696467089996         -72.85691683293192       4.3135732635641265E15    1.4969877706085144E12    3.0055973886622565       3.250900285383357        -72.1372226048362        5.806510367440053E15     6.652052116588326E13     2.8308842306341715       0.13407191336747407      33.22408437123984        1.63808796354293344E17
0.1016                    -0.012239062499999998    3.277130928855528E11     2.882025162341801        0                        -82.37758788186703       5.5979416528651794E14    4.0938851104954395E11    2.9154608827138877       0                        -82.29032994632638       8.600728132710819E14     5.1922451971859863E11    2.9470176012297777       0                        -82.01738023501467       1.3301426750749838E15    6.418376444565426E13     2.8203195436780124       0                        44.76568647500147        1.48424451730603104E17
0.0692956043956044        -0.0373                  3.10489652945922E11      2.8632173569347357       0                        -66.92440222441002       5.018871781958982E14     3.904324358786275E11     2.9004853517490545       0                        -67.39239507683601       8.039396912184794E14     4.985087069280572E11     2.9362493474967826       0                        -67.70800704401302       1.2941361595151952E15    6.4589659013409805E13    2.804280322657503        0                        42.14390438797153        1.35995787971992912E17
0.06929560439560438       -0.0367171875            8.27131077460553E11      2.9411066441614224       2.7160879999225385       -61.24718216977008       2.2094713424400925E15    9.881370143122009E11     2.964817544365851        2.6763889351315653       -61.44075797693568       3.0721992862672295E15    1.201057210255549E12     2.9883508954668407       2.631457064092966        -61.43645593913041       4.350725332657311E15     6.615246013865647E13     2.8131895169857284       0.10198205212528394      31.937209230404825       1.46688165795963648E17
0.10098717948717949       0.004683673469387751     1.397608873640534E12     2.984664828831138        4.072170405799548        -92.74695816457671       4.746673085876484E15     1.6405988266775745E12    2.99718771911245         4.010169406859148        -91.17119793856659       6.048246576716347E15     1.9575100366078494E12    3.0092812508733293       3.940911208972343        -89.28639244308502       7.8376186156717E15       6.701999088672935E13     2.8844131761857574       0.2034889317720888       52.78504377376058        2.35848055257695808E17
0.1016                    0.004683673469387759     3.6359411391769794E11    2.8948756129913957       0                        -107.10825041920234      6.54990078387366E14      4.50727131956628E11      2.922951033888783        0                        -105.99236210853672      9.713741133447628E14     5.673137001153969E11     2.949055325578009        0                        -104.64201483044823      1.44931476936024E15      6.330936722780902E13     2.873256546581229        0                        70.20939987473977        2.10371019270434336E17
0.05079999999999999       0.026448979591836733     1.0067158488871129E13    3.395114655625849        7.653423805484195        -751.116389944923        2.584578826645384E17     1.1387902798771514E13    3.3974391056660282       7.556739908211387        -708.9135680766651       3.0328939989994221E17    1.3047689714567531E13    3.3989924969839507       7.447926356986799        -665.6183030323739       3.593516036746745E17     1.1113275084897352E14    3.370259696395195        1.4340463420841945       -243.2062414698095       4.0703544496861834E18
0.0508                    0.027000000000000007     1.4580182942230715E12    3.3365856581303004       0                        -862.2601861563413       2.3653844214243452E16    1.7382065640280195E12    3.35091067140257         0                        -815.8478148092404       3.1615645978765276E16    2.0996042797897764E12    3.362549547349991        0                        -768.3532347922344       4.2266966655784888E16    8.743601359046588E13     3.345649765258551        0                        -146.38024228951076      2.9091232478551757E18
0.10098717948717945       -0.008742187499999996    1.140594878400885E12     2.9736751788107685       3.5561820060757157       -78.87312491757993       3.602485253142598E15     1.3460895278601855E12    2.9902739825301796       3.502594828367832        -78.10924015243745       4.711856015342695E15     1.6148661516051987E12    3.0064156816272942       3.4417845307310584       -77.04905796909233       6.270842885216345E15     6.646228856736719E13     2.8426409959107395       0.15050976451452222      38.177276616989815       1.77330984047083264E17
0.10159999999999998       -0.008742187499999998    3.3843071040859644E11    2.8842909141209176       0                        -89.3082900465151        5.779607620862526E14     4.219323222173388E11     2.9162114393166743       0                        -88.95697345225389       8.79807037165618E14      5.34073862475442E11      2.9461828303711943       0                        -88.37080888592473       1.3476900414846928E15    6.403367631623337E13     2.8359532535252576       0                        51.14441143440506        1.65075664709318976E17
0.06474322344322345       -0.0373                  2.88022816205243E11      2.83023764204537         0                        -54.17879356601213       4.1329977818188844E14    3.6467029284391504E11    2.8705510886127437       0                        -55.00384275613061       6.822077729899989E14     4.689398790678866E11     2.909837432277521        0                        -55.73053535832267       1.1323450779057972E15    6.463612201807829E13     2.8016229845776293       0                        41.43911356829335        1.34871780586048608E17
0.06474322344322343       -0.0367171875            7.026336129026597E11     2.900870166542415        2.370998491591841        -50.1279987166329        1.5533814729671405E15    8.453115016552644E11     2.928820665427186        2.3382403129517524       -50.72489033948181       2.2408234068725775E15    1.0351753777277637E12    2.9569319332283275       2.300943739676472        -51.18385324900513       3.293531891270943E15     6.57394629765548E13      2.8067349677269915       0.09171380375264292      31.821330757573428       1.40795718304041072E17
0.10098717948717947       0.0036734693877551075    1.3839406912158406E12    2.9840245188589005       4.047281868650753        -92.08287054882203       4.678609735619509E15     1.624179618896147E12     2.996861897681053        3.9857616101887996       -90.5491568808108        5.969929336654341E15     1.9374462553928198E12    3.009268125470401        3.9168761285163463       -88.70757457762684       7.747055459528707E15     6.68385618047035E13      2.8822739049565342       0.20075612011210212      52.13050218764058        2.3218485548579168E17
0.10159999999999998       0.003673469387755107     3.6253019017559485E11    2.8942537994504085       0                        -106.2429159496603       6.506339068140385E14     4.497340618722874E11     2.9223840860238424       0                        -105.1690617144094       9.658581897636246E14     5.664705932883956E11     2.948541017819594        0                        -103.85670171499586      1.4425223838137352E15    6.34785217283417E13      2.8718375178082116       0                        69.39249369644594        2.08762573826849056E17
0.04995333333333331       0.026448979591836733     1.0086678246492848E13    3.402180814179811        7.552641956440107        -769.4146151663695       2.61376450207312032E17   1.1411499622900709E13    3.4050151107909414       7.458653489049266        -726.2519391584386       3.076976275964743E17     1.3075913431109729E13    3.407050034650953        7.352694780627981        -681.6684857109237       3.656985455931856E17     1.1119414740179267E14    3.381733685098184        1.4268825223131405       -233.81171001505598      4.275096252361707E18
0.04995333333333332       0.027                    1.5097849370846733E12    3.3395353218091746       0                        -884.2594802417794       2.4558767322542224E16    1.8022853480073423E12    3.3546180884457577       0                        -837.3958107727783       3.293691119937256E16     2.1796711675570847E12    3.366981203129974        0                        -789.1652148703324       4.4172729003256472E16    8.935457875045305E13     3.3574042682387435       0                        -115.24411286336846      3.1326892321143762E18
0.10098717948717945       -0.005828124999999998    1.2091383017966523E12    2.976759668919569        3.7008093342637776       -82.79352138201287       3.887147151570903E15     1.425566230545644E12     2.992019635279121        3.64536283653048         -81.83110841801096       5.044639170642199E15     1.7083370316309336E12    3.0068373194907636       3.5824990670412658       -80.55805411516843       6.660718866445873E15     6.667455176425866E13     2.8565842323420516       0.16350588066824942      42.11307181609871        1.953991103471904E17
0.10159999999999998       -0.005828124999999997    3.45876155094337E11      2.8871261802171677       0                        -94.29372846679937       5.968449312847946E14     4.303992230366438E11     2.917955227146763        0                        -93.75748569711743       9.016143359931902E14     5.43736015837587E11      2.9468107715752674       0                        -92.97611846541605       1.3703233705012608E15    6.375983714425744E13     2.84455811747416         0                        56.195734128930134       1.74438678147823872E17
0.06097875457875458       -0.0373                  2.5208737096134198E11    2.7722723612872935       0                        -36.40786792590197       3.2716822705609856E14    3.2290257536497455E11    2.8164742035065835       0                        -37.46425276164226       5.605054746570086E14     4.2024635945569617E11    2.860718190888205        0                        -38.502602609315694      9.682058094292569E14     6.457806366883132E13     2.7909650846950362       0                        39.02766998973278        1.26240133062034176E17
0.06097875457875458       -0.0367171875            5.3263096949429224E11    2.834132796961542        1.8468144865495169       -34.3048317742281        9.423993896507154E14     6.49420868559086E11      2.8678737641638747       1.8221229943791584       -35.221680543536124      1.4357451601818878E15    8.067742986018423E11     2.9025910504799963       1.7941846294905621       -36.08746353602924       2.234480646200534E15     6.554129732330915E13     2.7993223194791534       0.07837683523994336      30.321881677813913       1.34449846416809904E17
0.10098717948717943       0.002755102040816325     1.3711866294447893E12    2.983463162711076        4.0225756687690755       -91.4201194610291        4.616845728616484E15     1.6105391261816387E12    2.9963300847935317       3.96152426406192         -89.92870027070506       5.896748822047018E15     1.9226342485875442E12    3.008769268150452        3.8929751801384915       -88.12993911920219       7.659418024759713E15     6.696649601010065E13     2.880842694906829        0.19779750044902686      51.38206546636016        2.30257200410505824E17
0.10159999999999997       0.0027551020408163275    3.613005454444687E11     2.893602362839782        0                        -105.38892457585919      6.458883924521549E14     4.480927480611014E11     2.922038734113392        0                        -104.35556369147038      9.601792718473674E14     5.642589903223798E11     2.948508576373782        0                        -103.07801795112366      1.4361163299776252E15    6.336246140614485E13     2.86953905720086         0                        68.30618498832325        2.0539785884291584E17
0.04892842105263157       0.02644897959183672      1.0266299464640912E13    3.409867165973581        7.498796056774685        -794.2843965142157       2.69027265331547488E17   1.162618485176027E13     3.4127957303870575       7.406952723239843        -749.7846710281331       3.1734977285088563E17    1.3332155256572488E13    3.4149081226325344       7.302804790665021        -703.6113017939417       3.7785038400397504E17    1.1270168872963547E14    3.394464585704724        1.4340397631560298       -229.42400510397647      4.5591681266385096E18
0.04892842105263157       0.027                    1.5704821394688333E12    3.3463636417634124       0                        -914.1322290833862       2.5801726367748812E16    1.8748514229801924E12    3.3620908193521664       0                        -865.9865146446492       3.4702013068161296E16    2.2674256541113677E12    3.3750617750136267       0                        -816.1339737239348       4.6664498955690864E16    9.079054062769895E13     3.3693303884500145       0                        -96.67473408355447       3.3482110487802993E18
0.10098717948717947       -0.0034968749999999987   1.2590512664708877E12    2.9786548126617203       3.803679867521241        -85.54740443228818       4.099093516698654E15     1.4817331625723662E12    2.9932736117112304       3.7464072582928214       -84.42152396733769       5.293109154519773E15     1.7726937542677622E12    3.0074413550426073       3.682116320182502        -82.99829211200782       6.953459858732568E15     6.66159523621765E13      2.8618591050672095       0.17429448842706297      45.09122650447839        2.02193486890936448E17
0.1016                    -0.0034968749999999974   3.509020144441301E11     2.88874218988436         0                        -97.81691778371652       6.104664752816504E14     4.36349308220725E11      2.9187355804691477       0                        -97.12931835130799       9.175019805753031E14     5.50908243618346E11      2.946760766411051        0                        -96.2112423831374        1.3874450992881755E15    6.374596347568677E13     2.854526251303257        0                        60.092623807583          1.86666007843599296E17
0.05800219780219781       -0.0373                  2.0407854989740842E11    2.7108226600541268       0                        -17.299618983642688      3.24808592435583E14      2.6668566861860648E11    2.759263609829686        0                        -18.027343037995305      5.725929228170139E14     3.543836074823539E11     2.809093392171532        0                        -18.76585638086112       1.0228860560840046E15    6.467767288892812E13     2.78089629972741         0                        36.622086147800474       1.18305160764789104E17
0.058002197802197814      -0.0367171875            3.5210628377798883E11    2.7481728749565226       1.167765024011842        -17.279009942798762      6.00532197511651E14      4.3763138971371844E11    2.7896312023408227       1.1448766110328799       -18.060954086489023      9.718296394441034E14     5.55056813974128E11      2.8332233233566186       1.1200155808187828       -18.84905953434878       1.6101741547731075E15    6.517257750641506E13     2.784759040169368        0.06757020758033924      28.663408173608342       1.214195345719864E17
0.10098717948717945       0.0019285714285714214    1.3583470263528855E12    2.9828872980195302       3.9986852254147105       -90.77998927319581       4.554914214795184E15     1.595024626259367E12     2.9960623403412727       3.9380413691743446       -89.32786141389866       5.825413830171839E15     1.9036308319933123E12    3.008806016833804        3.8698848551011293       -87.5690081241327        7.576995711740594E15     6.678160150481932E13     2.8783085636224626       0.19511769435204673      50.74848774305856        2.26041886849302144E17
0.10159999999999998       0.0019285714285714281    3.602531475864238E11     2.893042861820189        0                        -104.56733100409758      6.419091087849425E14     4.471238628744634E11     2.9215301545458376       0                        -103.57308922426768      9.551849962537481E14     5.634490912784833E11     2.948048284486153        0                        -102.33433515363583      1.4300398062025805E15    6.353703377572836E13     2.8685468834818777       0                        67.59081026324361        2.0442907844891696E17
0.04772526315789472       0.02644897959183672      1.0567950486710973E13    3.41830189738241         7.484830789016025        -826.265602588312        2.80911772699541728E17   1.1963262698058152E13    3.42156241265723         7.394209901142726        -779.9082639804532       3.3189957350377926E17    1.3713972572388715E13    3.4239907064000588       7.291659815229768        -731.730948889209        3.9581456658518112E17    1.14039617201877E14      3.4073373835764027       1.456366450736129        -228.57857879476398      4.8268533566648443E18
0.04772526315789473       0.027                    1.643013540993083E12     3.3536200345319425       0                        -952.6967436479097       2.72547406048075E16      1.9631000971366736E12    3.3695727141099905       0                        -902.7788802255568       3.6713253047082816E16    2.376060743710975E12     3.3827355455680976       0                        -850.9595721888036       4.9441517897020288E16    9.321645209910652E13     3.3817789978702426       0                        -84.14943861759325       3.6080442101752438E18
0.10098717948717947       -0.0017484374999999976   1.2942428482753687E12    2.9802395513410436       3.87353502121151         -87.40405252647308       4.257847881262525E15     1.5226948325302751E12    2.9941906854894613       3.8149026479126995       -86.16386505818531       5.477510833910363E15     1.8211736361164204E12    3.0077107678953383       3.7493293874415774       -84.62503666894685       7.168955898067075E15     6.68322947738055E13      2.8703489638042248       0.181902024948896        47.14958718020674        2.14641479518821888E17
0.10159999999999998       -0.0017484374999999974   3.542360673473613E11     2.890222416733974        0                        -100.22056430168436      6.209359157500278E14     4.399983696264535E11     2.9197679162930847       0                        -99.4210795949594        9.299383355036539E14     5.548843717854746E11     2.9473377026675207       0                        -98.39453061856918       1.401186636223988E15     6.3541984471010734E13    2.857417621843987        0                        62.877986117238365       1.89762142939655264E17
0.055813553113553106      -0.0373                  1.505484296073216E11     2.688944144453605        0                        -1.9445637162339395      3.897885540978546E14     2.0361851835963065E11    2.740893879570313        0                        -1.7036653320436477      6.973750087670314E14     2.8017998085678564E11    2.794724151744036        0                        -1.369959705146899       1.2655318382321582E15    6.458308032031296E13     2.767815009445979        0                        35.91314799690796        1.07582720664958384E17
0.05581355311355309       -0.03671718749999999     2.0118416961879852E11    2.7053047015429215       0.3952671495725395       -4.119613145299864       4.995403016522802E14     2.584700924144718E11     2.7539016577130355       0.3662773409974594       -4.318431843231108       8.432403122443599E14     3.393633341546738E11     2.8048249334500035       0.33586967887952346      -4.514635717590629       1.4548095939970912E15    6.522733685818036E13     2.7751939097099187       0.06480132750306679      27.55132761553129        1.13533668862146288E17
0.10098717948717945       0.0011938775510204106    1.3468047305916907E12    2.982398797235579        3.976151424889248        -90.18685195335449       4.4999246140298675E15    1.5826813096381663E12    2.9955999725249907       3.915788891499802        -88.7725196110238        5.760117579157002E15     1.890422493740976E12     3.0083730369393153       3.8480868657032663       -87.05402586836995       7.499298099724173E15     6.691949473179635E13     2.8776319161883617       0.19246929774464747      50.02457628286976        2.25358238589941504E17
0.10159999999999998       0.0011938775510204097    3.591284456930106E11     2.892480828929938        0                        -103.78220410456186      6.378438544174328E14     4.4559326575556665E11    2.921258028866224        0                        -102.81744229811463      9.503738940230998E14     5.613540329970974E11     2.9480684517201268       0                        -101.61282369895858      1.4246881769811315E15    6.341080800901329E13     2.8657286952575642       0                        66.49104052226875        2.00350893689839936E17
0.046343859649122784      0.026448979591836733     1.0996721355415918E13    3.4265254001436514       7.501878974185999        -864.4445950234913       2.9605733548898899E17    1.2454058321480463E13    3.429700350861364        7.411945008872191        -815.8372361384687       3.5001193440291162E17    1.4283873369690086E13    3.4320443915735868       7.310729424331175        -765.2583631600269       4.1774013298952211E17    1.1652097554467383E14    3.4196374298516026       1.4858105031325848       -234.89701007516186      5.1310750212204851E18
0.0463438596491228        0.027000000000000003     1.7236929487486267E12    3.362276809833566        0                        -998.8421170334786       2.889551758399294E16     2.0590453945797356E12    3.3784990899964895       0                        -946.5923063500599       3.8972994897716048E16    2.4915520819844517E12    3.3919260994534897       0                        -892.2898878312299       5.25521041190682E16      9.529156502990261E13     3.393742097843137        0                        -72.9874425723121        3.8369092573162348E18
0.10098717948717946       -5.828124999999982E-4    1.315758485576874E12     2.980996927154303        3.9165328985661363       -88.55598459573534       4.354374080429289E15     1.5463204028161218E12    2.9947665276225046       3.8570830576024164       -87.24422496436262       5.590711933860285E15     1.8473880554456016E12    3.0080966643890767       3.7906249558556526       -85.63211531064904       7.301840041094592E15     6.6703806669875984E13    2.8707725365049783       0.1861825874366722       48.30731271741574        2.14758849873055584E17
0.10159999999999998       -5.828124999999972E-4    3.563385545583235E11     2.891132252894182        0                        -101.68990296899861      6.27878463539869E14      4.426299466517954E11     2.9202635848122864       0                        -100.81773243359174      9.382995196603652E14     5.582412457776831E11     2.94742673261291         0                        -99.71470767425402       1.4107789079736268E15    6.3628982204510516E13    2.8632348628200113       0                        64.22411206689365        1.9763973901959088E17
0.05441282051282051       -0.0373                  1.1161657081346956E11    2.710836735733424        0                        10.630868748175066       4.074799071761412E14     1.5798578557865118E11    2.7655321630335483       0                        13.458226514182456       7.522491589957065E14     2.2683840921344797E11    2.821250450433195        0                        16.91476185196167        1.4008189504266485E15    6.46425540911563E13      2.761102681427166        0                        28.993023713586222       1.02298496714161584E17
0.0544128205128205        -0.0367171875            7.255369019125317E10     2.6621213051869552       -1.6041855646661074      3.308272206980631        1.938986290356348E14     9.336914071046089E10     2.7201633235958136       -1.7728292697214665      4.2273098345462445       3.4038907475308994E14    1.2254727648839333E11    2.780055545760048        -1.9462492908280515      5.341593147015232        6.055774802910422E14     6.5659728491832625E13    2.763625032618663        0.09193196315061812      24.545959808327034       1.04983690624932224E17
0.10098717948717949       5.510204081632647E-4     1.335827100773747E12     2.9818736951372515       3.9554359526154634       -89.62397240552889       4.448251884219669E15     1.5692249974837578E12    2.995355662846143        3.8953351687728004       -88.2418238260475        5.700401731195198E15     1.873839384838396E12     3.0084024765993633       3.8280723327154176       -86.5575370535903        7.430383727815001E15     6.673223472286128E13     2.8743515643878133       0.19023561134902145      49.481569243762394       2.20035935151598624E17
0.10159999999999998       5.51020408163266E-4      3.582112084222024E11     2.8920540731718734       0                        -103.08180781501095      6.34516175616571E14      4.44783992649296E11      2.9208652850840986       0                        -102.14730507574347      9.462287652592978E14     5.607417117414283E11     2.9477101989827084       0                        -100.97998142402062      1.419707999876498E15     6.3591458715620125E13    2.865816654994392        0                        65.87989896929568        2.00936306772336704E17
0.04478421052631577       0.026448979591836733     1.150868974599092E13     3.434346800847744        7.540960523045785        -907.8901425116462       3.1327070318428032E17    1.3025383249196803E13    3.4377016139530108       7.45159548576274         -856.6786629785154       3.7061268713972243E17    1.492912144390845E13     3.4402183797182957       7.351119721696139        -803.2908305080151       4.4262861059570176E17    1.1888279303459698E14    3.431181440764317        1.5295121681881478       -242.26693159629497      5.3897432435352719E18
0.04478421052631578       0.027                    1.815072408872666E12     3.3707193415823262       0                        -1051.5375555149535      3.0626783337146992E16    2.1694779247771992E12    3.3868080187034733       0                        -996.5661636028258       4.1331779389189592E16    2.62665925872822E12      3.4000714382365067       0                        -939.3417314443841       5.5765126093165632E16    9.826386887484438E13     3.404672038171584        0                        -65.15525055073839       4.0852749625146998E18
0.1009871794871795        3.2165242691561955E-18   1.3265204900226309E12    2.981583836810438        3.936909253502666        -89.13351148935303       4.405198910437348E15     1.5594827972177483E12    2.9950713584575057       3.877085524650235        -87.7861928484765        5.649387148863136E15     1.863667235464889E12     3.0081301211292613       3.810203459384571        -86.13864772812565       7.369890187542785E15     6.6885961805447875E13    2.8752160014464985       0.18819193419059252      48.949594987295875       2.21781857245900768E17
0.10160000000000001       0                        3.572571666283264E11     2.891556718657385        0                        -102.4385198518753       6.311771243596552E14     4.4343970959125757E11    2.9206236338028777       0                        -101.53999957717019      9.422539714844446E14     5.588489495008121E11     2.947721446831552        0                        -100.41307531014665      1.4152317161606262E15    6.345343665539761E13     2.8622205911809115       0                        65.20506051333021        1.95758195286522432E17
0.0538                    -0.0373                  1.2049577848331047E10    2.5554909317027827       -5.558264141081237       -13.935124973021109      2.1459612130426215E13    1.4642514665320005E10    2.6277581477188154       -6.13839799284924        -15.945912535073964      3.989941858036096E13     1.8030135176289776E10    2.702269113038468        -6.732031959544004       -18.112893355642164      7.400433564149748E13     6.73977920825932E13      2.7547054024318425       0.13614343118257988      -18.19320539358642       1.01179358940936272E17
0.0538                    -0.0367171875            3.091012455771201E10     2.5898617786344054       -3.3643928466948907      -7.718868609843946       5.834164382189181E13     3.9718170561622665E10    2.6539965228768634       -3.670301011105243       -9.068025694921895       1.0835565082285931E14    5.180939248226963E10     2.7209347831940622       -3.9864490074077357      -10.603750094685974      2.0285706608991947E14    6.726707414299592E13     2.7609040598856303       0.12747442074980447      2.9517211273979873       1.05404973609642432E17
0.04304631578947368       0.026448979591836733     1.2107134639268162E13    3.4408637880030994       7.593465375081262        -955.3090379524327       3.3124956438686246E17    1.370690220740581E13     3.4440131724165703       7.504656843364854        -901.2520150762089       3.9195708838798093E17    1.5712539743839678E13    3.4463234055418828       7.40450244855525         -844.7771749164621       4.6815378105338106E17    1.2288052287717333E14    3.440887699063222        1.5960248151865397       -249.56254425210352      5.687361303217793E18
0.04304631578947368       0.027                    1.9130620676667783E12    3.3790101460311557       0                        -1109.318095628243       3.2349938117209956E16    2.285953852428645E12     3.395092130565563        0                        -1051.3286545937062      4.368996715040376E16     2.766754428533362E12     3.408328663673705        0                        -990.8221994201187       5.899142010551624E16     1.0089878499744336E14    3.4144256130105837       0                        -67.18003644087865       4.2812535139686287E18
0.0538                    -0.0355515625            4.824767253888316E10     2.6103902764925255       -2.6442744838655226      -5.203086740816438       6.3130449057870914E13    6.167628174556959E10     2.6688013850692          -2.8304801436858114      -5.6520397870192145      1.1574229660453753E14    8.028100911547028E10     2.7299942988870893       -3.0214219870264096      -6.165875624778867       2.1498302610798344E14    6.721641655342084E13     2.765715498695736        0.14680325976564584      15.917563169836441       1.07241853206311968E17
0.0544128205128205        -0.03555156250000001     9.537264298250894E10     2.6397538305498767       -1.4095793603785884      -4.903295652046775       1.3304779294145656E14    1.1751939470952486E11    2.6926709157480584       -1.571462377349864       -5.2890312820833065      2.27049000208407E14      1.4802034229654953E11    2.748843629168046        -1.7379681562493         -5.718609950822644       3.969762686204177E14     6.68419518101864E13      2.7738011483724607       0.14995666489444442      15.558496368045448       1.12953372688570576E17
0.04113017543859647       0.026448979591836733     1.2740033010379467E13    3.4459466717626928       7.651133041034934        -1005.1847992131516      3.4822948773418202E17    1.4413674915308396E13    3.44919021888403         7.562914826953512        -948.1355935889188       4.1228192862395558E17    1.6509949235637107E13    3.451589086423804        7.46317962679117         -888.4158627168415       4.9265694144929197E17    1.2565801589778544E14    3.4493184139072453       1.6451804804958885       -231.8734511230806       5.8778985830294313E18
0.041130175438596484      0.027                    2.0196651936181545E12    3.386132818996469        0                        -1170.387508197688       3.3952371138409444E16    2.414654802336204E12     3.401855888618795        0                        -1109.2271669450715      4.5879784244289E16       2.9240735644771367E12    3.4146877498771886       0                        -1045.2795767386067      6.1981295421518536E16    1.0427323417487573E14    3.422216010428323        0                        -34.774291437686806      4.487907483139135E18
0.0538                    -0.033803125             6.586131398869586E10     2.6651660771103054       -2.1667197538042093      -9.376287867232914       6.671637492047093E13     8.255811356266006E10     2.7169223825541224       -2.316031813050764       -9.689937402737442       1.1678514472533783E14    1.053319439066653E11     2.7703162238821646       -2.469258803776738       -10.038522717287645      2.0678249260791394E14    6.713793100513697E13     2.779152138725875        0.1520469415892757       21.485932381780465       1.15367708742512832E17
0.054412820512820495      -0.03380312500000001     1.4514737894695987E11    2.7209649266541223       -0.5507949471309137      -9.191763817517119       1.951593815959138E14     1.7486656408055884E11    2.7646380021482972       -0.6883262014504904      -9.521387084425765       3.0962705942663075E14    2.1515716077931583E11    2.8104265931402894       -0.8301263961745899      -9.874839843414659       5.0242943433727556E14    6.725289012386259E13     2.782324925367409        0.18876989343446549      18.04309574492286        1.18104287629639136E17
0.0390357894736842        0.02644897959183672      1.3405673669921188E13    3.4489072990233467       7.7060300681581735       -1055.7318336553553      3.6260665577360365E17    1.5171791345443682E13    3.451886966386445        7.618488069570141        -995.7091670403585       4.2946350982131366E17    1.7381791461508139E13    3.454027764856897        7.51924247123992         -932.7338662590623       5.1333445080392186E17    1.2852047543473061E14    3.4555860874863162       1.6766143203019022       -193.5079828947832       6.0512442143262269E18
0.039035789473684204      0.027                    2.1301450615781797E12    3.392036474686958        0                        -1232.6199184445825      3.5298865039995964E16    2.546331689886436E12     3.4075772511483917       0                        -1168.2967513930207      4.7749851921458728E16    3.0828770473321094E12    3.4202092832658653       0                        -1100.8921797525165      6.4577523669901336E16    1.0718067295784861E14    3.428729177871408        0                        36.43976066005173        4.6493771578467676E18
0.0538                    -0.031471874999999996    9.729306187770642E10     2.7555993876003724       -1.196186472536315       -17.189226681218035      1.5646439851228478E14    1.213723668771502E11     2.801346511519505        -1.3085372996193045      -17.383050923727133      2.6000016365872747E14    1.5401786863426953E11    2.846920142378009        -1.4233409989719183      -17.583203055817126      4.3390276210734875E14    6.702968249803315E13     2.7912229127217443       0.17323142775731815      23.58450043127015        1.23337990196702224E17
0.05441282051282048       -0.03147187499999999     2.3774084195800772E11    2.817368896322733        0.7905621812632048       -16.173092835562183      5.3821417057665656E14    2.8411432782726196E11    2.852575497328841        0.6709586901219246       -16.336238258355976      7.973313931317564E14     3.464161951143984E11     2.888534618489825        0.5466421290118488       -16.48588478001557       1.201940857111499E15     6.788529963733482E13     2.8009849696265348       0.22608626400389056      19.517550116549277       1.33269402085298208E17
0.03676315789473684       0.026448979591836733     1.4042457535980498E13    3.4499010814415585       7.750902820891732        -1105.0605493124688      3.7249095088602605E17    1.5883709949021986E13    3.4529469517122675       7.664211849861278        -1042.2277415413157      4.4161877252961453E17    1.818595882762377E13     3.4551558084067735       7.5657008721962855       -976.1503053261413       5.283654692450201E17     1.3062638696627992E14    3.4615134656950857       1.7083134116949668       -137.85960442268737      6.1913519159927224E18
0.03676315789473684       0.027                    2.2459276724667456E12    3.3960808337494712       0                        -1293.6550985098943      3.6285834648334912E16    2.686544704986494E12     3.41115730384944         0                        -1226.367004481193       4.914537153108164E16     3.2548327940687256E12    3.4232746955494546       0                        -1155.6912607847562      6.6547292516070656E16    1.1056360909979064E14    3.43379380676874         0                        118.98881862943742       4.8609213430731571E18
0.0538                    -0.0285578125            1.4666870340785565E11    2.8121140829088076       -0.09209519170447593     -32.46547890131504       3.5397471978645025E14    1.8253876147461014E11    2.853454257140857        -0.18361500885795948     -32.55122680512733       5.660966332265721E14     2.310423199676704E11     2.8935154320702514       -0.27808232935734634     -32.630814151936775      9.056918550569812E14     6.682626513146193E13     2.8139638901819186       0.17976696480444815      29.271976273743554       1.41876228650505216E17
0.054412820512820495      -0.0285578125            4.053559162822298E11     2.8848004451395486       2.367495594719766        -29.631385392777062      1.4622875750825915E15    4.82419323644174E11      2.9140454551417942       2.25639811657503         -29.614286675576473      2.0636932577555725E15    5.85282730739946E11      2.943133724484797        2.1387391711224812       -29.55884009098393       2.9533734594648105E15    6.8058676068982945E13    2.8185018092707823       0.2624541311967995       23.098064304456905       1.48731878661225664E17
0.03431228070175438       0.026448979591836726     1.4648058790553879E13    3.448561260904421        7.77943968245719         -1151.2888016063025      3.7671667023723622E17    1.657728807652786E13     3.4513374610692122       7.693842968677339        -1085.9980914177784      4.4710747171103059E17    1.8987977261978008E13    3.453289019376902        7.596368202972054        -1017.1624714600525      5.35494582109232E17      1.3293145307703716E14    3.4670783960261473       1.7298428129916377       -47.90671526185909       6.4197098526628301E18
0.03431228070175438       0.027000000000000003     2.361892434361154E12     3.398332325003452        0                        -1351.1009761433224      3.6803816299437728E16    2.825542022574566E12     3.4131827016428273       0                        -1281.2319411420506      4.9945316694891824E16    3.423426356796448E12     3.4250569891447324       0                        -1207.6548870439897      6.7768963742154864E16    1.1323534541849577E14    3.439513973331826        0                        213.4987362497464        5.1005274954540892E18
0.0538                    -0.025060937499999998    2.1822201910452875E11    2.8432079069627942       1.0284480027041947       -57.88074929345571       6.22603763310889E14      2.707540139549569E11     2.8813781960124194       0.945563712271519        -57.708767494722416      9.696570362853228E14     3.419108611658657E11     2.917773360621891        0.8630208097486943       -57.50361666273825       1.5095723520869842E15    6.6610462881231625E13    2.8372159053148307       0.20307167029591436      34.371783060066434       1.63615382053066944E17
0.054412820512820516      -0.025060937499999998    6.94349231513663E11      2.9227242834356617       3.95121027234157         -51.89452090837456       3.102711377931987E15     8.227221091410331E11     2.946990339328716        3.8374967489051883       -51.54787518169022       4.2139745900740155E15    9.938477877547355E11     2.9708161592820055       3.7177574332650365       -51.11849709767543       5.8028124490004E15       6.8856133932557125E13    2.8496446041213472       0.3126739505535618       26.512986474789713       1.82757064597820992E17
0.03168315789473683       0.026448979591836726     1.516099685949222E13     3.4453886329029695       7.786883933945452        -1192.74135478492        3.7428402599791251E17    1.7152921902500768E13    3.448248050522746        7.702691173288653        -1125.4785023131305      4.450757957675927E17     1.9641386923235195E13    3.4502926081259964       7.606760910073698        -1054.385111236189       5.3411251614959501E17    1.3317904516692797E14    3.4747721222096195       1.7196330662407409       33.24025812566785        6.6538284389262592E18
0.03168315789473684       0.027000000000000003     2.479277952021606E12     3.398472146075997        0                        -1402.7388780184397      3.6818613212248704E16    2.968676772384386E12     3.412899527136823        0                        -1330.849117041273       5.0084512157150944E16    3.600219306550882E12     3.4242973142706514       0                        -1254.945632290538       6.8124823388487528E16    1.1612064167839077E14    3.4457858617387918       0                        334.35994054589156       5.4815979404751022E18
0.0538                    -0.02098125              3.1454989441217676E11    2.865990385016235        2.0177759835152242       -97.21063071527483       9.684634779274772E14     3.895245023417124E11     2.901221986639905        1.946400461802871        -96.45987379320826       1.4774317700346378E15    4.9042033461621704E11    2.9343784091602          1.8708075670896107       -95.64855166123913       2.2492709841319652E15    6.626309712896968E13     2.8758040347346774       0.2063727041033429       42.62961860689899        2.06381025512911776E17
0.054412820512820516      -0.020981249999999993    1.138457395416631E12     2.950381856007457        5.396746720659057        -85.59079855532173       5.688415394544866E15     1.3424342145092202E12    2.970994083078297        5.280466867221676        -84.57152024252817       7.515368120849005E15     1.6118181109984705E12    2.9910712672882926       5.154025607515936        -83.42581023967391       1.0058460880089068E16    6.922868393523463E13     2.8828261941846787       0.36167817928755336      31.85561441443994        2.24921745217259872E17
0.02887578947368419       0.026448979591836726     1.5591235739212361E13    3.440297806013364        7.770321977258929        -1228.0979486419997      3.6540604467536134E17    1.7654001432776004E13    3.4429195832528925       7.687863190932153        -1159.4846279812296      4.3544504283178272E17    2.023076000965839E13     3.444746240413299        7.593876148050988        -1086.7593781374667      5.2372309761510106E17    1.347654387028094E14     3.484101757795965        1.731450471193869        112.17885320141417       7.1281914625589228E18
0.028875789473684205      0.027                    2.5931244592043623E12    3.396726890568964        0                        -1446.7685323217374      3.6308992337992768E16    3.106319173664466E12     3.4110347333995894       0                        -1373.535227971715       4.9552776762119472E16    3.768630056532359E12     3.422302211303878        0                        -1295.9779332379956      6.7631125770172832E16    1.1816489331635258E14    3.45477847245044         0                        405.76475186630705       5.9710408231817103E18
0.0538                    -0.01631875              4.3934072738835034E11    2.889693150393885        2.917802631714796        -154.85653742699293      1.5054659627380748E15    5.437029286639871E11     2.9237176479820266       2.8556867056288455       -153.2922888065243       2.272938366718933E15     6.838283651349332E11     2.9556746185559435       2.7881421203157037       -151.48246762851005      3.4262615039097525E15    6.587024366510757E13     2.9215984629795155       0.21887752401629473      52.411341168953584       2.6900743706300192E17
0.054412820512820516      -0.016318750000000003    1.8372068193453506E12    2.9810663980648324       6.753802254517813        -133.15969707365124      1.0581597429137502E16    2.1602032100392803E12    2.998882946898636        6.635829273338176        -131.1698274574277       1.3701882268058672E16    2.5829594728752075E12    3.0162818676171517       6.5036302672566135       -128.86735700713126      1.7974057224882426E16    7.070857887401784E13     2.9384762286501673       0.4372385866881353       37.985030933338805       3.1821966134336307E17
0.025890175438596476      0.026448979591836733     1.5892238383934133E13    3.4340384226068994       7.729268192807943        -1256.4877045914332      3.506451887036009E17     1.7995507794288242E13    3.436789783736882        7.648861562953122        -1187.1858097715194      4.1913623785792013E17    2.0623096866057117E13    3.438760948525155        7.557219839864566        -1113.5031472201651      5.0572768935728698E17    1.3409241101746502E14    3.496938539146501        1.7045076206476024       199.26988062012097       7.6683600517017917E18
0.025890175438596487      0.027                    2.7047602818131084E12    3.3930759673923916       0                        -1481.9686106337986      3.5346470143626032E16    3.243851026029123E12     3.4071397488665927       0                        -1408.1430523875997      4.8420553686867984E16    3.940288643796479E12     3.418104457595906        0                        -1329.6895311655774      6.6342993749897672E16    1.2030614862059975E14    3.4655199211746472       0                        503.3759895387851        6.6918293637586412E18
0.0538                    -0.0122390625            5.799156698929802E11     2.927967239985968        3.531762879105744        -229.03389158132245      2.47136485041222E15      7.173067749577596E11     2.9603213771644112       3.4818716682261757       -226.42939714592163      3.670770979381154E15     9.015167417074482E11     2.990487881279648        3.425448111588704        -223.47000511382882      5.445551787274614E15     6.539267758017963E13     2.9806729400203724       0.19696418749578742      63.567321639321676       3.7284542887617843E17
0.054412820512820516      -0.012239062499999995    2.7167597968720615E12    3.0228979984967226       7.798418361542588        -191.93362855418331      1.9513902240174152E16    3.188075848726454E12     3.0387152942854048       7.684849087128226        -188.61378803543667      2.487376803068378E16     3.803341638825463E12     3.054117770331652        7.556230897718835        -184.84721562084903      3.21271110761651E16      7.203275029935634E13     2.9918241720887138       0.5093107662062674       44.24049642736332        4.3636067180139494E17
0.02272631578947368       0.026448979591836726     1.6097124541672604E13    3.4266683230741077       7.6657422275979          -1277.598647509245       3.316919786768089E17     1.8247329515004574E13    3.4292364087278164       7.587605732175292        -1208.271239495932       3.9775695516236883E17    2.0937541378882137E13    3.4310566257310318       7.499137036940477        -1134.395427904741       4.8166205469228986E17    1.3390281402817516E14    3.5115492085104183       1.6760709571620331       262.5942085996813        8.4606448590157978E18
0.02272631578947368       0.026999999999999996     2.8094837103900415E12    3.3878996982956484       0                        -1507.8506199712851      3.4007494762415124E16    3.3718449850730723E12    3.4020590830854793       0                        -1434.1390711699303      4.6800076517495088E16    4.098612263473196E12     3.4131399391700805       0                        -1355.6274963546502      6.4431023572922896E16    1.2156255846930886E14    3.4792254770461972       0                        587.8087089595371        7.5822170148869458E18
0.0538                    -0.0087421875            7.420538518407731E11     2.9767406875506985       4.017675260858393        -324.7883919220651       4.215553330399466E15     9.17779597159565E11      3.0078770528463243       3.9835290572985524       -320.3666240179242       6.166606482978221E15     1.1530521736442615E12    3.036793945617585        3.942144232319543        -315.3528994457676       9.015753976194068E15     6.497067592134812E13     3.0375292722628937       0.17792373365636627      71.19393557984931        5.0262210422488973E17
0.05441282051282053       -0.008742187499999995    3.897448214728798E12     3.073110146930904        8.71312435989794         -262.68482828183437      3.6571484903119424E16    4.567340827775682E12     3.0869159481358555       8.603482916642673        -257.19165893929767      4.5911635372790792E16    5.437527263315313E12     3.10036605099215         8.47699081652952         -250.97698936745707      5.8401035353014288E16    7.444526890802489E13     3.059704592863748        0.5950529718459014       47.53411568127475        6.4617289741422541E17
0.01938421052631579       0.026448979591836726     1.6181780023458324E13    3.4190644732502853       7.584619738572125        -1291.6142276259884      3.1026799369656198E17    1.83491920855632E13      3.4218228312973475       7.509117358145518        -1222.8677988278273      3.7357570456238822E17    2.1064354430897496E13    3.4238595732501707       7.4240219484802985       -1149.3955037471123      4.5436496348820582E17    1.3249006702629812E14    3.529208458451418        1.6358825027153994       323.9005381051082        9.38603558647426E18
0.01938421052631579       0.027000000000000003     2.908229485587823E12     3.3815263876210055       0                        -1524.6617856143503      3.2449611621033268E16    3.4950516072910356E12    3.3956813907388095       0                        -1451.7488673102014      4.4872789813222568E16    4.2543211462009106E12    3.4067156116016535       0                        -1373.856915326927       6.2087538796372408E16    1.2286439188229792E14    3.49438551809298         0                        675.1576264072078        8.7537676534687498E18
0.0538                    -0.005828125000000004    9.394898362782545E11     3.0313050558045544       4.414779714849158        -452.8653013918323       7.364021140403941E15     1.1615416678692312E12    3.0609932660320336       4.395528130861577        -445.59857551177845      1.0585012485058402E16    1.4593629972561733E12    3.0884038584157114       4.370539972234378        -437.5918652466389       1.5228289188800532E16    6.4524736652593375E13    3.10793685904816         0.12498569163565494      75.92455497113272        7.1556359893634906E17
0.054412820512820516      -0.005828125             5.517866215226596E12     3.1319558828867233       9.572728790386833        -346.58737804528613      7.069151081959012E16     6.444002434530797E12     3.143896744163422        9.465528969454246        -337.72091541269435      8.7295702039540432E16    7.645608909823978E12     3.155483865610126        9.341985575006605        -327.89471396845653      1.09259499947287616E17   7.73322210547513E13      3.122596693565446        0.7030334140702602       49.08499108166838        9.2034153563673907E17
0.015863859649122805      0.026448979591836733     1.6201655887289342E13    3.4113338398216415       7.493354079263274        -1299.3958878827466      2.8867716064534208E17    1.83987541940282E13      3.4139801000563317       7.421249872590552        -1231.796953379471       3.4901334752968941E17    2.1147126116331742E13    3.4159188840224544       7.338828599062733        -1159.062024062791       4.2621354581494886E17    1.3113914292486273E14    3.5475588066599224       1.5818145265739287       396.60790248866533       1.0537825911474555E19
0.015863859649122805      0.027                    2.995969144909994E12     3.374492362935321        0                        -1533.5163824395386      3.0802534769431124E16    3.603508735728534E12     3.3889947375602296       0                        -1462.0069032481924      4.2820794849276896E16    4.389822523544185E12     3.4003542614267586       0                        -1385.031251665744       5.9575120683317256E16    1.2328400768537131E14    3.5117161105893877       0                        772.5343072330553        1.0092720836991382E19
0.0538                    -0.0034968749999999956   1.1899084700605105E12    3.09998038444178         4.788932532964959        -628.2358390850356       1.4076399432324958E16    1.472045637364927E12     3.1275159929790033       4.795382424023835        -616.0334081380079       1.978200870509948E16     1.8515848263547546E12    3.152705321093807        4.797959760767673        -602.6479600662558       2.7872117480465712E16    6.418749579224628E13     3.1718234406547796       0.08100769444949757      78.88695569338964        9.7119265743734989E17
0.054412820512820516      -0.0034968749999999956   7.887621417036638E12     3.197315204791504        10.462171963055475       -431.97952354427434      1.4175239673176544E17    9.201532433718992E12     3.2068133718441305       10.363124149544307       -418.2920391037519       1.72252405500293216E17   1.0906176708110338E13    3.2160308068403447       10.248348629608623       -403.19650537705536      2.12287627935303648E17   8.25477901841735E13      3.1988184407655815       0.8705067045077161       53.90532027209967        1.41563707455396685E18
0.012165263157894738      0.026448979591836726     1.6149874563307686E13    3.4044574285407934       7.401852308505276        -1302.1782460427703      2.68839667456950464E17   1.8349956823649777E13    3.4073520728880333       7.333015992676476        -1235.9496541952037      3.2645983365776365E17    2.1098244254508785E13    3.4095447478535768       7.253093549673122        -1164.1971995449576      4.0037554221739526E17    1.2924445608646552E14    3.5668982617649685       1.5328241847161646       459.1887155539332        1.1732686169730503E19
0.012165263157894738      0.027                    3.0723038567259966E12    3.3675931238596744       0                        -1536.1291837000504      2.92655773304965E16      3.7000695846561567E12    3.3822707910652015       0                        -1466.2756576272172      4.0881774227175728E16    4.513410998269911E12     3.3937156883641584       0                        -1390.507566661303       5.7158160229693672E16    1.238123746150187E14     3.5287088600013337       0                        853.7694870930158        1.16082402994141E19
0.0538                    -0.0017484375            1.5352289299269297E12    3.16735148797652         5.176120713573243        -857.3641797842411       2.6147771064981116E16    1.903100473695806E12     3.192536997278927        5.217978299099117        -838.4228653820646       3.6071083104956128E16    2.3970200319446553E12    3.215418872255091        5.253786760797145        -816.8986993680713       4.9944612528096408E16    6.403109676658457E13     3.2495688480441336       0.01707309831709282      92.28832666858682        1.39078764386941594E18
0.05441282051282053       -0.001748437499999993    1.1640608299869969E13    3.2690900833645813       11.434390004325584       -498.34967320865195      2.9485556118187974E17    1.3578058638341605E13    3.2755905375622922       11.35867880907162        -478.40496557787674      3.5264973228425952E17    1.607391833441706E13     3.2818873550822905       11.263923623830529       -456.1083242524132       4.275430745867872E17     8.894522203115047E13     3.2640868192691457       1.0874283802168938       80.95976798348823        2.05060143594762496E18
0.008288421052631579      0.026448979591836726     1.6092547295425783E13    3.398570761018619        7.32152156597727         -1301.9796898755103      2.52741956703999104E17   1.8308771534337812E13    3.4013804832063714       7.255441972659548        -1237.0624140168322      3.0798539064137664E17    2.107442235317557E13     3.4035002991620837       7.177640265453997        -1166.2970942765137      3.7902689674572512E17    1.2817782522754903E14    3.583413384715141        1.49102296331601         511.16786586678853       1.2962704097397414E19
0.008288421052631579      0.027                    3.131570461379988E12     3.3614207168581713       0                        -1535.0771315663592      2.7959154177916248E16    3.773783478062231E12     3.376516844599236        0                        -1466.7548492030194      3.9232700878020584E16    4.60599782055875E12      3.388381931772687        0                        -1392.1450127374324      5.510890965787796E16     1.2367889691074497E14    3.5447510115752396       0                        917.8671870919056        1.300057219440298E19
0.0538                    -5.828125E-4             2.1052350306772986E12    3.266050136786217        5.49157658667064         -1080.6393430888716      5.5129562628903664E16    2.61446635500114E12      3.2834496535365476       5.606989894410734        -1027.1341888288364      7.349390330404024E16     3.2981855366068213E12    3.2991310074678104       5.716378645553904        -965.6310893568102       9.8727885206492608E16    6.430271383597298E13     3.31246248542486         -0.007262015897739615    433.2324395214171        1.83876057018776678E18
0.054412820512820516      -5.828124999999977E-4    2.0021140666388855E13    3.33362365331546         12.760271575246271       -645.4491936942642       6.3355412619488883E17    2.3203452829311566E13    3.337109420374835        12.704046179989785       -606.505315681105        7.4744153923731738E17    2.7267101534970062E13    3.340480448359606        12.627314973940434       -562.9348688127137       8.9372520313796506E17    1.0309643940509539E14    3.338071201285882        1.5268508383120387       109.99842267540693       3.2753191084849987E18
0.004233333333333331      0.026448979591836726     1.6025042749245428E13    3.394725113400348        7.264041584017209        -1300.3663140615256      2.41855485242960576E17   1.8235133113189797E13    3.3977722008759255       7.199950275010948        -1236.4733579730432      2.9554060909484717E17    2.099306048112077E13     3.40013456881251         7.124068694055898        -1166.5865202677994      3.6474950711737491E17    1.2691481575104036E14    3.596178696840128        1.4626121047647263       545.4345670057112        1.382855453638347E19
0.004233333333333333      0.026999999999999996     3.171776959003588E12     3.3572295239619976       0                        -1532.5723459830747      2.7093675511801836E16    3.825497776291681E12     3.3724158830969757       0                        -1465.4596794501317      3.8124749832876424E16    4.673344629045E12        3.3843209567200256       0                        -1391.9014661501446      5.3706798310834488E16    1.2387677449771247E14    3.5559111998911366       0                        958.301038367616         1.4122147854150257E19
0.0538                    0                        3.988769715959901E12     3.369338759102129        5.929723113016029        -1530.7449392395538      1.28373367971551728E17   4.855092769656055E12     3.373429339843194        6.108931488033659        -1403.5250162407594      1.6472607912213984E17    5.998859301487825E12     3.377468655816738        6.285974969156663        -1261.9859820388222      2.13860786078428832E17   6.785735289096252E13     3.391349927213882        0.10306670805239378      740.9757498378817        2.6874147064605855E18
0.054412820512820516      2.8199664825478975E-18   3.653844753545232E13     3.3663159574681703       14.43263970007519        -636.3663425148923       1.26943966418048307E18   4.153264069368451E13     3.3685693141483553       14.345485175645049       -545.0034162233768       1.46732172733249331E18   4.779615116106954E13     3.3707079049472903       14.234278058667844       -443.7021728879035       1.71681085791264512E18   1.2225010408734503E14    3.367356238164308        2.0885617611887284       273.51520534822686       4.3713053670394363E18
0                         0.026448979591836737     1.600282906300252E13     3.3927540677545016       7.236590039236091        -1297.2624470998253      2.3672842108594048E17    1.822335165408163E13     3.3956616342146466       7.17342795726458         -1233.8365637737054      2.8960576645175994E17    2.0995075492052168E13    3.3978941949026282       7.098558246214246        -1164.377328516182       3.5786831762082835E17    1.2678364273432244E14    3.601726265453585        1.449707361984285        559.6573446652276        1.4336291637376553E19
0                         0.027000000000000007     3.189995458345172E12     3.3549166460959725       0                        -1528.8180058133398      2.6621725017742992E16    3.847577716752757E12     3.3703753431835954       0                        -1462.2494482801656      3.7533154711052048E16    4.700272598852802E12     3.3825844157187492       0                        -1389.2009554336119      5.2978910053711432E16    1.2363411570871283E14    3.5619378655013687       0                        975.4891541712835        1.463684998673822E19
0.05304999999999999       0                        1.7757798144585398E12    4.476932262079834        -1.9015414904048566      -744.9681157026473       1.95552181030474016E17   2.184232665910533E12     4.334592941365051        -1.5377068689773288      -667.6524842750152       1.9251958495835568E17    2.7243009446590054E12    4.181130628047426        -1.1444686413491896      -577.2515910432128       1.93953398937352992E17   6.3094604313328055E13    3.463529511672292        -0.2371038865179662      1428.98083401144         3.2863960599967334E18
0.05304999999999999       5.510204081632629E-4     1.0961621575254514E13    4.042109288151903        4.243359433826551        -411.84875566520714      5.1448746759890643E17    1.2610711430303049E13    3.9354829549701904       4.462072521546212        -334.660320587934        5.751653037974439E17     1.4697581402658424E13    3.832741501496199        4.697117116733813        -244.76446048601073      6.635333443314473E17     9.90253889167791E13      3.4804748624083373       1.300905445619907        1099.8981755030215       5.4550735282597581E18
0.0538                    5.510204081632629E-4     2.588905725880549E13     3.4363953996141445       11.365464725688053       -693.4394135129348       9.9235576743361741E17    2.9414665833086793E13    3.4343290519463894       11.39644714027805        -589.4485049362067       1.15913974662766003E18   3.3841889615891047E13    3.4323455807153374       11.417989920963224       -472.43207082996884      1.37133059887156147E18   1.2015426393431988E14    3.4329070623911533       2.003962427147335        703.5988320474479        5.5757237929296517E18
0                         0.025806122448979594     6.140782326158383E13     3.394629351578258        14.006618113559027       -789.5756125351329       1.44004688725093555E18   6.740113727620278E13     3.3967547931419126       13.849401173264758       -732.8785732589873       1.63644447987685965E18   7.461661569507752E13     3.3986139150840544       13.665400356110434       -670.9331439276943       1.87630101255250406E18   1.5152030567458356E14    3.617363532626302        2.8551786387710174       8.458461833445476        1.5752027716750705E19
0.004233333333333331      0.025806122448979583     6.197640270635678E13     3.396650326754055        14.055205933763574       -791.0887187190804       1.47547721876688691E18   6.803409197681765E13     3.3985423964960795       13.896101617905181       -734.1398920723977       1.67460701959046938E18   7.532461155214653E13     3.40016477302223         13.710105845870142       -671.9910889132424       1.91752607151367808E18   1.529189529386641E14     3.6107664573622125       2.8779114371711954       0.8822615108106611       1.5405634082886762E19
0.0523                    0                        1.4574867002387607E12    7.522002809708527        -9.447105533979691       -537.9545240115314       7.8680172865853811E17    1.7833335987545215E12    7.267827064999819        -8.956963270295113       -488.872467952172        8.0414747558627264E17    2.2128834431173477E12    6.974738285192745        -8.412128484232328       -432.30190911846546      8.151629983403296E17     6.290148232445065E13     3.506295278629854        -0.43209819015350004     1842.2293706683706       3.801172332067861E18
0.052299999999999985      5.510204081632629E-4     7.715690616622972E12     7.198944453058381        -3.651665736077926       -293.5143170243066       1.3057331019712768E18    8.862966302847486E12     6.904641298604632        -3.2846540233897197      -235.00146075211762      1.33293205215455821E18   1.0312208598180293E13    6.556921712436769        -2.8768251570112824      -166.347545797161        1.35232686359462886E18   8.895188774460294E13     3.537347277691508        0.7965567010487913       1574.0517858736475       5.9567813305986826E18
0                         0.025071428571428574     1.7721573791809384E14    3.4075535433162027       19.358060618928622       -272.19141250352845      5.9803906970779105E18    1.8976154289237294E14    3.408085214858522        19.075280870095504       -226.83464822175617      6.516558349727788E18     2.0445165966150662E14    3.4084047807605944       18.748745470827195       -177.84778853456868      7.1455740595765914E18    1.9999361752588944E14    3.6213700084574096       4.127964540233922        -150.85796240005917      1.9375533128524956E19
0.004233333333333331      0.025071428571428567     1.7949822758717962E14    3.4097032178069155       19.4147537508298         -271.7271804771856       6.1308073769533942E18    1.9202547572891825E14    3.4103584998398304       19.129483221529668       -226.3477178476014       6.6754032413064837E18    2.067020560662572E14     3.4107863526247826       18.80042383221095        -177.359117569115        7.3138819371959286E18    2.012053954123344E14     3.6157268983205957       4.157523194212092        -150.06409830021963      1.897549974276392E19
0.05155                   0                        1.4119120617362395E12    10.383302422751926       -19.99899855654896       -286.95396502359444      1.15782771463528576E18   1.7216505080015188E12    10.182179840728844       -19.369178691617524      -249.4787403664036       1.18860117980719027E18   2.1280053910114841E12    9.921799454086745        -18.660032958703752      -206.08971076127517      1.2121929062851241E18    6.4076660480131914E13    3.5623358928702604       -0.8762050497781108      2526.618798013891        4.8275481045619732E18
0.05155                   5.510204081632629E-4     6.342570579166001E12     12.059352642695492       -13.987755675551613      -53.72008549739307       1.63051436374924262E18   7.252985977174E12        11.65747767404585        -13.480404015789452      1.565714909543047        1.69183270967022592E18   8.397256420693574E12     11.22154342692149        -12.908913765847872      66.87733652513333        1.76157858369753165E18   8.219289205064047E13     3.5899247459254187       0.07253109297813454      2321.966817271501        6.6085191397139108E18
0                         0.024244897959183675     4.0574610141824125E14    3.4186955252789084       22.890549692567223       101.02291548244793       1.7453880398019408E19    4.266850518157095E14     3.418462755743623        22.497227925720342       127.91204132673332       1.8442733400073783E19    4.5082151479842006E14    3.417999391984932        22.05083776883863        156.18262644216992       1.9562818086853825E19    2.6891351911913378E14    3.6198226097352415       5.236852574909681        -169.57874292396198      2.484774578107616E19
0.004233333333333331      0.024244897959183664     4.118347296269314E14     3.4205379824105453       22.94115441910048        102.56338000087119       1.7847502829619378E19    4.330320410542399E14     3.420097354210559        22.545247774548297       129.41156791916998       1.8838137061604663E19    4.574368441323691E14     3.4194243473836816       22.096132783255406       157.65511364167162       1.995898438684215E19     2.7223929817914634E14    3.613639911754038        5.267764463197626        -164.5199884833432       2.4576076152699687E19
0.0508                    0                        7.727140881679855E11     19.003585614971882       -36.54221022168611       202.44185115665306       1.24551192745246899E18   9.433571645860837E11     18.643024437522495       -35.75634222399101       273.2441819150673        1.28720727381804595E18   1.167550988976811E12     18.248626443974217       -34.86600190615621       357.4250880888339        1.32974691998482432E18   6.574027636260923E13     3.596122231095138        -2.1390038231842574      3469.7809159561584       6.6262241607086203E18
0.05079999999999999       5.510204081632629E-4     7.035275528193305E12     13.581871098591886       -29.640309019535753      -89.88693069177637       1.72681261508320128E18   8.017729089770704E12     13.390213304282508       -28.968541952439544      -23.232091677494182      1.78487752615357261E18   9.246740324973041E12     13.144156839575057       -28.20554718870987       55.652494385138255       1.85339973558508314E18   7.950120392186355E13     3.6610887602052657       -1.5764531373750952      2249.7356021574938       8.2030642119822664E18
0                         0.023326530612244895     6.931556565296202E14     3.428019057828609        24.821164832308554       230.5503256399764        3.2756059173105345E19    7.177536843516506E14     3.4269626788703524       24.359599223928704       241.6605967889485        3.378316037158973E19     7.456870589202092E14     3.425656887386379        23.840311025583006       253.1638271901328        3.491659094076008E19     3.5588753489383944E14    3.614012956928981        6.180695005791332        -158.3552323328362       3.164540090530081E19
0.004233333333333332      0.023326530612244885     7.017387746983979E14     3.4299718584734755       24.864564867422825       233.7382197633071        3.337704737781335E19     7.259399978943371E14     3.429054425853078        24.401438859679796       244.82379771844978       3.4408770478497755E19    7.534725639379505E14     3.427873846265382        23.88056173588387        256.3137764823781        3.554692315356439E19     3.582291505797805E14     3.6091473304341513       6.211503992956529        -152.45191235113674      3.125699659769854E19
0.04995333333333332       0                        6.514975562873514E12     6.046114760212736        -80.58541736681923       2133.709485643996        3.2448298308740851E17    8.016706194172027E12     6.103192139435853        -79.46314469744696       2287.991415968736        4.3142004253463488E17    1.0008327437229676E13    6.148107976940553        -78.17713032912675       2471.475004846037        5.9217322066230349E17    1.2587826188031489E14    3.7692321325678404       -9.82342613061286        4721.5413052238155       1.9343884658504077E19
0.04995333333333333       5.510204081632629E-4     1.2144380638493172E13    20.368779119338118       -49.80759830075655       975.5328395171106        1.58918660122552218E18   1.3766549643905162E13    20.056960890114382       -48.95902797843693       1105.370451990521        1.71107317710727501E18   1.5783671876051896E13    19.72509636632313        -47.98923475343777       1259.5895893629547       1.87580151157474304E18   9.243636742368514E13     3.810508914747591        -4.424688202277815       2803.746247290216        1.2512555631328858E19
0                         0.02231632653061225      9.681591604874009E14     3.4367957487638954       25.970832612306673       216.74523937787052       4.694794375556974E19     9.930351909468889E14     3.4354057822035498       25.477256310323067       222.26603499098684       4.785730917189079E19     1.0212208556984242E15    3.433736625356725        24.923530460329058       228.24953790494666       4.88517282212585E19      4.552101330447806E14     3.607102445451982        7.005820402684205        -100.4747357398914       3.903339584200967E19
0.004233333333333332      0.02231632653061224      9.797928741829875E14     3.4384749980908875       26.009457515080953       223.10581267287756       4.774391349192572E19     1.0050488139558734E15    3.4368918214570967       25.514410043967814       228.6472220119426        4.8639235276498166E19    1.0336214484871609E15    3.4350276666937347       24.95917182395148        234.65711731549703       4.961824487555319E19     4.6038826363864194E14    3.6019989690601912       7.03371892985297         -94.5333039654752        3.876107077187612E19
0.04892842105263157       0                        6.371457461028556E12     8.113628065846964        -80.58541736681923       -944.0515259951167       3.6095062784088474E17    7.828399463273619E12     8.07011492713453         -79.46314469744696       -813.0102510456466       4.5166413601942944E17    9.76047735504513E12      8.013001291838663        -78.17713032912675       -660.0852225395322       5.9328123534805734E17    1.2004992707329014E14    3.7668147653339803       -9.82342613061286        1887.388070020867        1.933495578959254E19
0.04892842105263155       5.510204081632629E-4     1.593711812021136E13     13.109073987208474       -60.19405103067069       -308.7708173791057       1.579407307854592E18     1.8016754408514082E13    13.031406890035282       -59.25376702393598       -172.46154751170656      1.74046342165808333E18   2.0587331089407414E13    12.918337723150003       -58.178081736332075      -12.123389687716724      1.96328048495328973E18   9.797133305628027E13     3.9431242852094033       -6.028426984247052       1962.5527412866293       1.47697417218315E19
0                         0.021214285714285717     1.218556124693661E15     3.4453699247431366       26.75615251819631        215.4799770979323        5.987814622074595E19     1.2451405196078202E15    3.443409362221821        26.247540617880702       220.02360617268258       6.070057899313277E19     1.2750424831946218E15    3.4411552929416405       25.677208344777164       225.07609055673453       6.1590993359501386E19    5.657230987241889E14     3.597703465863451        7.70944247607254         23.86512282512807        4.653950360760807E19
0.004233333333333332      0.021214285714285706     1.230992346575131E15     3.447182337147654        26.793058360084373       225.18785832186637       6.08479422014288E19      1.2567924905725278E15    3.445373809852994        26.28333606204513        229.640188726786         6.166954497791331E19     1.285904017621584E15     3.443258122429311        25.711842525655854       234.5977585954918        6.255768292529686E19     5.681125660879714E14     3.5942388970419183       7.732995792717431        29.423632659841086       4.6127162092183585E19
0.04772526315789473       0                        5.792847005984438E12     6.279024951727801        -80.58541736681923       -1019.2505852950605      2.69612074266754816E17   7.146482557468441E12     6.320124734229411        -79.46314469744696       -896.417318754938        3.5752017223189485E17    8.947317006805156E12     6.3456653560364975       -78.17713032912675       -751.7270733067426       4.9498876768958074E17    1.121000438672214E14     3.8305061554133553       -9.82342613061286        1985.7673113485166       1.8312452735794708E19
0.04772526315789472       5.510204081632629E-4     1.5034508785370172E13    15.350937090996702       -62.47090683611127       -611.6351632445914       1.37355811142405427E18   1.6971640041940504E13    15.18670712853827        -61.508551224664565      -492.90940022995653      1.53000938708979584E18   1.9358561641529383E13    15.002097226340144       -60.40830039058965       -353.9685700831672       1.74750605162386944E18   9.506891037343208E13     4.006133868899525        -6.302982017248094       1585.2569059352481       1.4731980890748359E19
0                         0.02002040816326531      1.4324484071646292E15    3.45493731476378         27.312275568997496       244.57236228923404       7.171131749248669E19     1.4596303165634675E15    3.4528092420293035       26.795662098975054       247.94826477299017       7.24780212964089E19      1.4901431047147272E15    3.4503639919061047       26.216326266376427       251.757804410469         7.329855945003729E19     6.765149349617006E14     3.587889499961236        8.302306531725243        158.55631221246992       5.33356935539409E19
0.004233333333333332      0.0200204081632653       1.4480950528172308E15    3.456478442028766        27.347985494339067       256.70469838014975       7.2852236667246174E19    1.4757985093740882E15    3.454166245421119        26.830125082349472       259.9277572104644        7.359412826396276E19     1.5068381206475685E15    3.4515356029392614       26.249528665959197       263.5658576138645        7.438789064464728E19     6.819291449518678E14     3.5842862819040406       8.319162347436729        161.85493030658313       5.307106947125645E19
0.0463438596491228        0                        5.462565349903655E12     7.435809633364994        -80.58541736681923       -999.9257736168684       2.9679921218635398E17    6.742801436243261E12     7.450900839229993        -79.46314469744696       -888.4083211084044       3.7659675935282029E17    8.446682039451928E12     7.451849635463172        -78.17713032912675       -756.8129245243315       5.0218322624604768E17    1.0718737970240202E14    3.8325894557359756       -9.82342613061286        1860.9365082417512       1.6935731649826064E19
0.046343859649122784      5.51020408163263E-4      1.3750414714338756E13    12.62268833364621        -63.68604695875451       -620.4341360827702       1.3137516486151168E18    1.5554167142570895E13    12.555058349587563       -62.70807369208068       -512.1444339418986       1.4554768141769559E18    1.7786878742471766E13    12.458337537914556       -61.58892681530992       -384.609726876623        1.65335490662193971E18   9.122210028374267E13     4.03122820436122         -6.423510322504911       1452.2337417179824       1.382604384142193E19
0                         0.01873469387755102      1.6123818580631068E15    3.46579107019349         27.71629001868189        291.2338050298539        8.289158530563079E19     1.6416494947404862E15    3.463189256185039        27.194955388981988       293.31258864515837       8.358572089940346E19     1.6742698268040445E15    3.4602613501468915       26.61024492096557        295.7681963555756        8.432118611181927E19     7.929608624970448E14     3.576864927990682        8.809868842608525        278.9969320268912        5.970180090088022E19
0.004233333333333332      0.01873469387755101      1.6278395749928632E15    3.46746711451062         27.751735165633356       305.4900329815689        8.4179210010002E19       1.656024089738364E15     3.465028911167904        27.229331050273366       307.38236556578954       8.486669565583652E19     1.6875831490325412E15    3.462250373527444        26.643559369667486       309.62163548381704       8.559413544751822E19     7.935563077277079E14     3.574977339366304        8.821945272037711        280.810713762536         5.9323812815284314E19
0.04478421052631578       0                        5.022769585808833E12     6.428863178011798        -80.58541736681923       -942.3906583302492       2.376553720319416E17     6.205584073364059E12     6.4582525700212665       -79.46314469744696       -842.5692572417487       3.079046182942935E17     7.782538930246898E12     6.471320641394645        -78.17713032912675       -724.8757602363657       4.1814661802554221E17    1.0107800342835552E14    3.8187110456077558       -9.82342613061286        1703.7714596896171       1.4722599777022986E19
0.04478421052631578       5.510204081632632E-4     1.2984580274433338E13    14.146588491646945       -64.2580192670963        -599.2321176424547       1.21179211821980339E18   1.4715313487062754E13    14.029721367243196       -63.26632440116232       -500.2055060862202       1.34323273934734259E18   1.6866472485241213E13    13.892085922144481       -62.13056260466683       -383.566806217367        1.52699909705771392E18   8.939426916147919E13     4.019885949861889        -6.4470548272568635      1283.2327177221478       1.2668403201539303E19
0                         0.01735714285714286      1.7482512314818282E15    3.4789727114620144       27.996131372177235       358.52186432602485       9.359190515804656E19     1.7779147118133032E15    3.4762604172776075       27.472442805957495       359.2312843500638        9.423799549759937E19     1.8109542770643175E15    3.4732022312569697       26.88493635606064        360.2789907234907        9.491488658294252E19     8.993503088950832E14     3.568307610955054        9.227716827827482        390.2555222598644        6.526270078332104E19
0.004233333333333334      0.01735714285714285      1.7668578480043672E15    3.4803443965356085       28.031328953908815       374.04674738788464       9.503976442002398E19     1.797126855285322E15     3.4774568105202355       27.50641345806147        374.5428640794314        9.565097459268505E19     1.8308030030414528E15    3.474221578156847        26.9177284464743         375.3302881346073        9.629149821694419E19     9.036389635458989E14     3.5661597814073884       9.23371079359922         390.85085249384383       6.508185918665221E19
0.043046315789473676      0                        4.72304378519517E12      7.1366915685379615       -80.58541736681923       -895.4973653816689       2.46880265089010336E17   5.836670081622981E12     7.170227404573664        -79.46314469744696       -805.0019847837459       3.0783149862834643E17    7.322087614437063E12     7.189106509655362        -78.17713032912675       -698.120180603714        4.0248945861698643E17    9.720338764543148E13     3.779206172252818        -9.82342613061286        1549.8305514992533       1.2650855368930736E19
0.043046315789473676      5.51020408163263E-4      1.2226058373170174E13    12.589347350253831       -64.52525481520708       -572.3857063742907       1.17036803963588634E18   1.3876320096627078E13    12.518856930730298       -63.523739823045325      -481.16882388136435      1.28371206052818688E18   1.593177800504249E13     12.422370902232897       -62.377274130301906      -373.5926346701641       1.44097306072797107E18   8.714604847766469E13     3.992523860082694        -6.416043997428106       1118.2634909622536       1.1082308481328138E19
0                         0.015887755102040817     1.835685007400382E15     3.4946656907875053       28.161321720569802       453.7180651147624        1.040806040566136E20     1.8674234689814365E15    3.491507196358909        27.63690628207582        452.7065799657631        1.0465493336307365E20    1.902539713731435E15     3.4879980839678764       27.048393338640324       452.01510020766966       1.05250061035005E20      9.939858786715791E14     3.562826985553133        9.539614687731396        485.8123994622788        7.053100716390094E19
0.004233333333333333      0.015887755102040806     1.8531461144860245E15    3.496147085796925        28.196897305108774       470.23846745617806       1.0563887824488348E20    1.8836050863799648E15    3.4931660921505436       27.67134804182399        469.0493266102304        1.062017589460898E20     1.9175021571484575E15    3.4898188218673165       27.08177714599607        468.1132409647473        1.0678485775387812E20    9.919292460543385E14     3.562232940084594        9.54220200689691         485.6327142990475        7.024751554907922E19
0.041130175438596484      0                        4.388110834541712E12     6.523639677742621        -80.58541736681923       -846.6163436387266       2.04784762094899968E17   5.421814956088332E12     6.547612365058072        -79.46314469744696       -763.7721552234981       2.54175708174700224E17   6.801793475393944E12     6.556487110064616        -78.17713032912675       -666.0690695578485       3.3035085185867533E17    9.245610774750755E13     3.7326864449976767       -9.82342613061286        1384.656612925906        1.0454912606327527E19
0.04113017543859647       5.510204081632632E-4     1.1805650509261736E13    13.707347320632921       -64.61466834832774       -541.3416983468164       1.11062754617974797E18   1.3414435344692074E13    13.609809560052245       -63.605360624210455      -456.63588660612976      1.21158864627742413E18   1.5419434919027729E13    13.491903247691898       -62.45096486901873       -356.81222814663306      1.35026389232101786E18   8.659567330318166E13     3.9496294623362442       -6.349265164305917       955.3720710959724        9.764620313873281E18
0                         0.014326530612244901     1.8609901428078028E15    3.513934654550135        28.20868529927192        590.9038913221308        1.1458716356505502E20    1.8927475804501932E15    3.510680716422187        27.685337454205122       587.4228536788661        1.1512214367099585E20    1.9278693084254182E15    3.5070605431055966       27.097727265329205       584.287568998926         1.1566846235369806E20    1.0523055161809362E15    3.5654768293720287       9.72470251496324         572.2778549289386        7.57133080281658E19
0.004233333333333333      0.014326530612244894     1.881045541885764E15     3.5150512947876478       28.24456587294229        607.1718967175522        1.1627440772897138E20    1.9134110625100352E15    3.511633689256053        27.71990640839951        603.5375063806109        1.1676530296849008E20    1.949205767782329E15     3.5078466642299895       27.13109615802017        600.1495494756177        1.172670834548146E20     1.0552357003618568E15    3.5642507666247485       9.724139741153488        571.200825969927         7.5599873410694E19
0.039035789473684204      0                        4.1332731270206646E12    6.996418151453394        -80.58541736681923       -800.8523689351566       2.09435133556011552E17   5.108010377035151E12     7.034491117548482        -79.46314469744696       -724.4939744094083       2.51627665983390528E17   6.410063293929351E12     7.057840707252378        -78.17713032912675       -634.6000863197985       3.1530364471072371E17    8.91893792720118E13      3.676410891276889        -9.82342613061286        1226.6825121832117       8.8291548677634417E18
0.0390357894736842        5.510204081632633E-4     1.1332038562341928E13    12.686619709821622       -64.60937516960604       -508.5067008972891       1.09181221486697216E18   1.2885301097210412E13    12.610626748116223       -63.5942913025844        -429.3928944107493       1.17717406634796467E18   1.4823530191671664E13    12.509195119766336       -62.434053827258175      -336.2833588333563       1.29254374563091814E18   8.528697899892069E13     3.9044333236452538       -6.26647525546626        809.430335202269         8.4922421073060127E18
0                         0.012673469387755104     1.8151024838156252E15    3.5369526021001665       28.116074003972756       790.7387378392552        1.2520515889768147E20    1.848666018460028E15     3.533253735061799        27.596012252560374       783.0958748502512        1.2569794768839184E20    1.8855240145055838E15    3.529189812115482        27.011611554866587       775.8817992702227        1.2619046610455183E20    1.0689138499691434E15    3.5787089283512348       9.750112884587265        648.5215077393855        8.190537511290464E19
0.004233333333333333      0.012673469387755099     1.8329658751436428E15    3.5381291741037835       28.152990093497213       805.9773194225068        1.2693689296305607E20    1.8652119215901152E15    3.534627197637428        27.63163416710253        798.3640190743488        1.2741643378121879E20    1.9008372141298172E15    3.530742452725322        27.04607266378727        791.0426411436617        1.2789667763429299E20    1.0657059884363696E15    3.5785266822023183       9.749860171269521        647.2150026113584        8.159272054421348E19
0.03676315789473683       0                        3.865938299838263E12     6.595794721216568        -80.58541736681923       -753.6600053429258       1.8240193258468176E17    4.775867080369029E12     6.617124270225155        -79.46314469744696       -682.6601525953624       2.16139679035487936E17   5.992048885093839E12     6.623292913579279        -78.17713032912675       -599.4127157180873       2.66543664598797376E17   8.503882812766556E13     3.622552235475994        -9.82342613061286        1080.848207993969        7.4155147129714483E18
0.03676315789473683       5.510204081632635E-4     1.102670970495709E13     13.56034842838379        -64.56319300882366       -474.1400464503977       1.05467648774138662E18   1.254777303415109E13     13.47219908881369        -63.54432754024066       -399.8364321471473       1.13110889147045722E18   1.4448105324218557E13    13.362933888694075       -62.37984955045965       -312.6203929498205       1.23323328919962035E18   8.456348660187134E13     3.855091519673379        -6.201743798583469       684.4659392120313        7.6016761686157548E18
0                         0.011112244897959185     1.685366335458502E15     3.5617371551834176       27.85308083121012        1092.4604003717325       1.3349548153605772E20    1.7189925059824398E15    3.557973889707946        27.340243317156794       1076.5279307817827       1.3409076203366518E20    1.7558161472230438E15    3.553838156645285        26.763073624139647       1061.3707644850083       1.3467316558774052E20    1.0236783293658392E15    3.603912540058992        9.595196119249424        714.3384260899229        8.801145658887371E19
0.004233333333333335      0.011112244897959181     1.7047294831396275E15    3.5624897301091063       27.891469791886948       1104.0765054109893       1.3528349892539895E20    1.7388351123267888E15    3.5585784435636554       27.37701194941578        1088.3965232431822       1.3582406004207298E20    1.776211521661974E15     3.5542899140501234       26.79836540697088        1073.3425339252094       1.3635380181825698E20    1.0272376086652319E15    3.602493216049632        9.597397758850233        712.9098044421133        8.778568013567848E19
0.034312280701754384      0                        3.6493880427811777E12    6.928825125347111        -80.58541736681923       -708.031946482322        1.87156106828077344E17   4.50978993267571E12      6.968742050139149        -79.46314469744696       -641.9217996846203       2.17203972761595264E17   5.660709444224656E12     6.993961660946416        -78.17713032912675       -564.6610972790603       2.609379699727296E17     8.191902295135625E13     3.565099238774763        -9.82342613061286        954.1458409773745        6.5025187329842616E18
0.03431228070175437       5.510204081632635E-4     1.0628164224683586E13    12.79374978103291        -64.51423089016103       -440.1304409082903       1.04872047747984243E18   1.2098553630579723E13    12.714595648158348       -63.492612674311744      -370.23075430980884      1.11438341388730829E18   1.3938619481977348E13    12.609958433303946       -62.32491430154546       -288.38057534397063      1.2006299382079337E18    8.226436397434205E13     3.8117230467553633       -6.1724271729330775      577.0931363847792        6.7944881150529219E18
0                         0.009642857142857144     1.470256822726139E15     3.5874748084395662       27.361241885348623       1619.5059922275261       1.3660242463375273E20    1.5061924289117455E15    3.5833118895827374       26.862838049523564       1582.1115796447007       1.3752563474733947E20    1.5452169313615708E15    3.5787880748829863       26.30017221420302        1545.2202487185123       1.3842244022211727E20    9.37530704454806E14      3.6357475290234613       9.263107376251885        768.3847283870182        9.299829992521756E19
0.004233333333333334      0.009642857142857139     1.4867171852733372E15    3.588269459564233        27.402948006696157       1624.0062699856867       1.3834311596491648E20    1.5215047442915855E15    3.5843269839816445       26.902756853857692       1587.4689486872326       1.3925061494069767E20    1.5593865452801475E15    3.5800057795364624       26.33833355853414        1551.7158098221387       1.4013140830468378E20    9.369097730971598E14     3.6347862920073313       9.271609545379208        768.7062018462371        9.249660951487131E19
0.03168315789473684       0                        3.430643541242214E12     6.6404701986298384       -80.58541736681923       -663.0874803796373       1.69520216056161344E17   4.238302637632613E12     6.660364902068246        -79.46314469744696       -601.3595289326076       1.94248430054553952E17   5.319067161122694E12     6.664844840245573        -78.17713032912675       -529.3954197672813       2.29906694998977152E17   7.809892019111158E13     3.513534595775127        -9.82342613061286        841.1626161985962        5.7604406959573606E18
0.03168315789473683       5.510204081632635E-4     1.0310868964068662E13    13.490962215812798       -64.48821567858262       -407.6709245185631       1.01813474016426995E18   1.1748469311720426E13    13.407667709784834       -63.46386856881198       -341.84899062515586      1.07891072885295117E18   1.354875944077589E13     13.30303756823217        -62.29334245283146       -264.89973073719614      1.15792929582659584E18   8.044381725730955E13     3.7682267767027584       -6.166365255016125       487.6957917549883        6.2993370443652844E18
0                         0.008265306122448982     1.1487117861120945E15    3.6144709010422384       26.473477502995603       2615.555175346041        1.2752001772382388E20    1.1881839028275892E15    3.6102594662798806       26.012712895708507       2547.6119725469407       1.2960137733926532E20    1.2304037354536862E15    3.6056968874557422       25.48650967223088        2472.040596182331        1.3161355916038106E20    8.107829697365711E14     3.6730743901873915       8.748557423356347        787.7260911424781        9.454329771797778E19
0.004233333333333334      0.008265306122448975     1.1654945576533798E15    3.6147990821649207       26.52277991737851        2610.181346056075        1.292917371472281E20     1.2051534019492742E15    3.610457950220616        26.05900893274741        2542.5164366132353       1.3129268166393843E20    1.247366608980604E15     3.605765666875533        25.52928987026845        2468.826577455885        1.3320568932123332E20    8.16594133971622E14      3.6705821507179275       8.76420155965502         792.2273656409699        9.420480441634474E19
0.028875789473684205      0                        3.248004684044758E12     6.881573817964419        -80.58541736681923       -621.0890254231047       1.73279698121729472E17   4.0145613585676406E12    6.921809217278962        -79.46314469744696       -563.51437125809         1.966623305586568E17     5.041133182476091E12     6.947892031098004        -78.17713032912675       -496.51354690832557      2.2959282689551072E17    7.519598267655369E13     3.457956485331537        -9.82342613061286        747.1760475180172        5.3446144987144847E18
0.02887578947368419       5.510204081632639E-4     9.894569060009406E12     12.841375605628201       -64.4999915609755        -378.0528701149143       1.01207226780548582E18   1.1280902253702523E13    12.760820982213328       -63.472576893505824      -316.0731580470571       1.06602841797813427E18   1.301938299678961E13     12.654708238656466       -62.298703206708474      -243.70784321837573      1.13502700715309184E18   7.74428497563606E13      3.73205926367704         -6.1902328725652715      414.60792849582924       5.8622981637675889E18
0                         0.006979591836734696     7.17540894308307E14      3.642905191186739        24.715695434871385       3891.7624107137062       9.320982095697017E19     7.581987518659479E14     3.6381605682934923       24.345777789623916       3847.0758255859723       9.711505208454472E19     8.070313987216744E14     3.633042267154507        23.930558067129187       3787.2791546068283       1.016939402080796E20     6.651669794399401E14     3.7106660989187548       8.02404413981763         752.0923236335918        9.072490539432018E19
0.004233333333333334      0.006979591836734691     7.302892494954924E14     3.643214987304537        24.78439222541153        3888.5777311828797       9.48759187621938E19      7.709696137389404E14     3.638724655765473        24.41205735904141        3842.6340110922356       9.883087617424563E19     8.187267155714022E14     3.633864946166032        23.98934378363192        3782.821672063714        1.0333709279533148E20    6.682430190998572E14     3.708299620900307        8.052129604623325        764.3254869472107        9.027582694529707E19
0.025890175438596487      0                        3.06882592569242E12      6.653572225302261        -80.58541736681923       -582.0346236018963       1.60084497582439072E17   3.792693879542147E12     6.673148336310726        -79.46314469744696       -528.2450043904039       1.80087653852649952E17   4.762205046250124E12     6.676593353648122        -78.17713032912675       -465.70460581222767      2.08034201312821664E17   7.183627038733472E13     3.4047702230569166       -9.82342613061286        675.3360818113003        5.0166914422291948E18
0.025890175438596487      5.510204081632639E-4     9.531445187968834E12     13.40395818414655        -64.55555012276483       -351.94218679428474      9.7819693197392051E17    1.0881667673032764E13    13.324555852305982       -63.52412216548127       -293.53874334063454      1.0299836735733545E18    1.2576429447412346E13    13.223855159511658       -62.34611163767669       -225.37986198786925      1.0958496072486944E18    7.463991360864122E13     3.6956717835053245       -6.256919545043522       357.17364485219844       5.6200918559277271E18
0                         0.005785714285714286     3.319901992752184E14     3.6823772700607336       20.341854518090038       4422.785560534909        4.5561568585201615E19    3.5223614840744356E14    3.6757115486303187       20.230880500719458       4468.741809643299        4.826022509060817E19     3.7829793891298594E14    3.6687280625579772       20.101091755509295       4511.4354591684505       5.1660330425618104E19    5.050038798114995E14     3.7469679970598744       7.035713519909786        634.7276524777822        7.9267005280172E19
0.004233333333333334      0.005785714285714284     3.3810090758696394E14    3.6816496104499934       20.458645712233288       4435.36485434757         4.634946880363893E19     3.588741323894096E14     3.6749599154659474       20.341522808161134       4479.798730124295        4.908765380035534E19     3.856055632717814E14     3.6679878012488922       20.204823586937195       4520.678970514915        5.253419486252107E19     5.121329004240827E14     3.743091312146537        7.076411653258264        661.3784533475175        7.923153159021235E19
0.022726315789473678      0                        2.918528806003016E12     6.831672568870739        -80.58541736681923       -547.2101187794383       1.61930099575899584E17   3.6091625140716807E12    6.872190378011984        -79.46314469744696       -497.01526759228807      1.81827363341268832E17   4.534681125353493E12     6.899094525401           -78.17713032912675       -438.5774225445483       2.09142880221095392E17   6.932248560581723E13     3.3477574471591143       -9.82342613061286        605.3098875937256        4.9197655716658299E18
0.02272631578947367       5.510204081632642E-4     9.093822896469465E12     12.807749125951746       -64.6533218019065        -329.7269680027393       9.661590533199305E17     1.0393423554237424E13    12.728461334674227       -63.61643441009183       -274.66373675843363      1.01382961227655168E18   1.2025013994452549E13    12.623372546610636       -62.43348654113551       -210.35249113423845      1.07331249350300608E18   7.184441560429098E13     3.6661034005270285       -6.302477873815274       315.9275145760423        5.4743428051877007E18
0                         0.004683673469387755     1.715398345130755E14     4.027722970674766        11.505170904800353       3816.2515766185697       2.1133618352848564E19    1.804445682574726E14     3.9504080347337345       11.737222069101652       3929.5986955005956       2.2479350086750675E19    1.9144562942849384E14    3.8788365600325245       11.998749075318013       4056.392582350774        2.412577850885455E19     3.5622753564963556E14    3.7774012580304386       5.735912960057147        358.49054306572947       6.1069886402029445E19
0.004233333333333334      0.004683673469387753     1.7373797204526494E14    4.013695881780187        11.661290327480373       3837.306714694187        2.1438545334835274E19    1.826750316105542E14     3.9395017985089495       11.888355413419866       3950.011213586932        2.280718807507511E19     1.9378222616506375E14    3.870980894426399        12.14573659259742        4075.6827519655426       2.4491017619080557E19    3.607504692546914E14     3.7736018047816167       5.794497309275692        403.8603941416826        6.117219214117654E19
0.019384210526315785      0                        2.776431084803931E12     6.639701533215382        -80.58541736681923       -516.5706558488632       1.50952087348046304E17   3.433434909812158E12     6.659856412965977        -79.46314469744696       -469.59450531485277      1.68611362358260832E17   4.3139148057740195E12    6.662862012688971        -78.17713032912675       -414.76897701607265      1.9263026209332864E17    6.6472211372500195E13    3.2899230662141137       -9.82342613061286        574.2716258215644        4.8765455508603269E18
0.01938421052631579       5.510204081632643E-4     8.718827110225414E12     13.276324068075407       -64.785119745614         -311.361442856031        9.2810044913152704E17    9.983429425146064E12     13.201463068579972       -63.741994865669156      -259.3367104760382       9.7553347500800397E17    1.1570945626645682E13    13.105233788756697       -62.55309508080689       -198.46288695349378      1.03426632648171277E18   6.850026224179328E13     3.638776896864938        -6.435350210594977       298.95076521224604       5.4263959912570214E18
0                         0.003673469387755103     9.944354604654677E13     7.992399185479785        -1.1054740911183174      2721.4384343246993       1.0619574569487182E19    1.0413748700953131E14    7.492121399334571        -0.6115483538386445      2846.833820642506        1.1236320853051955E19    1.098091800687018E14     6.929826886439943        -0.04797187028814698     2991.4062077786425       1.1966552850657581E19    2.284210027487058E14     3.8006317958133744       4.013199997305645        -191.3700454544249       3.923741433330898E19
0.004233333333333335      0.003673469387755102     1.0067208787544861E14    7.906252107310446        -0.9405990893395114      2742.124278979276        1.0700706177655984E19    1.0545090004544427E14    7.406397818008103        -0.45096702565635327     2867.684100193929        1.1318593220965603E19    1.1123657200694497E14    6.84863951718051         0.10960206995439215      3012.162309281672        1.2051645255613893E19    2.3378648028478697E14    3.795431220943813        4.089953498079947        -133.10798361442963      3.961007157109366E19
0.0158638596491228        0                        2.6616929225310786E12    6.7791052677690145       -80.58541736681923       -491.00185430680335      1.51622503843504896E17   3.2932035177491006E12    6.819065941071596        -79.46314469744696       -446.7111890685733       1.6968351437135216E17    4.140589066976644E12     6.8470900316039          -78.17713032912675       -395.0846422370875       1.94200447482006688E17   6.440047270250891E13     3.227135574677347        -9.82342613061286        555.5044999102763        4.9995550581533061E18
0.0158638596491228        5.510204081632644E-4     8.317338878304697E12     12.714732803805688       -64.93457287849549       -296.82535007894853      9.1310312366248883E17    9.531446123849484E12     12.63724055037784        -63.8879786894734        -247.40553615448462      9.5748217825159642E17    1.1061967445573438E13    12.535339217243544       -62.69221268559516       -189.53994370855656      1.01221166364207117E18   6.480311069578788E13     3.618509252116251        -6.570417972441742       293.15086971560777       5.3807492483541996E18
0                         0.002755102040816327     6.0621216499077336E13    13.211869213332378       -16.091345348740834      1637.16889329772         5.4122079687318733E18    6.371287797468144E13     12.789738708703094       -15.400598281900958      1747.9363290519545       5.7369742653175962E18    6.7375932551454984E13    12.309221468189717       -14.611803330284726      1877.4725921843224       6.1248414166996613E18    1.3815740038154334E14    3.8110808703000476       1.738782610688839        -750.7299368099023       2.102981762628248E19
0.004233333333333335      0.002755102040816325     6.11876029912578E13      13.110187361078918       -15.938916184898913      1652.6246427068284       5.4967619986683535E18    6.426683427725745E13     12.695592114268235       -15.251655305710086      1763.8214140208934       5.8255797058257777E18    6.792804398892178E13     12.219484217897802       -14.464779038605673      1893.7137238438925       6.2175638438314732E18    1.405457674895068E14     3.806291470559261        1.8220677317319205       -697.6276541880613       2.1236374843500188E19
0.012165263157894745      0                        2.561095424523906E12     6.613004565857258        -80.58541736681923       -470.4402414406171       1.42751464356808592E17   3.1680838235249897E12    6.634202821205641        -79.46314469744696       -428.1771125742997       1.59154517525327904E17   3.9832813649856494E12    6.637041124519285        -78.17713032912675       -379.2387281913752       1.8137204455365152E17    6.218448469511664E13     3.149988774298114        -9.82342613061286        552.1442696647634        5.1265090811396936E18
0.012165263157894743      5.510204081632646E-4     8.013049954499179E12     13.136509995462564       -65.08439130289364       -285.79403380310833      8.7807689746153446E17    9.19189261157255E12      13.064183874244414       -64.03650396163938       -238.438620444021        9.2205423729047987E17    1.0688411951555123E13    12.972561835811494       -62.83388268449495       -183.13379545352012      9.7778897661110835E17    6.189968829726632E13     3.6067110165749603       -6.714314448976172       301.47309916959637       5.4815082513027461E18
0                         0.0019285714285714288    3.527958532292014E13     15.860297622572029       -32.37723542593052       764.0439128411625        2.9338321600383621E18    3.758143861532558E13     15.571300567734777       -31.5340222260131        848.7091082726257        3.0938204426220411E18    4.030796255867806E13     15.234279441835586       -30.570864628834634      948.6879474069426        3.2837581896418985E18    8.781595868305616E13     3.8039537732434723       -0.9627763027200645      -744.0174267896241       1.0985407065349288E19
0.004233333333333335      0.0019285714285714281    3.572540889863719E13     16.117838087385575       -32.25237715506951       773.733341730812         2.9207090127113395E18    3.805797516544603E13     15.815939008582731       -31.4118940100191        858.9876849854372        3.0825081660032988E18    4.082421479842412E13     15.470003019656843       -30.44997869012116       959.6029141762731        3.2748918222843648E18    9.023880909157073E13     3.7963778475245924       -0.86579910397407        -724.6777291627329       1.1130805883069958E19
0.008288421052631586      0                        2.4899745118777334E12    6.735581196914281        -80.58541736681923       -455.2111223100612       1.43837726122004672E17   3.081216135903166E12     6.774995967551588        -79.46314469744696       -414.6847091640082       1.60950688791505216E17   3.876044425193241E12     6.803361880470268        -78.17713032912675       -367.6566608323924       1.84197868510529984E17   6.084105474492107E13     3.5462084064910258       -9.82342613061286        2.6008853306665165E15    7.1090703415752919E18
0.008288421052631586      5.510204081632648E-4     7.728789661918129E12     12.614409368741477       -65.21591227223402       -277.96496119544787      8.6831650983193062E17    8.871306582064336E12     12.53799587089598        -64.16500917596422       -232.2992528601623       9.1047872147748506E17    1.0321525600787346E13    12.438369461884784       -62.959763459788185      -178.8905134501108       9.6298113606472307E17    5.935429410061833E13     3.5980284964579177       -6.817657384374914       1.300876738378183E15     5.5673166872867686E18
0                         0.0011938775510204082    1.8087579951146566E13    16.1089185382679         -49.05227319683939       146.73186130378357       1.63980837012798874E18   1.983154355718887E13     15.927237803508213       -48.089754400199844      206.59980585062743       1.72403355923942221E18   2.1944037225537785E13    15.714691497412662       -46.98955061686092       277.350525337469         1.82486775377878554E18   6.520987271155812E13     3.781508352928833        -3.922291400006016       11652.89059061132        7.0683543345750794E18
0.004233333333333335      0.0011938775510204071    1.824245968153225E13     15.65971172332859        -48.964491612010505      150.33253063551615       1.67823638854288486E18   1.9987198029115254E13    15.4866938706702         -48.00379286699905       210.71390514666749       1.76155749846969395E18   2.2103286025371273E13    15.278916716762119       -46.904283927027855      282.04912534519883       1.86085345319218278E18   6.6316795839247445E13    3.7573984788053436       -3.83680728318528        5774.337185449221        6.9811775149206036E18
0.004233333333333335      0                        2.439500900874745E12     6.591504019375712        -80.58541736681923       -445.4767662394405       1.37456051407053824E17   3.0180477879735376E12    6.613253976529507        -79.46314469744696       -405.9981646649455       1.534118101399304E17     3.795497480191308E12     6.616122110755511        -78.17713032912675       -360.1356457208093       1.74821510302661376E17   9.468874788094772E39     1.2799443359259193E20    -9.82342613061286        1.8354137247926793E52    5.58783429261665E48
0.004233333333333335      5.510204081632647E-4     7.575727068821568E12     13.036259916254288       -65.3099892106334        -273.15349275745837      8.4396512794246349E17    8.703950083210155E12     12.966374721118111       -64.2567482411418        -228.53035009044663      8.8695966261732582E17    1.0134266678490238E13    12.876222849417623       -63.050789471625635      -176.32336468490996      9.4040312595404134E17    5.798416716086284E13     3.8334325900671202       -6.906199000164319       9.17783800798412E51      9.564137980629805E18
0                         5.510204081632653E-4     7.473480768804821E12     12.568467991112534       -65.35482007591861       -271.9255275469833       8.4882871271564186E17    8.586275912253822E12     12.493681307166499       -64.30067850848407       -227.764166389546        8.9058518903441088E17    9.996557831201125E12     12.394017917782557       -63.09441043694244       -176.0803824641542       9.4200237320948864E17    2.335916310281659E14     9.366143634718654        -6.956564589178495       1.816077480778584E52     1.0351976940325635E23
0                         0                        2.4194585230862637E12    6.717932836869933        -80.58541736681923       -442.149816781416        1.40731558371926752E17   2.9944755795543384E12    6.758140342004861        -79.46314469744696       -403.11705828691646      1.57659988069224256E17   3.767334927327001E12     6.786274732307693        -78.17713032912675       -357.74993495680656      1.80505804770940992E17   4.833100928385382E97     1.6930562306891254E59    -9.82342613061286        3.6318472079488785E52    2.8521411206778928E106
0.09958644688644686       0.06255156250000003      3.1355079209374194E11    2.664536068362067        1.5456264891942917       -7.823681513856186       6.341640565783752E14     3.8889065125731964E11    2.7033305543318757       1.530171978132816        -8.605800019606246       9.960355662100324E14     4.9379346171902295E11    2.7467215755291967       1.5122155078409754       -9.473482988088596       1.625985179256851E15     6.684728253069747E13     2.7258838613321315       0.06439733790299057      1.9886846556191629       7.9074475940453504E16
0.09958644688644684       0.06080312500000001      5.979662959372117E11     2.785234526204452        2.830158159591811        -11.782132083153426      1.4910884690974165E15    7.18346862626386E11      2.8127650140183245       2.7973578464973916       -12.58410398647779       2.1158529450208265E15    8.811640146084064E11     2.843904855210416        2.759294429131935        -13.41551296570719       3.11340718398777E15      6.713530418340159E13     2.731568203395593        0.08784646124561407      2.3512231320497357       8.2555202265650288E16
0.09739780219780213       0.06255156250000002      6.299583854952156E11     2.8045749236497786       2.911663660728657        -13.552144777359693      1.6350452849757605E15    7.552412539026174E11     2.83135213674458         2.8774699900471297       -14.361423863335549      2.3028495955112705E15    9.241524249078514E11     2.8613846665758835       2.8379065988143295       -15.192062700528247      3.356352462180782E15     6.715017320466065E13     2.7327344992950504       0.0866173082448632       2.8036355914334203       8.3227520465700176E16
0.09958644688644686       0.05847187499999998      1.0858702338325975E12    2.9125762768987364       4.253137120608909        -17.313777224098676      3.9445561961477245E15    1.2754729615604265E12    2.931274258538461        4.196094760546811        -17.890140476488988      5.193499309637168E15     1.5259686544972986E12    2.952239335227935        4.130191695652712        -18.39266605174879       7.040758170509509E15     6.756556223025491E13     2.74239338304222         0.11456340735774184      3.4433567117701944       8.9519486171037728E16
0.09739780219780214       0.06080312500000001      1.5510058301268525E12    2.9515612973442913       5.324080562626979        -13.099292472793074      7.177669346168957E15     1.8013888731403723E12    2.9649761178505543       5.251136825278421        -13.498409939398229      9.046602158824208E15     2.1290127283937654E12    2.980628474466987        5.166684791657041        -13.767166620090943      1.1730354335528898E16    6.7994488774148734E13    2.742230401638316        0.14510499666264953      2.3391291992042453       8.9932080235918192E16
0.0944212454212454        0.06255156250000005      1.1751146402645828E12    2.942920684755302        4.401685910374696        -21.780974440739584      4.77617239336317E15      1.3774310176278572E12    2.9607071012896884       4.341675600534271        -22.333613602690505      6.232932765905705E15     1.6431584217967195E12    2.9802245738554936       4.271448100116697        -22.798825672213706      8.34707954304507E15      6.7608538301753805E13    2.744833581668353        0.11572914685763758      4.155303326503811        9.1041886148530816E16
0.09958644688644684       0.05555781250000002      1.844778843860795E12     3.0109495440463823       5.681239817885223        -23.700079628735562      1.0167912766144768E16    2.132916236995934E12     3.02294953794079         5.5946628068819075       -23.882467670446793      1.267154458062742E16     2.5065568396262534E12    3.036187558757831        5.49498518573659         -23.88839345194953       1.6165167126951634E16    6.8043889006071016E13    2.7531633403890687       0.1484836898566806       4.8632372530724215       9.699818535920792E16
0.09739780219780213       0.05847187500000003      3.6376009434685723E12    3.065533151159282        7.911061129325417        -9.438060610642948       2.9096905812833272E16    4.124995659746195E12     3.070705203136484        7.782610200730202        -8.918754745286687       3.4367107745869656E16    4.745835533212527E12     3.0770917292601387       7.634882001213689        -8.054731448224771       4.1460855489062264E16    6.90622137563182E13      2.7514461940640924       0.20550728471205995      2.877692093369043        9.7163398119897344E16
0.0944212454212454        0.06080312500000001      3.706300365291323E12     3.0734017820701744       7.94719739946939         -12.351678663730414      3.046262668728386E16     4.2036675562031943E12    3.0785721942874575       7.818639313996522        -11.879794606911263      3.598087240242238E16     4.835983120393157E12     3.084795771819961        7.670184055749394        -11.084033961819129      4.3368340181121288E16    6.9093927274090836E13    2.752605573634257        0.20238634583455184      3.371941225687566        9.7952107678476448E16
0.09065677655677652       0.0625515625             1.98667574503827E12      3.0340665233768154       5.813835768878436        -31.10723331241168       1.1825218689087748E16    2.292596966816568E12     3.0453165564964215       5.7226008494556515       -31.209450552710837      1.4640617710882324E16    2.6874397462559536E12    3.057372762117472        5.617194908044095        -31.11514056875184       1.8510703581063648E16    6.81232952558515E13      2.7564017445501676       0.15159454848583445      5.832662613002876        9.9244892896663504E16
0.09958644688644688       0.052060937500000015     2.9278316092898E12       3.0669784310320733       7.0161337645702435       -30.049286136409105      2.0709584460159652E16    3.34107124539868E12      3.074628909213871        6.899150896879738        -29.750771988882374      2.4842018366709792E16    3.8696233352335996E12    3.0828782461778674       6.765369918636232        -29.18466168976326       3.0383773310022428E16    6.8717626709338164E13    2.769914422039606        0.1911959296440002       6.782287970951456        1.09857775004635216E17
0.09739780219780213       0.05555781250000001      7.702391819099926E12     3.1293693685628616       10.34929573138661        -1.5753675288781182      8.8350065724469664E16    8.553052449758431E12     3.13061323978485         10.155806648302278       -0.08103860133448393     1.00250753026313776E17   9.61277892348861E12      3.13239260400347         9.934865007642133        1.8852136581165428       1.1555136922912408E17    7.047757666049295E13     2.766532923378649        0.274159437339133        4.082302094021561        1.09760610538924624E17
0.0944212454212454        0.05847187500000001      1.0780476089837797E13    3.1471279294414516       11.510866249206028       10.792577830313686       1.42462751721567248E17   1.1865998121111312E13    3.1469794088314935       11.286635230084217       12.910044720307887       1.59241693478475936E17   1.3200978748529473E13    3.1472681966208063       11.029733495132922       15.57971807294672        1.8043989428792816E17    7.115366300328997E13     2.7663908999234543       0.3101496457775274       3.383843805245154        1.10633125784731184E17
0.09065677655677654       0.06080312499999999      7.660841766298264E12     3.1325281934658036       10.286495212107905       -9.409632974471293       8.6172281198833376E16    8.511999912273419E12     3.1339528373061114       10.09367132703851        -8.114597828763696       9.781763386293064E16     9.565922648040857E12     3.1357704278764675       9.871597271289104        -6.4082623534219385      1.126489545667304E17     7.049236334945533E13     2.768260443369412        0.270704221744352        4.785336070947599        1.11034697181506528E17
0.08610439560439562       0.06255156250000005      2.9782545953094565E12    3.0753796030571277       6.965158301465567        -39.22419582239137       2.0712006622887744E16    3.3935998991058325E12    3.082803494261618        6.843577607445173        -38.768012532015746      2.4815604802905968E16    3.922938150979859E12     3.0905906404532173       6.704504442810992        -38.03766337708954       3.0274425554975936E16    6.874139595349963E13     2.772020445200469        0.1900996919108789       7.827596118208536        1.11473198278933072E17
0.09958644688644687       0.04798125000000001      4.32692113372528E12      3.0897018472652418       8.195986382603234        -35.02913481095444       3.310296744391456E16     4.890876102305621E12     3.0943444499005683       8.051702433838928        -34.17328905192005       3.8725695699899768E16    5.602700914716075E12     3.0992843382633097       7.886670175627621        -32.975670847847525      4.6073337687029384E16    6.945114473534066E13     2.786894794724265        0.24190347790434497      9.403313031152047        1.2464187842432568E17
0.09739780219780213       0.0520609375             1.4448875470442762E13    3.152961671336152        12.44702845513238        8.285091460015101        1.92404913360032896E17   1.5779777521327959E13    3.152231186382233        12.190965904315634       10.36142983920609        2.12182826500418016E17   1.7400383722331744E13    3.151667771681264        11.899190126443385       12.907081918868752       2.36656659584210144E17   7.21653102349259E13      2.7818066074047056       0.35847284558885645      5.723812213359207        1.24390613815736944E17
0.0944212454212454        0.05555781250000001      2.5942540326968113E13    3.1763370434348333       14.493736208254          45.32382528903607        4.4175921610147526E17    2.7799267653344566E13    3.174136049948472        14.164422246979715       48.119145631269106       4.7403854191712474E17    3.001727273732088E13     3.1720148021056898       13.791260824979517       51.373171982233806       5.1283864521203968E17    7.370873334240858E13     2.7801515934771093       0.43153024891451547      4.160517959125151        1.25486616836279536E17
0.09065677655677655       0.05847187499999998      2.5176043275058613E13    3.1747123637161176       14.374612591161714       36.34202610059238        4.1345442770751674E17    2.7036189498408777E13    3.1726459607423667       14.053111662893318       38.942006677167626       4.4461479983399162E17    2.9266293333833918E13    3.170627756159679        13.68906038301476        41.96789863570278        4.8215350627231296E17    7.363236177280466E13     2.780424192332885        0.42107921495668854      4.647608129333452        1.25565471416584992E17
0.0861043956043956        0.06080312499999999      1.3148442232481133E13    3.149366824998597        12.062929602890268       -5.40441948332916        1.60807586675657888E17   1.4380626486762861E13    3.1489488065668274       11.812783391175996       -3.5828227713056133      1.7770713029995184E17    1.5890923739692383E13    3.1486358606998683       11.52958789101192        -1.3406089665491958      1.9871188211598848E17    7.195962230418134E13     2.782252552508941        0.3445715065215508       6.392380926388011        1.24453566707524672E17
0.08076410256410256       0.06255156250000002      3.8598873907506313E12    3.08869936267382         7.719520105971647        -44.38233163423532       2.7778801802772884E16    4.3675928316462144E12    3.093970034941574        7.578383588151899        -43.431374240986464      3.2739013774784268E16    5.01400615715292E12      3.09947170265392         7.420432087505999        -42.15217739228024       3.9279894724773096E16    6.917993250177417E13     2.784272762794149        0.2226026956529398       9.752958237869231        1.22004219965506688E17
0.09958644688644688       0.04331875               5.97860687248539E12      3.0932003574607467       9.20782503365473         -37.77648201986788       4.5626116432599376E16    6.700601231184199E12     3.0963514076187755       9.039903656998291        -36.32097349530994       5.2567004937916328E16    7.615838154344147E12     3.099632529967083        8.853346292310516        -34.47031166859727       6.158824954673604E16     7.048268372456067E13     2.8103572355576416       0.3048728367399276       12.862274024542097       1.48201435622833728E17
0.09739780219780213       0.04798125               2.4065360028663074E13    3.1512850349606194       14.157043151428509       18.677702298773056       3.2051100604973018E17    2.5912074639606137E13    3.150008340449942        13.84887527526694        20.97801317663542        3.4669086104656902E17    2.8132519734587516E13    3.1487204075422985       13.499978936559561       23.693101598891822       3.7835479714098944E17    7.434054551461806E13     2.8038877154952555       0.46092426408147674      7.978229176352826        1.48254155421307776E17
0.0944212454212454        0.0520609375             5.029688920534389E13     3.177896610314461        16.69124168432266        73.84709845552574        9.0705158796752486E17    5.284804381511301E13     3.1753252435479475       16.286884599770822       75.81520080008613        9.4625634360275622E17    5.5851967050475414E13    3.172638998878557        15.832470274723118       77.97154615484308        9.9184575163917722E17    7.699523606619362E13     2.8004923602265244       0.5696505272140873       5.686471833030263        1.49750088248791584E17
0.09065677655677654       0.05555781250000002      6.011248087700714E13     3.184580275635433        17.272785470471298       87.87335441505242        1.14682281019864909E18   6.2767110189461445E13    3.1817538641795515       16.84527017429105        89.39230771806352        1.18478595965372493E18   6.587735800401789E13     3.1787707931133893       16.365620172038113       90.96580900711291        1.22851468369256243E18   7.77625566379051E13      2.7993818077517543       0.6022576954859017       5.069625394861552        1.50102179977324864E17
0.08610439560439563       0.05847187500000001      4.501764659547698E13     3.174005766120203        16.298652158702843       52.57531659771907        7.4823093484451827E17    4.7425391013354055E13    3.171630554238736        15.905819480039767       54.51212281560153        7.837602860405751E17     5.026251214709689E13     3.169136028331511        15.463765467049651       56.68332659793187        8.2523188194877824E17    7.641421663340097E13     2.799139455085386        0.5388020483709235       6.1747770962631305       1.47330644041411648E17
0.08076410256410256       0.060803125              1.845387299402261E13     3.1482389247676883       13.179720760146575       -1.4815408916539718      2.22889784975108448E17   1.9960317250365938E13    3.147461004702495        12.891425850435498       0.5980658196474913       2.42887458653402208E17   2.1803769309877008E13    3.146698546693637        12.568456480164627       3.1006303223687732       2.67578891277387584E17   7.329022189878702E13     2.7988288784296493       0.4084391403547094       8.016120116603318        1.41514697347745904E17
0.07463589743589742       0.06255156250000002      4.2135757228298564E12    3.0912709966889724       7.966447848508159        -46.05264328906815       3.052397308655372E16     4.756207585005073E12     3.096347726555593        7.819645472722428        -44.93778463251451       3.5855308478754412E16    5.44751246367533E12      3.101638859537848        7.656395634073539        -43.47706239206701       4.2875524951098928E16    6.942800359532587E13     2.7956607110796          0.2400312380676178       10.949489337970041       1.3215042532149352E17
0.09958644688644688       0.0392390625             7.451493389808619E12     3.0893770853345677       9.917947854850478        -38.771873135710905      5.5861822668384928E16    8.314328065778915E12     3.0916396905236216       9.734729862507738        -36.87272260379081       6.380160176303244E16     9.395894269368959E12     3.0939763799398636       9.528983205016889        -34.53000172867585       7.3980437626972208E16    7.14177403147206E13      2.8280478870172745       0.36283679048976136      16.332115047580892       1.68902421043252064E17
0.09739780219780213       0.043318749999999996     3.635047832278645E13     3.138871393589875        15.544181262141704       29.052354803256385       4.5666676228778336E17    3.869991937520096E13     3.1373617214430127       15.191297227085736       31.399868690588193       4.8706912111088666E17    4.155147974001414E13     3.135781828782061        14.797864695176534       34.175156528057364       5.2400006283091507E17    7.697992947393648E13     2.8261651602659086       0.5844326917333719       10.943817976501279       1.77329818031331808E17
0.0944212454212454        0.04798125               8.191876241994395E13     3.165058422247348        18.27362347614112        88.07302117383578        1.37388763116624179E18   8.499362308039162E13     3.1624282774757164       17.821117107103607       89.09336995744387        1.40846888762905318E18   8.856312269564489E13     3.15962512817661         17.3138214293319         90.16815385944989        1.44797004900623206E18   8.10357572199268E13      2.8212434756760763       0.7362314504821154       7.882645676821298        1.80036857113195712E17
0.09065677655677654       0.0520609375             1.0841409204388494E14    3.1777151695142383       19.163907188173958       111.10929534024436       1.98036608450259942E18   1.1132207234921053E14    3.1746161135857762       18.676347365748498       110.56879184426185       1.99848145469558067E18   1.1471494200344775E14    3.1712819326504125       18.131743578104974       109.82831696324752       2.02008749546780621E18   8.290906904938523E13     2.8186419278174966       0.8112326170560632       6.259645113961326        1.81085780998136544E17
0.08610439560439562       0.05555781250000001      1.0105164561515673E14    3.176548965585813        18.93296931520689        97.53131252182988        1.79513728642976333E18   1.0402976589188958E14    3.1735308030567495       18.454095654570548       97.3836919323326         1.8181440552724631E18    1.0753505803356773E14    3.170287430458708        17.919882489018438       97.10769218333954        1.84568780274004224E18   8.21466120277016E13      2.8165412450058436       0.7737094486581375       6.599292269805558        1.77021544352713376E17
0.08076410256410256       0.058471875              6.305156310968988E13     3.1658968774992777       17.39308870500669        57.9414230984633         9.9100492799943245E17    6.584370087828816E13     3.1634508021247667       16.965568047456014       59.36630397714454        1.02582376089071693E18   6.9158745068069266E13    3.16086506125955         16.48815558367668        60.98533528172985        1.06698916020268979E18   7.885543238755461E13     2.814109165168818        0.6432330106425241       7.710462985079417        1.67473875266565216E17
0.07463589743589742       0.06080312499999999      2.063068696927706E13     3.14761841484491         13.537848381304066       0.3341678367207237       2.48334183106009376E17   2.2273830683778457E13    3.146709641658133        13.240796887866248       2.505306704241862        2.69883381878643424E17   2.4289238574741406E13    3.1458283804572464       12.909475085038544       5.105692200791498        2.9657091912421638E17    7.386616348609056E13     2.8083213100707556       0.44124849643087743      9.056397705367965        1.5171628828638592E17
0.0692956043956044        0.06255156250000002      3.766775066688911E12     3.087017108661111        7.610695998879057        -44.04458417113824       2.6934521310108932E16    4.273361771120823E12     3.0930249413434874       7.476446809883069        -43.19284916506673       3.1916476405732408E16    4.9186629249666455E12    3.0993463847911964       7.325274004188008        -42.00660115984006       3.8510393750890248E16    6.91235656858124E13      2.7959084912824843       0.22945694463822622      10.668258513083696       1.31627778409977072E17
0.09958644688644686       0.0357421875             8.718933828267199E12     3.084945294645794        10.431686268940725       -38.96996010054459       6.4380265280140088E16    9.694944908044885E12     3.0869777737344357       10.238565427113006       -36.73203144417279       7.3168616269009312E16    1.0904803695190598E13    3.089032384817462        10.018933028345218       -34.043649276559044      8.4299202640148464E16    7.226201090594903E13     2.8459720458480318       0.41085461654691124      19.39124342228076        1.92208018736174272E17
0.09739780219780217       0.0392390625             4.772445185855268E13     3.126379766835333        16.45885796958487        36.73451133783992        5.6759161852207014E17    5.047296452090388E13     3.1251492129460146       16.081196336479586       39.09738512711014        6.0150151053849485E17    5.374754419254234E13     3.1238275937624445       15.657493842745357       41.849776563555565       6.4185688082977805E17    7.955241337912145E13     2.848957071641813        0.6965874844539057       13.914092172500723       2.11838637308182784E17
0.09442124542124543       0.04331875000000001      1.1882023935447572E14    3.1465523832573914       19.46312417651856        94.67371905092996        1.77242570177929933E18   1.221662666452416E14     3.1444266365778106       18.98005086894501        95.24763419074498        1.80233893140383155E18   1.2591906169167758E14    3.1421153637724943       18.436374363004447       95.87555940356373        1.83477117959644902E18   8.621015827600953E13     2.8492393464492034       0.9346619491365739       10.781636558534176       2.28410022748954816E17
0.09065677655677654       0.047981249999999996     1.6357671160423825E14    3.1615899115079515       20.46477616871522        109.83171797638286       2.62127757365186E18      1.6639806078508278E14    3.158895017746984        19.94706936262073        108.66737460903728       2.6248584834322386E18    1.6971025345584116E14    3.155943487360836        19.36918867735054        107.32768574943654       2.6307859243261481E18    8.958832544138975E13     2.8449984837756186       1.0506386486791224       8.417429445752722        2.30969625730954304E17
0.08610439560439562       0.052060937500000015     1.6903721542595275E14    3.1672639366567608       20.561191126203877       103.92823381579105       2.7496493471018348E18    1.7176939409708312E14    3.1644022262577276       20.040204906236795       102.53913917158866       2.7487383728889201E18    1.750018516842031E14     3.1612668252333016       19.459060588844395       100.97124106219987       2.7502067873404923E18    8.965965124485208E13     2.841539344877189        1.052037740779981        7.6603226651141805       2.2623368901487968E17
0.08076410256410256       0.05555781250000002      1.359216765512318E14     3.1660783177495153       19.8639680368724         91.49039052462174        2.19173617891337472E18   1.3901600837558094E14    3.1634556592642773       19.364197401945752       90.99842862400122        2.2091053547001449E18    1.4259565765789825E14    3.1606040265471713       18.80522611433799        90.4338353468497         2.22957614018100224E18   8.631312351991823E13     2.8369016404808143       0.9270197135689017       8.238265788440216        2.11565950562277696E17
0.07463589743589742       0.05847187499999999      7.028216246632184E13     3.1634400296558507       17.733621318502504       59.766555843861624       1.08673306944752422E18   7.32148139451466E13      3.1613386427159402       17.29821064619516        61.11288801590091        1.12375054901494758E18   7.672993865733042E13     3.159106310970536        16.813484727450138       62.67226799325003        1.16799540571542298E18   8.014317110728577E13     2.828503279614823        0.6974210774317803       8.798075513295261        1.86559551111570144E17
0.06929560439560438       0.06080312499999999      1.7781061953958844E13    3.1498115956668644       13.024765358962657       -1.3279252675656261      2.1687611074717152E17    1.929303301395616E13     3.149498561961864        12.746863357653382       0.8131777855643252       2.37747910716983392E17   2.114067930928466E13     3.1492673654564918       12.434195580387568       3.4077021270242644       2.63578030448847232E17   7.337598662761652E13     2.8122154144645015       0.4218209991483644       8.94207584229928         1.5449002921899328E17
0.06474322344322345       0.0625515625             2.8066171584173486E12    3.0640334289692905       6.708719199942389        -38.26192407339923       1.8144516328562812E16    3.2121770044741304E12    3.0730835357626307       6.599087431260289        -37.965130525259305      2.2037687637522584E16    3.7327657961113823E12    3.0827186836719904       6.474452591740992        -37.39171390031213       2.7301885859100704E16    6.85506826610383E13      2.7922771801459936       0.19885273494980854      9.275371426720262        1.27450982801056416E17
0.09958644688644688       0.03282812500000002      9.731488658550736E12     3.081747447144846        10.795398223210046       -38.87566449991165       7.1213707913647288E16    1.0807966775270242E13    3.0834138457992024       10.596472171767763       -36.40126245479128       8.066290767911488E16     1.2146434887387611E13    3.085092904234804        10.372148734896344       -33.46086004883965       9.2637867983629968E16    7.295249292093603E13     2.857197552765992        0.4515040204837235       21.959805253708254       2.08641897327960576E17
0.09739780219780213       0.0357421875             5.77227490183638E13      3.1174428683954702       17.096458702061025       42.101681793151016       6.6167630655615962E17    6.0738355523631516E13    3.1161955229254157       16.6977191099667         44.46217326954986        6.971173509319305E17     6.435436247610845E13     3.1148534750593977       16.252921919938824       47.16475594740457        7.3951319677124224E17    8.176135797755355E13     2.8646972440963308       0.7927383802100064       16.607051481142967       2.40098256239472704E17
0.0944212454212454        0.03923906250000001      1.5080585805624903E14    3.132741616817785        20.22117772198151        98.32467689270707        2.06739893567916826E18   1.542336650122507E14     3.130776455084569        19.718374919349056       98.71119396665301        2.09242551018970906E18   1.5821108600245566E14    3.1286335139753767       19.15659419581552        99.12605243159778        2.12141262638006682E18   9.103162450575286E13     2.870157319346818        1.1125851478148867       13.74735394958806        2.74215973753503808E17
0.09065677655677656       0.04331875000000001      2.2443639518818378E14    3.143605190178631        21.460465673897207       104.7829767321825        3.1633343218546371E18    2.2732192468964334E14    3.1411665356995764       20.926396694582493       103.83829334479432       3.1606710646974669E18    2.3073667283148084E14    3.1384887752935806       20.33068470902831        102.76255925930431       3.1601781959153812E18    9.801656281371205E13     2.8715368572646747       1.3340311614427773       11.454785263925206       2.9745032922984314E17
0.08610439560439562       0.04798125000000001      2.4411943143327266E14    3.152825999184445        21.717505088878067       97.70847581149603        3.5438533637254441E18    2.4690262971331384E14    3.150079164496758        21.178935963811835       96.623112818298          3.5316591945274143E18    2.5020484734470556E14    3.147063533647194        20.578149059285636       95.42523839260645        3.5210029039596068E18    9.937232395574903E13     2.867086571267377        1.3790356533666746       9.671134321104585        2.9361235175194925E17
0.08076410256410256       0.0520609375             2.189145059294029E14     3.158285901471505        21.366842867443903       92.19557566997831        3.266264437417321E18     2.2182264672382547E14    3.1555341003937074       20.834495901083553       91.17623484997225        3.2607450085720274E18    2.252452404044473E14     3.1525247522033877       20.240470751898187       90.05528543928446        3.2572618240241894E18    9.601267985335712E13     2.8606577710633334       1.2645434020070392       9.533967195447541        2.72710141405547808E17
0.07463589743589742       0.05555781250000001      1.4999785827123466E14    3.164363258812741        20.165135856122223       89.95831395554094        2.3718309329924255E18    1.532917870202953E14     3.161806886467964        19.660819900928185       89.47230212275059        2.389910288754284E18     1.5702356056507262E14    3.1590490736153          19.095532653166885       88.94524675045342        2.4104014121260237E18    8.843806103687712E13     2.8500133390511047       1.0090015012764193       9.515816933175184        2.35206072740196512E17
0.06929560439560438       0.05847187500000001      6.101101510728606E13     3.1697906256314075       17.26220503452563        60.21964373866498        9.8587941939846669E17    6.389338721102099E13     3.167676736442414        16.843927921039473       61.82297304217579        1.02613368705539008E18   6.7290479688704484E13    3.165477187789876        16.37525347846391        63.64053221675884        1.07335709188514266E18   7.920322243423202E13     2.8300895791763203       0.6674105668710625       8.856053169572512        1.86195534556734336E17
0.06474322344322345       0.06080312499999999      1.1969539812154328E13    3.144824618049565        11.680295924025707       -5.694406377400064       1.40681384301932512E17   1.3170444055549572E13    3.1455232540469673       11.451564537025234       -3.761492733499402       1.57533325863543264E17   1.4651822391894613E13    3.1465018478007307       11.192167981128032       -1.3293077159160962      1.78810945636411136E17   7.196103701223236E13     2.8053830830749784       0.3630984268263256       7.917234262441712        1.4503176554659808E17
0.06097875457875458       0.06255156250000005      1.7638876054764194E12    3.0006253713216418       5.33241844092793         -29.583286136050994      8.381162651426959E15     2.0491593896415818E12    3.014898700098662        5.25642227883884         -29.924418679118602      1.0651671018624638E16    2.4206612120489966E12    3.0304375218596125       5.169295876267815        -30.082258301489897      1.3867515749093696E16    6.775758014046259E13     2.781062052792925        0.15817761031727967      7.355130778778189        1.17227968851627568E17
0.09958644688644688       0.030496875000000003     1.051056933876054E13     3.0791154294632137       11.050380366611853       -38.71565026375063       7.6307458223536256E16    1.1648814810500984E13    3.0807891626475605       10.84590921549154        -36.07894154066188       8.623458477894976E16     1.3068405891161719E13    3.0824599154003027       10.616922792798258       -32.96411048060855       9.8828049467339232E16    7.355726648486939E13     2.8687167543240846       0.4829140837024438       23.94209909369012        2.26550440407086592E17
0.09739780219780216       0.03282812500000001      6.6027319681557266E13    3.1108227054901043       17.544119940826906       45.739879682021204       7.3717572679270285E17    6.918421960972475E13     3.109809860116312        17.13111023442964        48.091615053670424       7.7389383158006413E17    7.296828939635972E13     3.108692009281078        16.670698619561872       50.783056258935595       8.1768497098871347E17    8.370321210295945E13     2.88046368914643         0.8713266181713871       18.84160409006951        2.70874335130761376E17
0.0944212454212454        0.0357421875             1.7736640763216053E14    3.122689600510592        20.734381616873687       100.19685471677192       2.2954543371379625E18    1.808766884244024E14     3.1210750662759597       20.223116488929712       100.44902554912596       2.3204884310011848E18    1.849943111756973E14     3.119281497931729        19.652507501890035       100.70926052401538       2.3497918910623785E18    9.54801148958208E13      2.8908886338100697       1.2650019000047656       16.474235474871723       3.2592777778640723E17
0.09065677655677656       0.039239062500000005     2.7637316949991872E14    3.130362629035378        22.112775067271343       102.39783371006955       3.5839469551155149E18    2.792281241140395E14     3.128370152294429        21.57159660771534        101.6199855231927        3.5817840016542925E18    2.8263586090823725E14    3.126147087949666        20.96774840364412        100.74153067584251       3.5815454473132329E18    1.061879627219027E14     2.89792369240755         1.584325133623121        14.672773112873067       3.774635758149296E17
0.08610439560439562       0.04331875000000001      3.2837502465262706E14    3.137324490867748        22.64550598438835        96.2045215275759         4.3103077862574966E18    3.3099741059079756E14    3.1350805995903146       22.096841561336326       95.48986491522405        4.2944394993981594E18    3.341677428032776E14     3.132577351585445        21.484636566549813       94.69228092454176        4.2795068359011446E18    1.1206521985677127E14    2.8997140605690377       1.7490178054564613       12.863973689642654       4.0276838248670752E17
0.08076410256410252       0.04798125000000001      3.120219937661096E14     3.146474576947475        22.478116194595366       91.38863209512515        4.2701682925813197E18    3.1468534517388606E14    3.1440883834247537       21.931387346230206       90.69543679890398        4.2540085955342418E18    3.1789436737026156E14    3.141435079982168        21.321349975042864       89.9309444733486         4.2389429680343117E18    1.0903540304707795E14    2.892865235254006        1.6631402747471384       11.824399675688346       3.7631347458392794E17
0.07463589743589742       0.052060937499999994     2.4050616199311225E14    3.1577121317498595       21.651148197622078       90.78899648437212        3.5426789784381404E18    2.434616143253068E14     3.155319883260814        21.116803243321176       89.91965181828711        3.5406469171578225E18    2.4695507025376572E14    3.152681731285328        20.52041134958109        88.97132887367152        3.5409335315697633E18    9.968743217150406E13     2.880485243076714        1.383105861820351        11.213730211346          3.1936674549166739E17
0.0692956043956044        0.05555781250000002      1.3337201615541786E14    3.1717684532520103       19.782951100047494       97.13839905901423        2.23965638950156058E18   1.366889031707872E14     3.1694550678965916       19.28947339953292        96.71544350415937        2.26601614742161946E18   1.4056354474155223E14    3.1669550189057927       18.73827356185359        96.20840248844782        2.29725395182861158E18   8.716885495685316E13     2.8569843097210144       0.9690792602843021       9.799781392185956        2.42069860199401952E17
0.06474322344322345       0.05847187499999999      4.087637232423456E13     3.174880591235123        15.931760487098781       52.98430612709262        6.735968903650423E17     4.334280896340669E13     3.173355710530776        15.561609627913715       55.60054252232831        7.1520120092756826E17    4.627652456856518E13     3.1718423778231783       15.145038630881576       58.595263270721034       7.6470506520470374E17    7.677539637856208E13     2.8270456772812205       0.5730128536278264       8.017994255800051        1.7729443822658112E17
0.06097875457875458       0.06080312499999999      6.287814501003431E12     3.111268933966482        9.49581971317106         -12.0521557990184        5.9433393044520704E16    7.046717674997568E12     3.1148902446582665       9.333434287064728        -10.867195622525859      6.8949370672948776E16    8.000068576776607E12     3.119232790366341        9.14752818574618         -9.193481014426846       8.1434387804683296E16    7.022919796073379E13     2.7968093378131984       0.2838644143669144       6.3652003815306          1.3433403368956656E17
0.0580021978021978        0.06255156250000003      9.585752698127327E11     2.8817254865285613       3.675999437015875        -20.273018553374435      2.7635308715826705E15    1.1365097889469683E12    2.9049884978923464       3.6315449697419533       -21.167892310753427      3.781120332497394E15     1.373345045614406E12     2.930742728022151        3.5803886869558887       -22.019736189855475      5.337168723452391E15     6.7027735137488234E13    2.771161099847609        0.11589967464450583      5.317233989540893        1.09049580295246192E17
0.09958644688644687       0.028748437500000012     1.106143549773537E13     3.0776636816118703       11.220954045144522       -38.5618346716729        8.0021017621798048E16    1.2252106678854191E13    3.0791126427913444       11.012863035840258       -35.82202132841109       9.0262932636019952E16    1.3735733453444035E13    3.080559169476939        10.78001626227844        -32.597995743596044      1.03238613033512128E17   7.394724295491484E13     2.873803362261081        0.5054165295653483       25.357854118007587       2.35173573915090816E17
0.09739780219780216       0.030496875000000014     7.240636198767953E13     3.1066410809696796       17.851344839568522       48.07985719175636        7.9540163453018598E17    7.573386862008953E13     3.10554823967458         17.42965449966682        50.415915490813674       8.3293519514837811E17    7.970687732675208E13     3.1043557958496586       16.959479089901517       53.09285978981271        8.7757011832845402E17    8.51606631197755E13      2.88899023674646         0.9318334409758848       20.575936293873145       2.9010331612054374E17
0.0944212454212454        0.032828125              1.9842412114511575E14    3.1161546749150473       21.08962784773554        100.86834442239032       2.4745255359780618E18    2.0216844464581756E14    3.1145347648006667       20.573497636351245       101.01035338839439       2.4991879523454551E18    2.065599017661664E14     3.112747066855183        19.99771990748166        101.1498407366968        2.5282872029245169E18    9.914830394535347E13     2.903725653737442        1.3886558212642093       18.78580397677996        3.6511396285804288E17
0.09065677655677654       0.0357421875             3.1942907085599025E14    3.121688759677483        22.566887244147036       100.6337643446241        3.9344094255034225E18    3.224763959724421E14     3.1197600318201224       22.021301571715444       99.94283704515959        3.931295046356565E18     3.2611477868556644E14    3.1176190623203923       21.412701647894163       99.17029274458065        3.9302681828180961E18    1.1353416725515362E14    2.9159961477465752       1.797524926988859        17.72307138441649        4.487582989725033E17
0.08610439560439562       0.03923906250000001      4.0125877175622244E14    3.127127015783587        23.272416453496383       97.55325669927902        4.9597486033293947E18    4.0406949081396594E14    3.1250091057491463       22.718639196268242       96.99861005800427        4.9411115886193859E18    4.074540449135422E14     3.1226538256837695       22.10068582173036        96.37541485067536        4.9231720119281295E18    1.243695629167538E14     2.9240730280001523       2.0759760039286754       16.62764806041033        5.1551641518317299E17
0.08076410256410256       0.04331875000000001      4.1847041890544875E14    3.135593613114134        23.396778398034556       97.30069134257553        5.3512165848533309E18    4.21253828892899E14      3.1333522133368286       22.841874491956176       96.77410478026741        5.3269117686519368E18    4.246086818780752E14     3.1308610155365826       22.22261334063406        96.18520558620231        5.302907097457152E18     1.2625482168909311E14    2.9256066026658574       2.1276196955618154       15.229663994880088       5.2812321679941741E17
0.07463589743589744       0.04798125000000001      3.4420844671431706E14    3.1491987401869364       22.775935189119263       94.32161794554969        4.7418336278393047E18    3.4719243630026075E14    3.146857490140984        22.22781615860088        93.75257109580471        4.7266922201760154E18    3.5074738991960556E14    3.1442699334963984       21.616174215410908       93.12556727567413        4.7129237236535675E18    1.1483607620614527E14    2.9130096608297436       1.830664357436865        14.24074332998653        4.4632466268414022E17
0.0692956043956044        0.0520609375             2.1920507486893947E14    3.166434413818177        21.35017402663592        100.34114004095656       3.4295454372000445E18    2.224073716509436E14     3.1639919141714397       20.821707858610242       99.31924739652263        3.4335622917178967E18    2.2617020175443872E14    3.1613276689431182       20.232057635988916       98.20033765423236        3.4408456631370194E18    9.789615947023053E13     2.886713582388239        1.338232678362611        11.889915231395808       3.2556551861456205E17
0.06474322344322345       0.0555578125             9.487179793445402E13     3.181668386763913        18.691146707096543       103.89607190816545       1.73353342620809677E18   9.816750409552942E13     3.1793928385961414       18.228260920498062       104.61263607367123       1.77446742571840026E18   1.0201049130589384E14    3.176993415660791        17.710473103142277       105.29561253620318       1.82183389480674739E18   8.319272599135361E13     2.8514578194313915       0.8349826791854672       9.198395113988646        2.23464316997100064E17
0.06097875457875458       0.05847187499999999      1.9799699709729258E13    3.1646497989579454       13.45936102159831        26.23198816506835        2.86315323233551456E17   2.151365340220368E13     3.164157739826393        13.183478862272437       29.29185288265164        3.1510070415689728E17    2.3589369942845816E13    3.16394568246657         12.86923523248526        33.010474933950064       3.5071795331598253E17    7.354343308794339E13     2.8146776671620986       0.44516979815664376      6.763739831806813        1.57415173026202368E17
0.05800219780219778       0.06080312500000003      2.640012001562775E12     3.0239001531149516       6.660783811051898        -17.14326978491141       1.5291692666027848E16    3.032683874296552E12     3.0338183283688975       6.565747118312354        -17.209069876887142      1.8777534474658216E16    3.539344644333004E12     3.045324091659048        6.45649067432367         -16.990764508839646      2.363666376388048E16     6.8427296960250234E13    2.7827508017271465       0.20251976314881132      4.891829777030024        1.19858281901622304E17
0.05581355311355312       0.0625515625             4.641357255351781E11     2.73774400937493         2.0151732990267934       -12.642697508631151      8.939862118537038E14     5.686822157408049E11     2.7737147006581244       1.9947860794178598       -13.69955252154392       1.3725116051354882E15    7.120820332614355E11     2.813466146128702        1.971199165100689        -14.828279637268924      2.184323331879942E15     6.636969442435726E13     2.758951748765339        0.0803744048439205       3.8637770249800676       9.973763020518088E16
0.09958644688644686       0.027582812499999998     1.1414463035484264E13    3.0764514817256168       11.324859911607437       -38.40418580190555       8.2248279278538448E16    1.262905198380766E13     3.077995742048172        11.114551350871983       -35.600486351138095      9.2707413722425984E16    1.4142889043007799E13    3.079527900092742        10.87944428693032        -32.30992778735855       1.05951718617710304E17   7.422951215463739E13     2.8799086887502834       0.5193880398043182       26.23090226483032        2.45499126770330016E17
0.09739780219780216       0.028748437500000005     7.697034534972939E13     3.1035650960115726       18.05351441125084        49.520861106654856       8.3533032939554381E17    8.036186204627966E13     3.1026570243934373       17.62656479369988        51.84532436336588        8.7375752062371789E17    8.441592988316492E13     3.1016426417301157       17.150657256163704       54.509142172095906       9.1940050826252851E17    8.628508414656555E13     2.8982335807633217       0.9747767893735212       21.80603508126857        3.1090312604036026E17
0.0944212454212454        0.030496875000000003     2.143584262878474E14     3.1114260196179053       21.333024983696067       100.86445010186551       2.6041125113260524E18    2.181121737096379E14     3.110039407633768        20.813840477221923       100.93458823936825       2.6295654665493217E18    2.2254624708408053E14    3.108482644689945        20.23480022331364        100.9989180805066        2.6596104845021978E18    1.0214988180707297E14    2.916757269178877        1.4830435846326913       20.589744662987346       4.060623722272281E17
0.09065677655677652       0.032828125000000014     3.5374811916532856E14    3.1155340632326314       22.885867898964698       98.89142479786221        4.2077927521556224E18    3.567077162866331E14     3.1138864509467825       22.3377943703113         98.25690963960047        4.2059673618811848E18    3.6029503461405094E14    3.112028985960039        21.72643074099663        97.5573509036087         4.2062940250481541E18    1.2000644672889311E14    2.933659021421757        1.970725195603792        20.367849628205047       5.2524819235703219E17
0.0861043956043956        0.0357421875             4.627426101852138E14     3.120204645201275        23.71700107425122        98.8387989517632         5.5045057353177078E18    4.654088299961404E14     3.118415005242058        23.160441731865063       98.36937792803487        5.486478796078635E18     4.6868508995489556E14    3.1163936587868264       22.53929370914725        97.846852413662          5.468948110848384E18     1.360325432432631E14     2.94755131439752         2.3547644020468703       20.352918638427457       6.4484884422980237E17
0.08076410256410256       0.0392390625             5.1348058720949225E14    3.1287527881689976       24.035279939695737       104.98755593447994       6.3152929442179052E18    5.160718314595279E14     3.1268744340985317       23.47632201187267        104.5211136048568        6.2886151583807252E18    5.192741416803243E14     3.1247514614014977       22.852395934921546       103.99897062320447       6.261621434384042E18     1.440027665409169E14     2.956605018450594        2.5354074444016996       19.622280903496037       7.1855325181974797E17
0.07463589743589744       0.04331875000000001      4.674875418850995E14     3.1422587448509858       23.732986833847804       106.79335758590966       6.1483346109590753E18    4.7027953088875356E14    3.140314231221994        23.177129882079416       106.3360535086765        6.1262222562156483E18    4.736914879078116E14     3.1381217979635703       22.556712045539463       105.8265069398989        6.1044433923805358E18    1.363492024370337E14     2.9550523174573415       2.370494075981331        18.68702431447801        6.7424470179634624E17
0.0692956043956044        0.04798125000000002      3.20162795068581E14      3.1588487622008263       22.5378101407163         104.51581104353232       4.6663237107830835E18    3.232426689934723E14     3.156766986872339        21.9942119509698         103.88801128455434       4.6609863980556421E18    3.269325423345828E14     3.154445667447915        21.387707167377048       103.20150364024175       4.6580317197571645E18    1.1308212381914077E14    2.9276209860486384       1.7903990694498795       15.90416402479711        4.780746822524457E17
0.06474322344322345       0.052060937499999994     1.66044981769452E14      3.1773114876540007       20.463967181767014       118.57217534803382       2.853128293096194E18     1.6932860039863275E14    3.175149488137668        19.95369704485205        117.6192284038674        2.8732328554433121E18    1.7319494508927512E14    3.1727903357322567       19.384455595971286       116.50228656525773       2.898133860343636E18     9.21620796706779E13      2.8870613317064295       1.157442623162831        11.977522711826055       3.0723447610412627E17
0.06097875457875458       0.05555781250000001      4.8589844281745766E13    3.182414923848346        16.503391726283          73.88755441899909        8.5925012336707725E17    5.135689919359928E13     3.180901696700422        16.119055583917223       76.9366419140721         9.0873142072138906E17    5.462606880785642E13     3.1794017390538394       15.686217723328484       80.39246023209708        9.6708459692902694E17    7.812653827702583E13     2.84253573331747         0.6399874900462129       8.645126267468303        1.9911745394418128E17
0.058002197802197814      0.05847187500000001      6.832962918687165E12     3.116382794779009        9.766000280399695        -6.871004976435124       6.7169446659848712E16    7.64416865505449E12      3.1196937444298647       9.599668850321198        -5.419238717352758       7.7723814525913792E16    8.663958790071324E12     3.123773941867664        9.410089207157755        -3.4021102902593414      9.1591235344184368E16    7.04405848129E13         2.8027491363165273       0.30143771685384935      6.175900192595748        1.403564486759052E17
0.05581355311355312       0.06080312499999999      9.519328184947009E11     2.873217753170455        3.673124949552221        -18.03196644255458       2.740235935545959E15     1.1292612305679846E12    2.896639352575434        3.629681426166645        -18.937457820534128      3.7554186638618635E15    1.365624812305525E12     2.9227848036020547       3.5796766177618475       -19.80532508193506       5.316077548552894E15     6.701858004271892E13     2.772358222839206        0.11900229247499619      4.771889132816198        1.10110876318407072E17
0.09958644688644688       0.027000000000000003     1.158199208514656E13     3.076136292255577        11.373920496519691       -38.49865142710304       8.341733871825768E16     1.2816060225631127E13    3.0775122323776904       11.162465460475943       -35.67213808163331       9.3955240617314304E16    1.43541415466446E13      3.0788809515173297       10.926280470154715       -32.35923903781717       1.07299241773698592E17   7.435083490191308E13     2.880384337782079        0.5259271139040849       26.66209225428153        2.46528948131772096E17
0.09739780219780217       0.027582812500000005     7.983489747496206E13     3.1020326747751272       18.17521270432889        50.33091245928912        8.6141584865425869E17    8.33266274462809E13      3.1010053570579816       17.745190329920412       52.650721514980155       9.0011415261862566E17    8.749110257833098E13     3.0998786116262456       17.265841186438653       55.308431595220576       9.4605533680796352E17    8.694872272349972E13     2.900916950201568        1.0020116517239972       22.596527643355145       3.181962744323792E17
0.09442124542124539       0.028748437500000005     2.2549349803406388E14    3.1086931798825788       21.49344736310248        100.58638263419292       2.6972515858384538E18    2.294159018924955E14     3.107220810956881        20.972207733948046       100.61210892181505       2.7221497035901896E18    2.340335641293437E14     3.105588224136332        20.390931266979738       100.63078253318176       2.7517107712013348E18    1.042362112210029E14     2.9224090677707606       1.5500385548569964       21.897639767760623       4.2806028274728518E17
0.09065677655677654       0.030496875000000003     3.794776963248927E14     3.1118114105118053       23.106260033615953       97.2451318032951         4.4193144071406556E18    3.8266143591424925E14    3.110111892969971        22.556570207096104       96.65019723850408        4.4166891836196756E18    3.8648672396133475E14    3.108215791095129        21.943406412807548       96.00076022378843        4.4162877413680886E18    1.2501551098114605E14    2.9431265832808813       2.1021958063944703       22.48668818769749        5.7760227459662029E17
0.0861043956043956        0.03282812500000002      5.120527791566039E14     3.1161515945754186       24.03378201409716        99.461682891706          5.9574514313677834E18    5.1498881435068344E14    3.1143431694256174       23.475398796333018       99.05004496643147        5.9375026285869117E18    5.185480385658535E14     3.1123189968385137       22.852185129075806       98.59822140473732        5.9179964575018199E18    1.4607841516893366E14    2.9620412971688252       2.5808745477574626       23.710064198782074       7.5151556950152768E17
0.08076410256410252       0.03574218750000001      5.95504715910371E14      3.1254281859398874       24.498894662155646       111.83209152949229       7.1892118998236273E18    5.983807506915765E14     3.123558105884261        23.93742974075114        111.39945190886638       7.158004860822615E18     6.018811017342045E14     3.1214599225508497       23.3106259180532         110.91811752451639       7.1260779256085852E18    1.6091846278648928E14    2.978117210921204        2.886085506446564        24.611001506065193       9.0529113411672742E17
0.07463589743589742       0.039239062500000005     5.825756032360539E14     3.140406419018795        24.42202396457633        122.38989610552943       7.557344605097045E18     5.856542275615726E14     3.138502125122297        23.86201396348615        121.94276054258411       7.5275283721653565E18    5.893744499399752E14     3.1363639001081394       23.23682027245549        121.44508320595207       7.4971670289785887E18    1.593320379748492E14     2.986935796769348        2.8618384150727496       24.74949419127411        9.404842250814752E17
0.06929560439560441       0.04331875000000001      4.4502629541443144E14    3.1552779330118845       23.56858979207966        121.21097765856484       6.2615229627127685E18    4.4838563839935394E14    3.1533162767020926       23.016199770718913       120.77204800692019       6.2482129355632374E18    4.523983104537404E14     3.1511239103189745       22.399711559361492       120.28480791000945       6.2363655540027668E18    1.3526913913021733E14    2.9716480717287643       2.3533643359523495       22.672736847487798       7.335106486853687E17
0.06474322344322345       0.04798124999999999      2.5176558006244256E14    3.1707986333937814       21.771618820272536       121.77686328385201       3.9873021545337697E18    2.5523635213589356E14    3.1687120722808233       21.239957099410727       120.9137306322525        3.996774575082453E18     2.593388069535089E14     3.166414776227951        20.64702126513068        119.96024918311548       4.0103579947783562E18    1.0487686246848305E14    2.927577490034396        1.5633129082920287       17.57364393960792        4.4325105685727808E17
0.06097875457875458       0.052060937499999994     9.403924600496819E13     3.1832244548837703       18.645105720124686       106.10992146834334       1.69746470818365952E18   9.751099192966817E13     3.18130776736093         18.189152189183996       107.65261592205573       1.74596457697047936E18   1.0155945735205517E14    3.1792798036959486       17.67883010088096        109.29685993961456       1.80188795433211597E18   8.435601448828747E13     2.8747504217750897       0.8851011103275149       12.494448055302465       2.61748281274214496E17
0.0580021978021978        0.05555781250000001      1.5626264934317271E13    3.1605015071232203       12.580254605438125       10.551227628880014       2.07358025288636832E17   1.7093486668434592E13    3.1608148273122616       12.331445442318133       13.272159580327736       2.30696477734897792E17   1.8893602730075066E13    3.1614198748303997       12.049428801602442       16.64433957285881        2.60002331614504992E17   7.301987211424517E13     2.825604859647626        0.4237963226231025       8.996811282791903        1.68160097965802688E17
0.05581355311355313       0.05847187500000003      1.8580651775330134E12    2.9994234120488703       5.486995260122872        -24.82307440487395       9.02460648607008E15      2.1563157277143364E12    3.013338680463147        5.4106953779589055       -25.14791478393148       1.1441091794409272E16    2.5449503220397007E12    3.0287633776841654       5.32357846452721         -25.274581419488356      1.4876940079144728E16    6.779649952360258E13     2.7872518968501256       0.16729312393919374      7.110119699627822        1.22743944877421936E17
0.0995864468864469        0.026448979591836737     1.1738025610366201E13    3.0755367570799614       11.418488305975602       -38.43225485936758       8.4371497521171456E16    1.2978576167500602E13    3.077046027314192        11.205984798687057       -35.571828005871254      9.5014894564543808E16    1.4525603449759148E13    3.0785411039655455       10.968825921983514       -32.223657071449786      1.08492839115024656E17   7.442472224094533E13     2.8835003922791227       0.532009066890063        27.067162278967544       2.5176885645714896E17
0.09739780219780218       0.027000000000000014     8.123035415433997E13     3.101033915373714        18.232132847498885       50.68177899632982        8.7292967436478528E17    8.471542730841839E13     3.1001664022354767       17.80079557099842        52.99352901318099        9.1206762464413171E17    8.887514507159042E13     3.099193160489094        17.31991730051585        55.64006432387139        9.584663119790848E17     8.729094341079731E13     2.9048330560266034       1.0151449530766008       22.991247334574282       3.271647207501849E17
0.09442124542124539       0.027582812500000015     2.3255021424397903E14    3.106737104316777        21.59013817256165        100.24857473886024       2.7518573985784166E18    2.364095805793487E14     3.1054433586582055       21.067789294073012       100.24774694221476       2.7775105785072154E18    2.4097883627430862E14    3.103984791745467        20.485306652541006       100.23890551734168       2.8078734335450107E18    1.0565956261843936E14    2.929237139823364        1.5923402715120007       22.72329211719586        4.5144625425198144E17
0.09065677655677652       0.028748437500000005     3.976485675543676E14     3.1090917845320103       23.252174757843786       95.85996936590944        4.5618769133817057E18    4.00701440041616E14      3.1075937834336442       22.701611837292898       95.29222009244543        4.5606511884461629E18    4.044199658917264E14     3.105897046155567        22.087461575542118       94.67715604919135        4.5616848875878031E18    1.2880896101106733E14    2.9532582079119116       2.1949748296405796       24.024900127744615       6.3022082937972787E17
0.0861043956043956        0.030496875000000007     5.496794743365505E14     3.113269900355837        24.25476689957253        99.56120787327939        6.2976274736262799E18    5.524195309590423E14     3.111686061562142        23.69534976782818        99.19221279477273        6.2789124435146824E18    5.558138747739602E14     3.10988639273894         23.07093982320122        98.79421878277472        6.2605696135943936E18    1.5434067958512503E14    2.976384612615476        2.7521566559999546       26.447022896317705       8.5980178687098291E17
0.0807641025641025        0.032828125              6.632355741208938E14     3.1235291946966792       24.83525838362821        117.29627199509088       7.9241921895095613E18    6.65865496973855E14      3.121902833164776        24.272325872417717       116.88995894849522       7.8925594839151534E18    6.691562967455488E14     3.1200489148993307       23.64380441998014        116.44356277717141       7.8598411886689782E18    1.7630882219287306E14    2.9984845128983686       3.1718538375701204       29.295606444558008       1.10835813936756454E18
0.07463589743589744       0.0357421875             6.871840636367836E14     3.141049359695259        24.93901319933815        137.97006770370803       8.9235770087843983E18    6.900328114188048E14     3.1394078902558866       24.376549065909327       137.51053869601463       8.8901156977469123E18    6.93565716471925E14      3.1375311719193566       23.748483523542937       137.00304387323794       8.855227460573782E18     1.8308583373752525E14    3.0169606141998893       3.299336925038575        31.960366245628983       1.27039413916440346E18
0.06929560439560438       0.03923906250000002      5.686772432858054E14     3.1571929461036565       24.33551123274459        145.31793591838078       8.0165990171844055E18    5.719406377144416E14     3.1555514215936773       23.778374129206          144.89424881620897       7.9991546022447227E18    5.759084136008246E14     3.1536750356264642       23.15637368307228        144.4265204564291        7.982096826582017E18     1.6135074030237122E14    3.0148744294265044       2.909224612964435        31.968842602733183       1.10663037662477325E18
0.06474322344322345       0.043318749999999996     3.623011637982269E14     3.1686385233777004       22.908993366228977       137.47149409968563       5.5100654733720381E18    3.659266762713562E14     3.16698687370621         22.366078263853645       136.99989148166875       5.5185027992120914E18    3.702650222795818E14     3.165114318764581        21.760395482790326       136.48291783195128       5.5306598203348183E18    1.2474739071369364E14    2.9830900402489715       2.108601876446463        27.161685331693807       7.2048919127176205E17
0.06097875457875458       0.04798125000000001      1.5443783120812716E14    3.1780853368544975       20.215335211165137       124.20806781134563       2.6198122975613757E18    1.582020496524546E14     3.1764630849875632       19.71922653660423        124.79022056958385       2.6600284288367181E18    1.626210413254942E14     3.1746723441197786       19.16562844707944        125.38622442495304       2.7069658590092298E18    9.356889199191181E13     2.9221264279407126       1.2132091087193355       19.533420586584377       3.8477448553565965E17
0.058002197802197814      0.052060937499999994     3.1276690495466316E13    3.1740744106897587       14.927283588808017       30.234784218450876       4.6474689000376998E17    3.3582362199709215E13    3.1734496476951137       14.606764554288857       33.454115218587006       5.0298912645817862E17    3.635966739403853E13     3.1728563599415396       14.245342239249522       37.24789208458553        5.4937661190618893E17    7.672201370622692E13     2.8612948752322995       0.5871794195097716       13.63568252118047        2.2123690042562336E17
0.05581355311355312       0.05555781250000001      3.3970063610501636E12    3.0826706505530947       7.2846553420408675       -32.11365753326269       2.4753492734291328E16    3.875804854826302E12     3.0906836384167593       7.1709310739087195       -31.623940522479845      2.9845170536426556E16    4.487830064197244E12     3.0993894775334363       7.040828396019327        -30.800412231966654      3.6705542431446416E16    6.893048779899544E13     2.812435592635087        0.23097954975246512      10.638900598560676       1.47278463385081088E17
0.09958644688644687       0.025806122448979594     1.1916747770475824E13    3.0751893739523877       11.468212016968385       -38.3034154709125        8.5593536818765376E16    1.3178014807174486E13    3.076522302545572        11.254550224018681       -35.41309492001691       9.6315734458604048E16    1.4750651204619613E13    3.0778447352634895       11.016252297644249       -32.03377213977213       1.09891467963276208E17   7.463826457485762E13     2.8849394850299386       0.5390362526411556       27.510415001632857       2.54747240009413728E17
0.09739780219780217       0.026448979591836737     8.250392959657919E13     3.1004606915336654       18.283587174797134       50.98788325447822        8.8471278649950989E17    8.605876923194792E13     3.099450017805281        17.851054432140884       53.29057504058072        9.2384693351463155E17    9.029278729238802E13     3.098339640663139        17.36878869012547        55.92718662465258        9.7023384990018803E17    8.76494326016398E13      2.905619922087995        1.0272270449199086       23.337222576399554       3.2992965243109824E17
0.09442124542124544       0.027000000000000014     2.3588637772838103E14    3.1061066708913994       21.635496065988615       100.02283056988333       2.7809271800234394E18    2.3987399761322172E14    3.1046807426053813       21.11256425291152        100.01708355442963       2.805896987853271E18     2.4457544192559984E14    3.103097428851413        20.52946593684748        100.00317536273846       2.8356237995320863E18    1.0631857979683455E14    2.9297593317307804       1.6127311845727543       23.16307648690752        4.5553165954201638E17
0.09065677655677652       0.027582812500000005     4.0894546280492756E14    3.1078032289420303       23.340473853327644       94.92663441640543        4.6569391197899674E18    4.122131185994661E14     3.1061953791430805       22.789323610454236       94.37830824403903        4.6547111745078211E18    4.161488144096032E14     3.1043983064797027       22.174526474256602       93.78731756776631        4.6548179666905446E18    1.3114409850612189E14    2.9561669028976882       2.2535850163480595       25.033305456242758       6.5227721163696934E17
0.0861043956043956        0.028748437500000005     5.761224310916225E14     3.111830136911724        24.402177670637403       99.43524239926653        6.5487666531545559E18    5.79153855755123E14      3.110155510383224        23.842029962547187       99.09802034172046        6.5282573374405581E18    5.828395470021969E14     3.1082763638363686       23.21679078383533        98.73966055282185        6.5081376798346486E18    1.6025300814544997E14    2.98261205628955         2.873072496410777        28.516403147619794       9.2406523934884147E17
0.08076410256410252       0.030496875000000007     7.154927242074981E14     3.123031188875634        25.07332175669802        121.35452760308874       8.5221241281293394E18    7.184703049041994E14     3.1213275094016146       24.509356070681775       120.97014101351061       8.4866914224201851E18    7.221089273439792E14     3.119408471489298        23.879646646168272       120.5536009667091        8.4499890846153472E18    1.8869928832626066E14    3.009599002652864        3.389365506420671        33.33690187717578        1.25962570213185587E18
0.07463589743589744       0.032828125              7.768873339958109E14     3.1434285454050372       25.325164321853826       152.0504734418738        1.019304275864968E19     7.80116998275613E14      3.1417155709245277       24.76099142109136        151.57270094122748       1.0151885860841447E19    7.840359458855219E14     3.139778281232453        24.130946256266498       151.05020137852583       1.0108613260528509E19    2.049310092308371E14     3.0362888037098785       3.6612573831671393       39.141187031406574       1.57496665660827136E18
0.06929560439560438       0.0357421875             6.879000257249819E14     3.1630126994157393       24.933979037945438       172.430939023607         9.933957400168536E18     6.915729664266666E14     3.161321123187337        24.373698800527677       171.96910875178583       9.9072663430836E18       6.959688034449331E14     3.1594027924163712       23.748041890650853       171.4642618558417        9.87984056079177E18      1.893775962842186E14     3.046846011364373        3.423925835442962        42.76059333462796        1.53734180476099712E18
0.06474322344322345       0.0392390625             4.785550934630796E14     3.1745225321683312       23.779600126768624       167.65071272795743       7.3847071540654909E18    4.826712040791549E14     3.1729070539217794       23.23018536703726        167.32660056219177       7.3899916206542111E18    4.875413411039111E14     3.171076453830356        22.61693227283477        166.97106713671297       7.398241836882432E18     1.4921695234876647E14    3.0303320488059593       2.6817212076709933       40.604490079119046       1.1113357459567337E18
0.06097875457875458       0.04331875000000001      2.359798766088118E14     3.1780553245541636       21.542861442814193       145.55161861351132       3.8560499541100749E18    2.4033857869808953E14    3.1765650130549177       21.02553099286523        145.915856332158         3.8956993657091569E18    2.4545757905426478E14    3.174896465219817        20.448569356560608       146.29817698210917       3.9423893925473316E18    1.0816666235165016E14    2.9792382899448993       1.6794171638773487       31.63332062752           6.1542103640513126E17
0.058002197802197814      0.04798125000000001      5.589831766557459E13     3.1753622642474157       16.85520211275373        50.62837824613527        8.4913742021155482E17    5.903954589158376E13     3.1743341177031343       16.47020708983281        53.96100518669075        8.9878471613469427E17    6.279095236990394E13     3.173235710788542        16.039413704057708       57.786724229970034       9.5794191220955686E17    8.20468471604628E13      2.904945651932972        0.8142060652043247       21.665352666714597       3.0961161573790483E17
0.05581355311355312       0.052060937499999994     5.817609559417133E12     3.1253241405699397       8.954682749643231        -38.955431037928875      5.2166677156595024E16    6.553256121314038E12     3.1296153332105385       8.803329297462744        -37.5171809714797        6.0861447101375424E16    7.483564711108838E12     3.1341734495163185       8.632547354253667        -35.63147365617202       7.221604697353392E16     7.040518838546353E13     2.8423259539513746       0.3181709738216294       16.227249586805932       1.8313335789805056E17
0.09958644688644684       0.025071428571428574     1.2106825893855531E13    3.0745398246319953       11.522023410568664       -38.28189606703685       8.6773197355566544E16    1.3377131226056344E13    3.0760035529234933       11.307216325591623       -35.3648954946446        9.7622686454608192E16    1.4960850787663672E13    3.0774500469881616       11.067629766426899       -31.957809550894638      1.11352489620164832E17   7.468279692761078E13     2.8876977829747523       0.5471289582523278       28.011262499211036       2.59373287717851424E17
0.09739780219780218       0.0258061224489796       8.392554273173003E13     3.0995032657275936       18.340748265254494       51.27257197589293        8.9651436962068224E17    8.747132048770862E13     3.0986609106432645       17.906937150975367       53.57380095152243        9.3611780329771661E17    9.169891301117422E13     3.097713613095936        17.423223022778238       56.20936852285399        9.830099040275913E17     8.790775680983666E13     2.9086236927048432       1.0409603460490306       23.730146892925074       3.3693991152203661E17
0.0944212454212454        0.026448979591836733     2.3896814995594134E14    3.1052028443849067       21.676531068889688       99.80459479315249        2.803601293205567E18     2.4286086524332956E14    3.1039451969029406       21.15314232051847        99.78760388609975        2.8293591925899515E18    2.4747555880833994E14    3.10252520432497         20.56955492434366        99.76055065798967        2.8599037543152696E18    1.068838598816205E14     2.933148824472683        1.6315031523289334       23.54034203788588        4.6701854429588211E17
0.09065677655677656       0.027000000000000007     4.144468185202764E14     3.1069195498007627       23.38191109561126        94.32256040756053        4.6971551538237665E18    4.175408461089068E14     3.1054756969028294       22.83056658895743        93.7811114394012         4.696287419246591E18     4.213160183500356E14     3.103837604481815        22.21554424314224        93.19900715244609        4.6977507206508165E18    1.3233338368238748E14    2.960401669408468        2.2817468963557683       25.566719670855974       6.7398912829486874E17
0.0861043956043956        0.027582812499999998     5.929638013401998E14     3.110680396049901        24.49170876675283        99.18720503092979        6.6996290931309107E18    5.957530937596545E14     3.109181249378456        23.93123312683746        98.86608476311144        6.6807317712987617E18    5.992179698238506E14     3.107473833659612        23.305601556361726       98.52819993188318        6.6621770498279025E18    1.6424976936984334E14    2.9899894872656763       2.9492296374947173       29.847508127356566       9.8606013619083341E17
0.08076410256410252       0.028748437500000005     7.53167574481145E14      3.122583301208966        25.233664950808333       124.04849828625028       8.9482344613529446E18    7.558406855529994E14     3.121064821048904        24.6691551956918         123.68122126154051       8.9136776089216061E18    7.592054243413174E14     3.1193280059866013       24.038798420257663       123.28832413816136       8.8776626828651889E18    1.9819669759362678E14    3.0209969715036946       3.5431538056593306       36.40486681961366        1.40578542535614822E18
0.07463589743589744       0.030496875000000007     8.490987394972342E14     3.145613785969165        25.604679314098107       163.81684008139882       1.1250545758190842E19    8.520014030183238E14     3.144087355965008        25.039485554793732       163.32725942679318       1.120715539088429E19     8.556318026268314E14     3.142332503793075        24.408232725713226       162.79745388874358       1.1161001268232219E19    2.237801843479565E14     3.054320098209551        3.9410709004542053       45.49266925974068        1.88844139225745741E18
0.06929560439560438       0.032828125000000014     7.97027482217056E14      3.169551179891321        25.398072139017547       200.06912186520697       1.184611260244825E19     8.004614131719568E14     3.168046416637818        24.835732739119532       199.5508442116102        1.1813499571136924E19    8.046614891336529E14     3.166307230881412        24.207647577688693       198.9904158436951        1.177885222507369E19     2.175194334092177E14     3.075771866734906        3.8682936408722832       53.86607154193159        2.0480878545843881E18
0.06474322344322345       0.03574218749999999      6.000211549698535E14     3.1848768014141666       24.4890877520565         208.54973465435583       9.651674524517872E18     6.041147501170942E14     3.1834825062876417       23.935127970397673       208.20833302881945       9.653691516613214E18     6.090081992112768E14     3.1818605406426297       23.31654134849748        207.84383528573298       9.657357941799574E18     1.7825941952451266E14    3.075006836028001        3.251618579146875        56.80216271025609        1.67346052540313139E18
0.06097875457875458       0.0392390625             3.276528117660257E14     3.1864629158635194       22.565280924494214       178.97348902323859       5.4524305751194716E18    3.324517840556707E14     3.185297277447892        22.03679916364996        179.385923255394         5.4985037864853023E18    3.3814176022452744E14    3.1839355681444883       21.447476529084746       179.83903894647028       5.5524961458148915E18    1.2749657922190331E14    3.0388497056841413       2.2042053328574527       49.31470888970604        1.0012979650530464E18
0.058002197802197786      0.04331875000000001      9.400659394508119E13     3.178389424332362        18.544253320758106       76.3496879564857         1.45983517189632256E18   9.797163386331053E13     3.177618769447227        18.110454252522604       79.96958375113361        1.52235086492874317E18   1.0267854253482467E14    3.176724180849703        17.626268910124445       84.0753750131741         1.59582195715592371E18   9.091101212342197E13     2.9692723522280904       1.1502066583143788       35.61613433092097        5.0282751882594234E17
0.05581355311355312       0.04798125000000001      9.460789616709809E12     3.144096531068714        10.485141850373827       -43.700156681813624      9.3337388277831072E16    1.052832902908618E13     3.1465852024212237       10.297730409742284       -41.082087753015294      1.06580724994433008E17   1.1857490376833703E13    3.1491240531201647       10.085581727764607       -37.918105863041845      1.23433489704923328E17   7.272291644794503E13     2.8886731749292567       0.4397781764241648       25.60922604390842        2.56468216868010112E17
0.09958644688644688       0.02424489795918367      1.2318964081380633E13    3.0740702038565453       11.578643175543945       -38.183324795573085      8.81845834459044E16      1.3613831454524463E13    3.0753602513717713       11.362689133411479       -35.23081840311806       9.913641447918376E16     1.5226370612399752E13    3.076636035950313        11.121657054817808       -31.786296029703752      1.12982435216808656E17   7.498936164069031E13     2.8900842404961837       0.5559868485343418       28.551579903046395       2.64408402509870656E17
0.09739780219780213       0.025071428571428567     8.5527540705105E13       3.098740343823386        18.402281272374417       51.66382238578814        9.1100433993308122E17    8.915276451615777E13     3.0977558460778525       17.96701948692007        53.963297661493115       9.5066053097303654E17    9.34696146519542E13      3.096671890447998        17.481765268237353       56.594856667561494       9.9764283322102656E17    8.843497821426578E13     2.910807787319605        1.0559376383030965       24.154203293346143       3.4334965732327334E17
0.09442124542124541       0.02580612244897959      2.4249435803257628E14    3.104519228833066        21.722135156634028       99.54345916740412        2.8335300637495823E18    2.4652449181533625E14    3.1031203777867056       21.198175021128215       99.51401463597526        2.8585668858630303E18    2.5128094693826438E14    3.1015656784717587       20.613975253467082       99.47296429302453        2.8884196557346903E18    1.0771058013731683E14    2.9348392885408434       1.6526574994765664       23.951254227544194       4.7516986298294829E17
0.09065677655677654       0.026448979591836733     4.1945371385656594E14    3.1064586481339966       23.41945763419935        93.83024808674446        4.7409054073088072E18    4.227569186698556E14     3.1048751852168266       22.86786314467742        93.29771256591175        4.7387777022806958E18    4.267385621703944E14     3.1031046084229246       22.252569323789842       92.7261521924731         4.7390231300980419E18    1.3348488563748742E14    2.9612949082334143       2.3076331385241007       26.015203603990642       6.8331529222185946E17
0.08610439560439562       0.027000000000000007     6.009300278880785E14     3.1104400758306108       24.53388506096464        98.92522704791972        6.7800385367877468E18    6.040050071171571E14     3.1088074858767674       23.973189415036625       98.61766775855529        6.7592785226243246E18    6.077461055699008E14     3.1069743873049425       23.3473117968409         98.29681538777989        6.7388918630652293E18    1.6612959295276912E14    2.9905908397857677       2.985882385224162        30.58036526084553        1.00073086409492544E18
0.08076410256410252       0.027582812500000005     7.769539751906069E14     3.122731073492698        25.33179836033472        125.77423001835955       9.235146350755146E18     7.799973810521152E14     3.1210923313474876       24.76688876273443        125.42736861035291       9.197523309090473E18     7.837226634622836E14     3.1192442670855227       24.136078361005282       125.06104431284555       9.1584097539154801E18    2.0421004583655825E14    3.0244735128571394       3.640334721427924        38.49984960064483        1.47544948781116928E18
0.07463589743589744       0.028748437500000005     9.020333729822452E14     3.1478600308352953       25.796207265968704       172.92682395681635       1.2075489445787032E19    9.053665724777816E14     3.1462138463288833       25.230268527778275       172.42502771434997       1.2025617369094613E19    9.094205918616249E14     3.1443479350632093       24.598161354427234       171.8871649197897        1.1972607271515335E19    2.37920268173165E14      3.062870189536184        4.140993709473703        50.623487139612685       2.09796326723324621E18
0.06929560439560438       0.030496875000000007     8.889791642610935E14     3.1760887890742593       25.74477139710194        225.71908849678226       1.3605041726391142E19    8.928653023555032E14     3.174451671502398        25.180916371536668       225.1269132694099        1.3560885763656569E19    8.975207151859014E14     3.1725859442290605       24.55108367246872        224.492376386118         1.3513624812549503E19    2.4226947278060822E14    3.093045029314244        4.2211684659280495       64.34093103390224        2.4884541883073459E18
0.06474322344322345       0.032828125              7.205286993659846E14     3.1973380206107027       25.06802326724431        255.59412217053003       1.2225055508559182E19    7.251064823731834E14     3.1957988877926704       24.510745971015705       255.12038431807136       1.2215543532928156E19    7.305067783029865E14     3.19403212196185         23.888326971269887       254.62220268029284       1.2206204954864507E19    2.094790287378569E14     3.1064133689244597       3.7787409168204684       74.22264846961895        2.30297790113307674E18
0.06097875457875458       0.0357421875             4.323933255917176E14     3.201768768217327        23.432406368625823       228.75407443819688       7.6202679611856159E18    4.378401065938008E14     3.2005164502314574       22.89556742404082        229.31327281855917       7.6684292744340132E18    4.441776765705587E14     3.1990630616381375       22.29612082691467        229.9447999575014        7.7232469954692659E18    1.5199937654082484E14    3.0880427231840493       2.7740303410477334       72.66957285322954        1.53767224891985587E18
0.05800219780219782       0.039239062500000005     1.4113021102989747E14    3.1900182264515404       19.839188332422978       111.32944930115738       2.3255654595884877E18    1.4600725343305522E14    3.1892365448051225       19.37616585118199        115.4275365667574        2.4035034266973158E18    1.5176745465413994E14    3.188312224667511        18.859878743754294       119.99035238024916       2.4943584288940733E18    1.0284397804731278E14    3.0299249267944166       1.5547148510108884       55.706939028715084       7.9858988590972941E17
0.05581355311355313       0.04331875000000001      1.5129856018695094E13    3.159320958031644        11.970802497989286       -44.81000772147241       1.64995208737065024E17   1.6669157673748057E13    3.1606895825550048       11.75025108715723        -40.772508748708354      1.85365879762569376E17   1.8572242953309684E13    3.162011673975766        11.502626482917352       -36.093616066495656      2.10898427095713984E17   7.658097586478328E13     2.9479478384646254       0.6297357730690449       41.46626762331984        3.9517765655273792E17
0.09958644688644684       0.0233265306122449       1.2530066186484852E13    3.073421712405658        11.636689691446758       -38.09953195717903       8.9518708737016112E16    1.3835738909015115E13    3.074838818963963        11.419643276843852       -35.11416820868176       1.00612596191274784E17   1.5460553747089564E13    3.0762349079155213       11.177182890536198       -31.63538521313217       1.1462414522768864E17    7.503400595092266E13     2.892833842609           0.5656246676794678       29.122191461951303       2.6911036158946704E17
0.09739780219780214       0.024244897959183675     8.71808617872688E13      3.0977208143268102       18.466789248302266       52.05909667966155        9.2478428389205478E17    9.079646975418656E13     3.0969015061009904       18.03005022586373        54.352300038123495       9.6489080272769882E17    9.511218677352169E13     3.0959779629295316       17.543317592734315       56.975131699098455       1.01241724377720397E18   8.869688871795178E13     2.9136332995447125       1.0721223930010775       24.617873104579875       3.5016999227796576E17
0.0944212454212454        0.025071428571428578     2.462312648209333E14     3.103511826158984        21.771343011227017       99.26843460609604        2.8611598150396754E18    2.5016202842897397E14    3.1022851995807916       21.246870807697004       99.23158979701483        2.8869615725388872E18    2.5482540012036166E14    3.1008986663990794       20.662094024231536       99.1828563244004         2.9175957047012168E18    1.0832152277296728E14    2.9377587375656695       1.6760422942154056       24.417191431496477       4.8592047957495469E17
0.09065677655677654       0.025806122448979594     4.250043204640345E14     3.105624887822497        23.46127075843175        93.25340916909504        4.7820136314144973E18    4.281223733186765E14     3.1042148719917377       22.90949423390269        92.72889443109722        4.7813698022684303E18    4.319318728771401E14     3.10261379365038         22.293993970231618       92.1679169486247         4.7831234129332982E18    1.3456724616477386E14    2.964451448588743        2.336983371923421        26.529768928591803       7.010426226523735E17
0.0861043956043956        0.026448979591836733     6.083104529330362E14     3.1098890276091455       24.572139708762144       98.65280534236784        6.8436690471424205E18    6.111174193630492E14     3.10842381844735         24.011335187404498       98.35736463608146        6.8248959350186465E18    6.146066754839099E14     3.1067535513654727       23.38531960693908        98.05200573475433        6.8064739284001475E18    1.678221754506901E14     2.994190487544226        3.0195922724067          31.213398332203568       1.0308027788241111E18
0.08076410256410255       0.027000000000000003     7.886264411844785E14     3.1225330498793737       25.378152316499737       126.56969932857149       9.364165967973538E18     7.913235931177414E14     3.121054031942464        24.8131346504466         126.2295827279263        9.32864890962118E18      7.947252011213175E14     3.1193604523032374       24.182187422528425       125.87195645254468       9.2915658156585E18       2.0726977560758503E14    3.0291110106490655       3.6870519630386784       39.63540787081826        1.53459927213720422E18
0.07463589743589744       0.027582812500000005     9.36617762087587E14      3.149075445734724        25.91464668884207        178.8034477624298        1.2608582515197129E19    9.395547100042706E14     3.147588889589703        25.348363176079403       178.28186009207133       1.2559176471202521E19    9.432444598846578E14     3.1458771464285844       24.715841299195578       177.72487396022143       1.250630469795465E19     2.4761083583918988E14    3.0718392429064894       4.267890970191798        54.044437205082104       2.28541881357838413E18
0.06929560439560438       0.028748437500000005     9.59635611504844E14      3.180896006324707        25.987632416333394       246.69722016671938       1.500641578317008E19     9.631514894780644E14     3.17940442126285         25.422881570321998       246.0380839181032        1.495788551089288E19     9.674744891600985E14     3.1776762847031015       24.791986924536435       245.3334347773308        1.4905240497960368E19    2.6232226859720366E14    3.1088743804027863       4.478221042553445        72.88987768003437        2.9139436328347643E18
0.06474322344322345       0.030496874999999996     8.306953438148791E14     3.208371358049941        25.520096787451827       303.2475546996242        1.4782999973761276E19    8.350492101487032E14     3.2069456617725236       24.96052790090365        302.5804481608874        1.4764341878490685E19    8.402598876293599E14     3.2052781141970397       24.335393527238654       301.87171489292996       1.4743858308170811E19    2.4005192285711656E14    3.1338351607761465       4.2218440957581125       90.99698453422428        3.0178228145502008E18
0.06097875457875458       0.03282812500000001      5.494898932072706E14     3.2197112069204676       24.18601455249433        296.7482037051118        1.0411245200604535E19    5.549068758956473E14     3.218567688319857        23.641709416591898       297.4223391539595        1.0456630991826665E19    5.6119363079805325E14    3.217199474937717        23.03340365397522        298.1943450931115        1.0506165785521392E19    1.8197591839649616E14    3.1332712758660026       3.3567651568008166       99.82049841896944        2.30175022744494874E18
0.058002197802197814      0.0357421875             2.0104446409663362E14    3.2086572654644123       20.95185659840855        164.2969089033724        3.6174380570021504E18    2.068542044121532E14     3.208046563382788        20.47043344054266        168.82641834596083       3.7173896487476961E18    2.137702820115204E14     3.2072582624976635       19.93458956195017        173.79429648839314       3.8339098890027761E18    1.193051134218681E14     3.091794644577159        2.032238245424388        82.45528339746001        1.28078759972081869E18
0.05581355311355313       0.03923906249999999      2.284234396357101E13     3.177231594106579        13.275899835065019       -42.61230137359427       2.81208251042702688E17   2.4930167217697863E13    3.1783108489580165       13.02672063876633        -37.06665789832263       3.1206830572824109E17    2.748985983220093E13     3.179283686947915        12.747207909355051       -30.770090840540355      3.5017599339789574E17    8.219448272863108E13     3.015202529336046        0.8672457220417823       61.98273975832288        6.3747501086240934E17
0.09958644688644684       0.02231632653061224      1.2754535031913537E13    3.0728706812879794       11.694504998668021       -37.997984260427266      9.0966975115212288E16    1.408633292501888E13     3.0741168949638706       11.476358434202146       -34.97875673202927       1.0216800591313944E17    1.5742090968989354E13    3.075344986751228        11.232555202669703       -31.465256996074817      1.16303581599233488E17   7.539295395832247E13     2.8955523405718355       0.5756351931188837       29.70058212970255        2.75128749632819744E17
0.09739780219780217       0.02332653061224491      8.896695076642625E13     3.0968306924884446       18.53252988895012        52.426537181074046       9.405113579493001E17     9.2666247959931E13       3.095874334204796        18.094201034162147       54.714181815721716       9.8068270726452582E17    9.708042833546962E13     3.0948191857742806       17.605913491133744       57.32821174461855        1.02835775134776038E18   8.931148426651725E13     2.916414348050067        1.0886854918650288       25.09790043325513        3.5847085864421248E17
0.09442124542124539       0.024244897959183682     2.503729226748895E14     3.102669062917651        21.822875320474637       98.89759707207561        2.8955534816538281E18    2.544547538660402E14     3.10130806867838         21.297792169856603       98.84858277570733        2.9207559193442294E18    2.5927238177711547E14    3.0997936033681848       20.712323307652145       98.78720628141316        2.9507963459153961E18    1.093643858033963E14     2.940465762735344        1.700891391196634        24.909056550259095       4.9823736322346227E17
0.09065677655677652       0.02507142857142857      4.3129359371590356E14    3.104997383158116        23.506349554062776       92.52279139638867        4.8354775883950305E18    4.3464187343787525E14    3.103449273639529        22.95428736346742        92.00849238584304        4.8336948831535985E18    4.3868262875369956E14    3.101716919117209        22.338483001444292       91.46030650957381        4.8343696213880125E18    1.3615566786745655E14    2.9668808601013006       2.3690675352585813       27.082155649466912       7.1909632330777805E17
0.0861043956043956        0.02580612244897959      6.167797598339866E14     3.109605717841839        24.614761491646927       98.41315504605276        6.9278483974678753E18    6.198927819213028E14     3.1079970715518987       24.0537437602287         98.13048634207941        6.90701884964211E18      6.236796814161148E14     3.1061901620221506       23.42748638057914        97.83994859345026        6.8865482151002204E18    1.700476292644056E14     2.9960723213136546       3.057590913803447        31.88330473201521        1.05544109974904602E18
0.08076410256410256       0.026448979591836733     7.993048466904245E14     3.122707243948283        25.420319885717195       127.3112329921385        9.498077731261458E18     8.023789768116016E14     3.1210835116153306       24.85511754684409        126.97138067999396       9.459453955267447E18     8.061437303491446E14     3.119252122208878        24.223965516509864       126.61455573729322       9.419257098515841E18     2.101816305841981E14     3.030244689797597        3.730003813907813        40.57228983387035        1.56566613268337152E18
0.07463589743589742       0.027000000000000014     9.53291645781897E14      3.149992442325746        25.971003641637672       181.7346597843891        1.2887417296769036E19    9.566714635986435E14     3.1483624888204726       25.40448691960534        181.21519402121854       1.2833506917187103E19    9.607867591021304E14     3.1465144015578335       24.771704790409064       180.66403420234872       1.2776051806956696E19    2.522802616836759E14     3.0730695667941634       4.329188498061667        55.97082105370992        2.3430972211283497E18
0.06929560439560438       0.027582812500000005     1.0064309579893438E15    3.1844756122905715       26.140139656773574       261.6998449660118        1.5992843389110927E19    1.0104274009685098E15    3.1828328506138064       25.574758829485102       260.9979352518003        1.5935308298848195E19    1.0152204080740099E15    3.1809595634428645       24.94314897730765        260.25107029740514       1.5873096583862968E19    2.757066420459961E14     3.114939592195378        4.64361101081093         79.03562554715862        3.1550579538463529E18
0.06474322344322345       0.028748437499999988     9.200780470445634E14     3.2174147759430802       25.847584991934585       345.2143643435723        1.7027164545852684E19    9.249087395540891E14     3.215803524691273        25.286342947721945       344.3279174280217        1.6992846277995995E19    9.306067367967361E14     3.2139516415574625       24.659327504914586       343.3912557977108        1.695527867428644E19     2.6549686549273206E14    3.1486794124992326       4.556511630579731        105.69653043836982       3.5843616913204454E18
0.06097875457875458       0.030496875000000007     6.700328344077165E14     3.237550957957138        24.81701848021069        376.58781500433736       1.3663756683523357E19    6.758692170863289E14     3.2361595488952415       24.2672854623856         377.2246097459158        1.3695509142836494E19    6.826637081565475E14     3.234533497028101        23.653218535533416       377.9929301201232        1.3730720929535138E19    2.145442044587163E14     3.1633079963639985       3.900099472221395        126.58737178437613       3.1319483680378419E18
0.058002197802197814      0.032828125              2.801768159590904E14     3.2322220119839935       21.995013677073125       245.87594376746324       5.6058332798857155E18    2.873204339091133E14     3.231374791020171        21.500217659724235       250.45311640048112       5.7315723902930176E18    2.956657558091345E14     3.230330480688901        20.94806265372359        255.51583294487207       5.8750544640536218E18    1.412440221839643E14     3.1412635048128252       2.5820746035668494       116.10623570540223       1.92803617097768781E18
0.055813553113553106      0.03574218750000001      3.4064560352613355E13    3.202146703777178        14.553503823099055       -35.756864804634766      4.8813024576620032E17    3.695893342853857E13     3.2027332926835244       14.283909171061929       -28.374470778314972      5.3647107240180634E17    4.0450670051626266E13    3.2031698825619          13.978742212953549       -20.151089516370703      5.949722349832864E17     9.00679373285019E13      3.0765418126061697       1.1693641533048094       84.38266120309692        9.8050716828810496E17
0.09958644688644688       0.02121428571428573      1.2964188152502152E13    3.0722528728901533       11.750362753741554       -37.900778614271005      9.2292163966822816E16    1.4306483580024037E13    3.073627941115846        11.531225801886904       -34.849286102225136      1.03635695842365328E17   1.5975142368630465E13    3.0749787585510857       11.286302059234162       -31.302772396608376      1.17944481667011392E17   7.542921604601981E13     2.8982986750252517       0.5855278457970127       30.285357640407987       2.79939276726391168E17
0.09739780219780218       0.022316326530612253     9.07045380091913E13      3.0958328828644386       18.59780516478977        52.78461014714648        9.5503321168456E17       9.439253649267073E13     3.0950402811479014       18.157999878167466       55.06837106003019        9.9566328508950861E17    9.880438873120667E13     3.0941444479152005       17.668237334424557       57.67539244699549        1.04389735976141786E18   8.956429672200367E13     2.9193104758610184       1.1055139559310176       25.597497753919455       3.6561700037420922E17
0.09442124542124539       0.023326530612244895     2.5448954237878225E14    3.101647841523532        21.87555717762396        98.50784237690841        2.9261807079680102E18    2.584704656275758E14     3.100455822891911        21.349977591032236       98.44793993577218        2.9521526104992077E18    2.6319180766477466E14    3.0991066605254542       20.763921514518728       98.37637651399454        2.9829617110634209E18    1.100309354551883E14     2.943418658267687        1.7271149277367557       25.433865645257143       5.097394007630967E17
0.09065677655677654       0.02424489795918367      4.3771270812942925E14    3.1041228468190853       23.553752598701198       91.80831272948878        4.8836608255954647E18    4.408667847864506E14     3.102745015040766        23.001507893124522       91.30635467093899        4.883252429401726E18     4.4472666886608694E14    3.1011795041514407       22.385496738709605       90.7731517529718         4.8853319293176658E18    1.3738285061239722E14    2.969838306209757        2.4036490209847434       27.69187405870069        7.3750700255937254E17
0.0861043956043956        0.02507142857142858      6.257510952534912E14     3.109033538199246        24.66090290755959        98.20668942567785        7.00741155958174E18      6.285763382146406E14     3.1075961382114277       24.09976408723421        97.93297140581619        6.9884752928644772E18    6.320895125406834E14     3.1059568717361783       23.473347567448634       97.65401818827067        6.9698658385180109E18    1.7202253652643094E14    2.999130310527828        3.0994958626647873       32.66154286661622        1.0852797349789929E18
0.08076410256410255       0.02580612244897959      8.112247502037706E14     3.1225885461949017       25.467471612295874       127.9662214372106        9.633221980062097E18     8.139292551123346E14     3.121135144979253        24.902169250302794       127.62959899329937       9.597067494707007E18     8.173459087754478E14     3.1194699854871493       24.27089043375343        127.279841081046         9.559297612687258E18     2.1315141847361594E14    3.0337075469947985       3.7786753756835005       41.691037860349624       1.61659744252278323E18
0.07463589743589744       0.026448979591836733     9.688774774831999E14     3.1505053727603056       26.02245296216838        184.16972330726458       1.3128865753685973E19    9.718273796850721E14     3.1490371258360677       25.45582176462343        183.66453748149232       1.307749979162588E19     9.755397540248322E14     3.1473454243461587       24.822896043615454       183.13256051736408       1.3022450724818784E19    2.5659191806949272E14    3.077358050099904        4.385689698026034        57.666927714802384       2.4351331119285253E18
0.06929560439560441       0.026999999999999996     1.0298830465387595E15    3.1859464363808416       26.21323876387159        270.1331139668765        1.6473667402102174E19    1.0334326406348979E15    3.184452182634751        25.647645540023348       269.38430465791487       1.6417257584308615E19    1.0378088204790711E15    3.1827205288746736       25.015778814702912       268.58564185504844       1.635580320838062E19     2.826106306306172E14     3.1209330729331244       4.723864751180202        82.40620785369327        3.3298248273248701E18
0.06474322344322345       0.027582812499999994     9.822380111663194E14     3.2231075747262126       26.057093454041436       375.2029903469577        1.8629591497035952E19    9.866805502582768E14     3.2216152539765477       25.494923963676868       374.1532016776488        1.8589339726588686E19    9.920230707843428E14     3.2198716943484427       24.866817777779485       373.0410186841088        1.8544493045160866E19    2.839916840762251E14     3.1616900401339523       4.776458332142257        116.11872258621266       4.0770603324937692E18
0.06097875457875458       0.028748437499999998     7.777827955401529E14     3.251389264181522        25.294726179108427       458.7982679472922        1.6794130176750604E19    7.833892621028221E14     3.250033617329364        24.741478741705873       459.22685884807896       1.6813414421011341E19    7.89958509326249E14      3.2484220200373186       24.123253613229743       459.7260248207993        1.6833044023034087E19    2.4542310791927734E14    3.188319498890629        4.3405806039196415       150.17953573159826       4.0230976435487667E18
0.058002197802197814      0.030496875000000003     3.846513185656222E14     3.2560436481547494       22.997531209269944       354.87736748781896       8.5426350671611433E18    3.925023280230329E14     3.2551735665967216       22.487584031087955       358.91304538937317       8.6862123726639739E18    4.0145058263162594E14    3.2540734907162903       21.91657118380326        363.3513607130428        8.8435867078885325E18    1.6952926200883425E14    3.1859911760363113       3.1742551275428497       152.74489015373146       2.8387542228966211E18
0.055813553113553106      0.032828125              5.165863513787214E13     3.231066470319039        15.914481265148877       -21.62908020458888       8.7549353991454272E17    5.563100287468157E13     3.2314263486561723       15.620981146031196       -11.433329193645832      9.523690728465897E17     6.041135879119807E13     3.2315839491607203       15.289980104908333       -0.19677419331467405     1.04454070743431206E18   1.013731947122069E14     3.137920653369686        1.544332274965691        104.12488668329773       1.49340966372679347E18
0.09958644688644686       0.02002040816326531      1.317276953663735E13     3.0716975277070597       11.802194368590865       -37.79518581499413       9.35993002484216E16      1.4540185613254883E13    3.0729058573380885       11.582109839199006       -34.713363246923805      1.05037019280873184E17   1.6239271882643951E13    3.0740932634456652       11.336151700864795       -31.135658445825857      1.19459172983523136E17   7.578082555354766E13     2.9009613266495826       0.594663475201235        30.84843615420611        2.86054647513331264E17
0.09739780219780216       0.02121428571428572      9.247941222596352E13     3.0949214190396406       18.66046818593645        53.12317812812742        9.7021697056499942E17    9.625222096319686E13     3.0939921662274092       18.219166712262208       55.40278200063615        1.01088526165331379E18   1.0076101750926219E14    3.09296505106289         17.727860067853545       58.002733162644645       1.05920911024009523E18   9.021191407316905E13     2.9221914438757746       1.1223694674566673       26.101683574724525       3.7461609527027526E17
0.09442124542124539       0.022316326530612243     2.5883670842519206E14    3.1007250964337216       21.927768809111285       98.0666690301711         2.9608537616416993E18    2.629770752626037E14     3.09940092218691         21.40160365548489        97.99587453536532        2.9862530728697482E18    2.6786167854582144E14    3.0979259962367998       20.81488528843528        97.91384801974601        3.0164971580447831E18    1.1117943763654095E14    2.9464102784147173       1.7536059259817938       25.970748527313994       5.2391370581190822E17
0.09065677655677656       0.0233265306122449       4.4469190069422444E14    3.103380263928434        23.602135247742865       90.98863173368788        4.9411542103050281E18    4.480917560370357E14     3.1018702228446684       23.049609391136073       90.49730604043953        4.9397491689695672E18    4.521983452494646E14     3.1001793716304293       22.433288387446908       89.97741968653452        4.9408855495524116E18    1.3923222052573295E14    2.9728372995896417       2.4395135857023997       28.331288848612683       7.6009614817074982E17
0.0861043956043956        0.024244897959183675     6.357415084435552E14     3.1086539942187033       24.709373723906673       97.76630666329638        7.1045996453357763E18    6.388976170863475E14     3.107080756995901        24.148005596874658       97.5047815981016         7.0838928429663642E18    6.427347211412595E14     3.1053125526102634       23.52132489626623        97.24165532861976        7.0635309452933304E18    1.7479590749167472E14    3.0020621234307874       3.1441042827076733       33.489943221115624       1.12071563583367962E18
0.08076410256410256       0.025071428571428578     8.247676589966625E14     3.1227496490940805       25.51853952380781        128.50690555696775       9.800683325505346E18     8.278872618538558E14     3.1211521647749585       24.953028466722532       128.18688585113023       9.761501846856458E18     8.317095082028528E14     3.119349508853973        24.321519095647336       127.85771414487847       9.720709311183999E18     2.1710086734655384E14    3.0364992265303554       3.8319725854597375       42.88255804138245        1.67130317212218035E18
0.07463589743589742       0.02580612244897959      9.868807640384188E14     3.1514351803706475       26.080151006789468       187.22972412447405       1.343049144818212E19     9.903094611938606E14     3.1498119289552253       25.51329193334654        186.72935379992566       1.3373967565024166E19    9.944858755661251E14     3.1479712247774376       24.88011260079505        186.20163071034682       1.3313645228247357E19    2.6201459725609597E14    3.079961299544576        4.449571873182518        59.452124454156085       2.5199411036245581E18
0.0692956043956044        0.026448979591836726     1.0517191079320374E15    3.1876796395784153       26.280298096572167       277.2347069647981        1.695420831864869E19     1.055761542027369E15     3.186024558646221        25.7144173930457         276.4247943328614        1.6890568914036E19       1.0606127229596408E15    3.184137759834935        25.082228574111845       275.558506090503         1.6821605672894896E19    2.892030063350121E14     3.1231917997708765       4.798061381535772        85.19893507256069        3.4454329181377976E18
0.06474322344322345       0.027000000000000003     1.0134578941261585E15    3.2262352540917507       26.158487492232638       392.2793631768127        1.948259672696796E19     1.0183720249188392E15    3.2245738899601424       25.595787588235964       391.1791205391852        1.9432613465081987E19    1.0241706595544978E15    3.22266607872992         24.96708338009447        390.0166801118148        1.93774395743611E19      2.9329826632244506E14    3.1647002023182114       4.884316717735387        122.03300512430897       4.2705942527122458E18
0.06097875457875458       0.027582812500000005     8.571610366532882E14     3.2608697857892226       25.608778819371445       527.874240095227         1.924909444094866E19     8.63214744682526E14      3.2592792294020967       25.053366665136835       527.7907687871109        1.9250636917077836E19    8.702578672436021E14     3.2574302252989313       24.4327910366527         527.7155803720007        1.9251104445976105E19    2.684535343317141E14     3.199736520531958        4.6407597343730815       168.4605703601967        4.6343016818512671E18
0.058002197802197814      0.028748437500000005     5.072696873884654E14     3.2770171859837807       23.88413593279521        460.12490519881436       1.231771906587203E19     5.157060112150357E14     3.275799639922209        23.36033988364042        463.4495049994328        1.2456954523040674E19    5.254555521168502E14     3.2743341775509647       22.775240970593153       467.2588142935873        1.261193207506783E19     2.0117234728956803E14    3.213522761245865        3.741327270318971        181.3610254431361        3.794501797985602E18
0.05581355311355309       0.030496875000000003     8.26288318644647E13      3.262378223502107        17.50506474433498        13.941027023175842       1.66967681546393728E18   8.808855578803967E13     3.2621673151541857       17.171934242607943       29.173354706044922       1.78968999961652275E18   9.457212697793872E13     3.26172236601522         16.796103243236775       46.12296464474861        1.93093973573514854E18   1.1732468535161983E14    3.1855039020593154       2.0156101564632865       117.21828901955126       2.11245402210454426E18
0.09958644688644686       0.018734693877551025     1.3348447708144635E13    3.071143131261686        11.847911812306092       -37.69870183660196       9.4679911419476E16       1.4723454483584367E13    3.072485634509653        11.62709060946304        -34.59002647533909       1.06240162224488064E17   1.6432150392059342E13    3.07380184168936         11.380330778276864       -30.984645986140382      1.20813072608625168E17   7.578720582817088E13     2.903446726000575        0.6034016242816107       31.391020175667798       2.9046812599977267E17
0.09739780219780216       0.020020408163265314     9.407711622383667E13     3.094010110636812        18.718512666198492       53.422838102876796       9.8333830692394048E17    9.783446741887458E13     3.093243549010973        18.275973737736788       55.69880972239215        1.02446132455808576E18   1.0233352186689422E14    3.092374975681741        17.78335754828052        58.29278491826644        1.07331126650357837E18   9.047061587101628E13     2.92497408563411         1.1395316514015692       26.601224439350794       3.8180365098419347E17
0.09442124542124541       0.021214285714285724     2.6288507726893872E14    3.099758443535783        21.978093288799517       97.59888809330235        2.9907762876081167E18    2.6692203174785834E14    3.0986022150145183       21.45150980601379        97.51754616510638        3.0170087278132065E18    2.7170942279076134E14    3.0972918615922103       20.864305416764545       97.42518132960518        3.0481100745488046E18    1.1184347804409675E14    2.9493803733928137       1.7800719518925243       26.51127459590976        5.3593215016980614E17
0.09065677655677652       0.022316326530612253     4.513998969257071E14     3.102536778291509        23.65033127572928        90.10070514655573        4.9921158755047404E18    4.546025257628348E14     3.101195718912515        23.097661474532664       89.62105768627217        4.9921491558497004E18    4.5852287914155156E14    3.0996708076513793       22.481153803620554       89.11588025300964        4.9947364783615785E18    1.405453751236958E14     2.9758953407824404       2.476345921886332        28.99327091154626        7.8025132336024563E17
0.0861043956043956        0.0233265306122449       6.456739858148769E14     3.1081159073503115       24.759111058569278       97.30127427194681        7.1947527958223114E18    6.485311829128698E14     3.1067104298825985       24.19762896126158        97.05547395110023        7.1758361726557143E18    6.520843881201014E14     3.1051068070711927       23.5707993359468         96.8117267164316         7.1572469400639263E18    1.770219024808224E14     3.005174914405652        3.191002129184034        34.37429570105585        1.15391506253797478E18
0.08076410256410252       0.024244897959183682     8.387484669286394E14     3.1227165249234803       25.572496229132994       129.37627746081245       9.964098470903101E18     8.414753855940988E14     3.121284708762919        25.006885563689842       129.06829872802447       9.9269796835991E18       8.449264529465849E14     3.1196440414217954       24.3752504248015         128.75378505271192       9.888199766792251E18     2.205959264814741E14     3.039776130388026        3.889350460476328        44.217087707692116       1.7270275789082688E18
0.07463589743589745       0.025071428571428578     1.0063316629252008E15    3.1521985517522557       26.143044153297225       190.8323007534111        1.3743229368887702E19    1.0092917818226412E15    3.150739228659329        25.57605540912584        190.3136598000405        1.368879053461411E19     1.0130252808208344E15    3.1490579464714963       24.942713961307362       189.76795365447816       1.3630385492094951E19    2.6730029342356172E14    3.083793327789026        4.520000810945448        61.57413506274251        2.6200149447134382E18
0.06929560439560441       0.0258061224489796       1.0766175017098431E15    3.189336283349635        26.355937802732374       284.6462344414191        1.7484431720006631E19    1.0801732059681539E15    3.187841131541483        25.789847482824587       283.7873198795704        1.7422380298915901E19    1.0845664592725868E15    3.1861085979967263       25.157404661336756       282.8747657620167        1.735466044902715E19     2.963489172670255E14     3.1279786605299265       4.882464652929626        88.60417925437378        3.6123603039024138E18
0.06474322344322345       0.02644897959183672      1.0432544361643161E15    3.2287853302226552       26.252058154115343       407.2318075017381        2.0276463352047854E19    1.0477159680427392E15    3.227268017673265        25.688981144962508       406.11328939589805       2.022625796432367E19     1.0530923362001452E15    3.225496470313219        25.059836814021853       404.934232676695         2.017023808694588E19     3.021457187250187E14     3.1707241731629567       4.984431109711967        127.24474193435759       4.5238635593985142E18
0.06097875457875458       0.027000000000000014     8.991526433145689E14     3.2651634312006124       25.762934612224797       570.1992428723483        2.0553675350435672E19    9.048632008660841E14     3.2636847025447095       25.20667677100433        569.5511236089376        2.055157910562522E19     9.115983858603156E14     3.2619362916483947       24.58514435196109        568.8425854323306        2.054738489129441E19     2.8092047010919003E14    3.2083601682115117       4.7902371275586955       178.70217125625862       5.04045137189393E18
0.058002197802197814      0.027582812499999998     6.118119760867278E14     3.291094314761689        24.48979673239243        543.7218162178046        1.5737489281323608E19    6.199053008415035E14     3.289860407455858        23.956468608660963       547.2322055391724        1.5860294753013475E19    6.292342560928139E14     3.288352369378344        23.360292022913647       551.350246134403         1.599346338405245E19     2.287502809233671E14     3.2346306755500596       4.162729785611021        203.5403631369435        4.7197030346886769E18
0.05581355311355309       0.028748437499999998     1.3940425272617114E14    3.2911346564260047       19.335943965932195       145.78314114705375       3.2992244579128873E18    1.4679533183835494E14    3.290596882797801        18.9535620447186         169.73013071068556       3.48116209458387E18      1.553610549577867E14     3.289784133909686        18.520676588772524       195.75661640297375       3.6887127855096719E18    1.4093971237523566E14    3.229098658951643        2.6049963946951054       117.955673416904         2.9990519977432842E18
0.09958644688644686       0.017357142857142852     1.3503397336621637E13    3.0706579422376215       11.885026141608677       -37.60633827282578       9.5597997441404528E16    1.4899433167342467E13    3.0718408861110773       11.663586061448726       -34.47589174612101       1.0721822831813096E17    1.6633602946820377E13    3.0730014779993193       11.416156793190693       -30.847913357968167      1.21863443355710432E17   7.61120836629035E13      2.9056781645408076       0.610809766468089        31.870172762152077       2.9586466370887206E17
0.09739780219780213       0.018734693877551025     9.557515519405806E13     3.093199701944112        18.769377820336885       53.67445078598641        9.9570679077436378E17    9.941420196114961E13     3.0922951870720925       18.325672949984508       55.94758371833461        1.03682154579800064E18   1.0400470118972367E14    3.0912940950091152       17.83182243345445        58.536703485645134       1.08569243748631898E18   9.112477355429797E13     2.9275869300807518       1.1557755860302463       27.06715824405357        3.9055082219361907E17
0.0944212454212454        0.020020408163265314     2.6689273010591094E14    3.098879134236308        22.024577602905993       97.10422730810237        3.0215152096575631E18    2.7109421237396112E14    3.0975896219750183       21.49750733367876        97.01383402399294        3.0471896995929677E18    2.7605108489707538E14    3.0961523121627113       20.909765612154743       96.91232192449483        3.0777552130268083E18    1.129644702297908E14     2.952265858552265        1.804865201914348        27.03790823772891        5.5023889019053402E17
0.09065677655677656       0.02121428571428572      4.5830995480831775E14    3.1017719135894177       23.69668059618389        89.1747849609703         5.0472469978836081E18    4.617708327899685E14     3.100298693052043        23.1437720825507         88.70715168900938        5.0463286257664215E18    4.6594826935546606E14    3.0986484456718575       22.526985648498353       88.21709456432706        5.0479955900509891E18    1.4247578237539856E14    2.978948625325457        2.5125035536073894       29.659530835848344       8.0452678525875302E17
0.0861043956043956        0.022316326530612243     6.562171765592759E14     3.107675889477973        24.808581979972224       96.8019803795485         7.295111956218153E18     6.594215921057371E14     3.106136663284301        24.2468796325958         96.57141322001179        7.2744876842532157E18    6.633185805596222E14     3.1044061723568595       23.61981072114562        96.34658641004772        7.2542461889564559E18    1.800832507219033E14     3.0083444442734963       3.2384475473860195       35.292944708738986       1.19436238705869747E18
0.08076410256410256       0.0233265306122449       8.539744583004261E14     3.1228507348017813       25.627867032920335       130.1838824136172        1.0150624019748155E19    8.571438394553216E14     3.1212806508506685       25.06205115214165        129.8849600252133        1.011070258280799E19     8.610298788626369E14     3.1195083748988326       24.430190638914354       129.5829831565239        1.0069141984347042E19    2.2522023046332275E14    3.0431324120925543       3.948974890507031        45.64286359162259        1.7948886019801984E18
0.07463589743589744       0.02424489795918368      1.0280340219276428E15    3.1532646996152645       26.209660283692855       194.16651863332282       1.4108938904122257E19    1.0315175950906768E15    3.151657621864057        25.642428365742152       193.6435028869168        1.4049626889532518E19    1.0357636555215321E15    3.149834687267838        25.008816424368188       193.09721508606117       1.3986251571803011E19    2.7407892236615472E14    3.0875843781946495       4.595038396150481        63.86303829720915        2.7387286062485176E18
0.06929560439560438       0.02507142857142857      1.105099569393096E15     3.1914771313219066       26.438687925786216       292.66217222819625       1.8119869535877353E19    1.1092085633739709E15    3.189818045986042        25.872259570014172       291.78905167119245       1.8049807731041223E19    1.1141431520304836E15    3.1879266362369685       25.23943911049966        290.86432212139624       1.7973734628542513E19    3.053556418339344E14     3.132228300090618        4.9754085217356705       92.25228618038331        3.8002292465757358E18
0.06474322344322345       0.025806122448979583     1.0782535343198798E15    3.2320338822540235       26.35796468741744        425.2263311527734        2.1251231068761813E19    1.0832410444440689E15    3.2303310751809073       25.79436663512614        424.02748985397454       2.118912318621975E19     1.0891327936646048E15    3.22837751909928         25.164642342218414       422.7515581801201        2.1120480576691032E19    3.1311628924979575E14    3.1752103736888544       5.098625963242682        132.7499784347031        4.7880277276123771E18
0.06097875457875458       0.026448979591836733     9.396261394119568E14     3.269493021219081        25.90578380892459        600.4122460317188        2.186694768677317E19     9.457996156736552E14     3.267813168841726        25.348640993591438       599.2481554470421        2.185142126361792E19     9.529869526017388E14     3.2658658319499847       24.726100710614922       597.9743922211361        2.183262870009068E19     2.931386205068199E14     3.212825640553473        4.930292615966225        186.90107811512385       5.3660274303126825E18
0.05800219780219782       0.027000000000000007     6.698062442250374E14     3.2983009406416843       24.785493986629067       606.7140209990816        1.7733255496334555E19    6.78047044456185E14      3.296819990371981        24.24752769894624        610.5690677721017        1.783715501914845E19     6.874987750535742E14     3.295062418959802        23.646196910231566       615.0297619727298        1.7949052887686803E19    2.4426836296022553E14    3.2410896359711594       4.382032103346431        216.5366613190452        5.1745075123721748E18
0.055813553113553106      0.027582812500000005     2.3137815535154097E14    3.3124008026722884       21.12943057185323        475.9564908788881        6.1758630159794903E18    2.4103117209252584E14    3.3113282889379483       20.698932378891307       505.13775578846594       6.4223330863920988E18    2.5220042056048075E14    3.309963038423376        20.215084882427632       535.7672208340139        6.7014638201620552E18    1.683097727086863E14     3.252957091718323        3.198042606287247        87.72604900195542        3.8940150233117665E18
0.09958644688644684       0.01588775510204082      1.3603166245996443E13    3.0702231339249524       11.91110501293316        -37.53082277551625       9.6144633836491744E16    1.5000645061899086E13    3.071548831193437        11.689378254578886       -34.384633638411884      1.0784249142666328E17    1.6736974038287475E13    3.0728477866056325       11.441638381377457       -30.740156895731804      1.22584518886230768E17   7.606376692470892E13     2.90751899489403         0.6169696488488228       32.28066678751847        2.9905644694748755E17
0.09739780219780217       0.01735714285714285      9.673247464065911E13     3.0924668708396146       18.81074352622485        53.87101108381579        1.00469334465717043E18   1.0054789682759936E14    3.091722607616208        18.366283458175317       56.141601972467946       1.04622619000010394E18   1.0511830210787142E14    3.090877968231386        17.87162026686237        58.7266865511623         1.09557366174706662E18   9.130253279479372E13     2.9299069058677034       1.1699998149493398       27.48923825157951        3.9660503719563232E17
0.09442124542124539       0.018734693877551025     2.7025495460032738E14    3.098040937093771        22.065544832074274       96.6182727771598         3.0452621257518781E18    2.743487106298715E14     3.09691680520883         21.538212238486043       96.51931287919511        3.0718302096495606E18    2.7920421051756334E14    3.0956416628001007       20.950162447814566       96.40915606118378        3.103327302298412E18     1.1349260274967114E14    2.9549459221928798       1.8275567044538756       27.540569866599945       5.6117523789359238E17
0.09065677655677654       0.020020408163265304     4.644490730461938E14     3.101000398848172        23.739761544014364       88.23691616017959        5.0929875414984899E18    4.677082490374916E14     3.0996945569206136       23.186773110912352       87.7801706630012         5.0935891497726577E18    4.7169465335286706E14    3.0982088378973285       22.56986836761126        87.30406558079694        5.0967976123105065E18    1.4371883874263984E14    2.9818773499622786       2.5475395658883087       30.312192836737267       8.246341863380279E17
0.0861043956043956        0.021214285714285713     6.660444248985738E14     3.1071849647554948       24.856447121811687       96.21970782645315        7.3847643467312179E18    6.689416525286451E14     3.105812881178408        24.294663327944008       96.0043023271247         7.366028378689154E18     6.725510172038684E14     3.1042466596974143       23.66749996550668        95.79834217320582        7.3477202673043661E18    1.8236659499993488E14    3.0114666331111106       3.2858104236920647       36.22060314792735        1.22967037477533158E18
0.08076410256410252       0.022316326530612253     8.688086418467749E14     3.1229019183637132       25.6833126975004         130.8679852191483        1.0328210123189176E19    8.715739318680401E14     3.1214966986973227       25.117422294018034       130.58150094026234       1.0290413337632182E19    8.750787337318236E14     3.1198860605040393       24.485463548964407       130.2958448828763        1.0250953573354932E19    2.2903985643172672E14    3.046533096943747        4.010043294821955        47.129243077125125       1.85735985496467021E18
0.07463589743589742       0.0233265306122449       1.0501607103128885E15    3.1542471873706606       26.27855376909531        197.78450777895256       1.4477771208488536E19    1.053153782719018E15     3.1527995837547342       25.71119991078054        197.2632420241508        1.4420127962306284E19    1.0569368355984772E15    3.1511320286269116       25.07743512980294        196.7216525800974        1.4358258531087841E19    2.8019233282906378E14    3.0915771925227196       4.673886217687649        66.33724604001883        2.8552724145009823E18
0.06929560439560438       0.024244897959183685     1.1354824171075695E15    3.193579543603433        26.526925789200256       302.46006266632537       1.8793398619996094E19    1.1390641309205945E15    3.192071343479855        25.960271465711276       301.54673468883067       1.87233809366244E19      1.1435011895361898E15    3.1903252774423865       25.32717966754429        300.578318123328         1.8646908974871413E19    3.1415505585013356E14    3.1370352830950616       5.075746893620377        96.38890627766855        3.9994507534791107E18
0.06474322344322345       0.025071428571428567     1.1173977961652676E15    3.2353454763597407       26.474411033557015       446.21448970947057       2.233682225173181E19     1.1218776298086756E15    3.233783059455556        25.91038663825755        444.8336889529064        2.2272185931923083E19    1.1272910585630518E15    3.231962466844169        25.280161808376224       443.3568774073115        2.2200141655862534E19    3.247181937174138E14     3.1810565216693267       5.22544271415503         139.40628554547527       5.0987066438095575E18
0.06097875457875458       0.025806122448979583     9.87621871261797E14      3.2740570160954374       26.068715368469064       631.5033606976344        2.3421263292543803E19    9.933631067600361E14     3.272502415390367        25.510628526167007       629.9285653622452        2.3400411842115977E19    1.0001397203031029E15    3.270670559903503        24.88698583807364        628.2289703664051        2.3374798711960682E19    3.0723013823994706E14    3.2200630933094225       5.091027699065161        197.19785317360723       5.8033458954399488E18
0.058002197802197814      0.026448979591836726     7.282876537565341E14     3.304446117468641        25.058911865454103       677.22765892554          1.9753209270198702E19    7.361009540366828E14     3.303038945842816        24.51723028710529        681.4426975372596        1.98449260074961E19      7.45144144183919E14      3.3013404324936118       23.911824270985065       686.2649733629293        1.994274749061569E19     2.5998934346949962E14    3.250284232082081        4.59066385606714         231.67053228864577       5.7185914710903757E18
0.05581355311355309       0.027000000000000014     3.022144823839696E14     3.322388058366005        22.059661718366197       840.8486632332493        8.5368578045894656E18    3.12746010952631E14      3.321281764375354        21.603816119354118       862.4669714583907        8.8107725168921702E18    3.248575886913308E14     3.3198629973914358       21.091969940404          883.5306102787104        9.1170606343354604E18    1.866818357552556E14     3.267766146301328        3.540256027630707        71.26968633941809        4.5661419919433042E18
0.09958644688644687       -0.0355515625            3.090684939241691E11     2.6648210562822654       1.5144002136251118       -7.611258519565693       6.865614501130688E14     3.8459456382772076E11    2.704200883343262        1.5010236932837089       -8.398070457188291       1.0793967181742691E15    4.9007921797321E11       2.7483246121862606       1.4854250381515326       -9.275955273545938       1.764294823266896E15     6.675998484600748E13     2.735533115748986        0.06671180734500018      2.4764433746536305       8.4841779409184352E16
0.09958644688644684       0.014326530612244898     1.3658468471988342E13    3.0698851059258057       11.923282194709065       -37.474511131398884      9.6368031510306336E16    1.506914053313078E13     3.071062004376581        11.701474229449168       -34.320979634301004      1.08065822820261088E17   1.6821429461676807E13    3.0722170737452443       11.453655706076052       -30.66836809522547       1.22807900600108112E17   7.631866954205331E13     2.908890202774883        0.6207529474488317       32.58518196424641        3.026547588259424E17
0.09739780219780216       0.015887755102040817     9.761542136695644E13     3.0918781546606646       18.839628684011103       53.99701470942785        1.01131169179481997E18   1.0150365453975462E14    3.090993123250778        18.394584011455397       56.266574349297684       1.05276004764830502E18   1.0615428709142647E14    3.0900133006665427       17.899308060654523       58.849648704307015       1.10203807449956992E18   9.181669812993345E13     2.9318431576290545       1.180842517641834        27.843238928918055       4.0339822485545395E17
0.0944212454212454        0.017357142857142856     2.7321406317798556E14    3.097320393554989        22.09870982637931        96.1491716509581         3.0664430820412698E18    2.774735858031563E14     3.0960598499349654       21.57107446980468        96.0442960047991         3.0924733186410163E18    2.8249945632016956E14    3.094654495934697        20.98269817737579        95.92810362555973        3.1234618873126144E18    1.144591674858968E14     2.9573380946112073       1.8473060381443958       27.99832304010932        5.7365142939689197E17
0.09065677655677652       0.018734693877551018     4.702804107033307E14     3.1003116335609224       23.77759780052769        87.30566500513213        5.1376193560520356E18    4.738059097456833E14     3.0988715764758648       23.22444209504881        86.85970387172561        5.1372987265178583E18    4.7805850136476206E14    3.0972583269996155       22.60735005917724        86.39717818649218        5.139636525245909E18     1.455084354727804E14     2.9846184957924384       2.579404041717516        30.92691823534056        8.4767178723151514E17
0.0861043956043956        0.02002040816326532      6.758309378692475E14     3.106751270362189        24.900834827611757       95.5670689066161         7.4761346078474353E18    6.790920340662549E14     3.10524472960007         24.338880459674275       95.36781937033749        7.4557745828799611E18    6.830646343647896E14     3.1035508943291368       23.711545785351387       95.18167006078549        7.4359394863947315E18    1.8539823005033528E14    3.0144911322543635       3.330825596560176        37.12987203381562        1.27078715039266048E18
0.08076410256410257       0.021214285714285727     8.841075512389024E14     3.1230162062324665       25.73695626521583        131.49788747451422       1.0515020874592408E19    8.873412977251561E14     3.1214731236422035       25.170896108782745       131.22592481855767       1.0474519731315022E19    8.913078404353548E14     3.119731330799041        24.538752297308314       130.95894343103106       1.0432397891242564E19    2.3390768836830994E14    3.0499148689891697       4.0701203662569885       48.64749850716932        1.93086868669518003E18
0.07463589743589742       0.022316326530612253     1.0736742822083E15       3.155366673564858        26.34770937872565        201.63493598849038       1.487870353348191E19     1.0772272948484798E15    3.153772665997795        25.780131940082722       201.1128180976658        1.4816127784200595E19    1.0815613240905708E15    3.1519648290061535       25.14612104242183        200.57338608199902       1.4749244272985432E19    2.877877617911436E14     3.095641910951902        4.753831261585254        68.95474174360105        2.9932980605201894E18
0.06929560439560438       0.0233265306122449       1.168724697310011E15     3.195977231642848        26.61847113902941        312.8435297704407        1.955178404262198E19     1.172908683327858E15     3.1943087264130714       26.051476967040095       311.8720532943326        1.9473295275786797E19    1.17793868825419E15      3.1924073817958156       25.418006769329804       310.84364587207          1.938797191688082E19     3.24990351937001E14      3.142003274136155        5.180669508059945        100.8682469333211        4.2378448821932621E18
0.06474322344322345       0.02424489795918367      1.1616000746854155E15    3.239165056601446        26.599097148926703       467.5561094215735        2.360328861671269E19     1.1666699986876355E15    3.2374215197341374       26.03449382267965        465.9925983091984        2.3525251704248476E19    1.172666009212255E15     3.2354232100882747       25.40362073775208        464.32154854464846       2.3438908636456886E19    3.3900939564873825E14    3.187015889720494        5.3620752668609235       146.64047827050925       5.4722164096214364E18
0.06097875457875458       0.025071428571428574     1.043917860557511E15     3.279347397463364        26.24864281840739        665.1988203583172        2.530242275416561E19     1.0501626712252636E15    3.2775777162165083       25.68935268253427        663.3332912749632        2.526209267535263E19     1.057440167157081E15     3.2755316253268187       25.064371293372858       661.3255353597123        2.5215361769668186E19    3.247612159739851E14     3.226939859576289        5.270055398993373        207.87628853167544       6.3245396887162368E18
0.058002197802197814      0.025806122448979577     7.996604635245118E14     3.311496874635193        25.364146393678244       772.368958363101         2.229486736914527E19     8.07771326834191E14      3.309812367616389        24.818806252487096       776.1171256985282        2.236120015037325E19     8.171116116674684E14     3.3078328939262986       24.20936630457529        780.2871367642381        2.2431048566550364E19    2.8006052246711334E14    3.2580431238848417       4.833432444750212        249.42125254079775       6.3604384255972004E18
0.05581355311355309       0.026448979591836737     3.8467819520152044E14    3.33170362445299         22.88957723016457        1002.7672469949196       1.1432849526159466E19    3.958126314939303E14     3.3302691026827898       22.409725400707657       1006.0173734174622       1.170876956310117E19     4.085387139102481E14     3.32851816476            21.871711425148433       1006.2323655801018       1.2014083037635201E19    2.0720928036460122E14    3.2770756265064813       3.886940310336988        93.81370640559756        5.2446268854090527E18
0.09958644688644683       -0.033803125000000024    5.856667890672893E11     2.78384257826282         2.774449332645691        -11.467039033997734      1.5436077032704358E15    7.052413131786228E11     2.8123827062399163       2.745377011660946        -12.280580224376617      2.1985040132662598E15    8.674758621173129E11     2.8446666150703237       2.7116316821823463       -13.129319111501083      3.247674456504118E15     6.699822581395698E13     2.7411680226900255       0.09237011678859379      2.9719711952163657       8.8375834500210896E16
0.0973978021978022        -0.03555156250000002     6.16854200043097E11      2.802963575047909        2.8542903290369877       -13.197958030501688      1.6839311938714428E15    7.413405506774878E11     2.8307775191974667       2.8240975256008607       -14.02396884084623       2.381437345247055E15     9.096822398813049E11     2.8619798655418878       2.789038798301682        -14.878342560752003      3.4854183069157155E15    6.701396184976628E13     2.7426986015405          0.09137694522808813      3.5056995023170736       8.9312505722879184E16
0.09958644688644684       0.012673469387755102     1.3634329220299988E13    3.069643601577658        11.918854803436123       -37.44536954865125       9.6059122468596032E16    1.503655657659217E13     3.0709755307758577       11.697428713974894       -34.293042333021674      1.07761193850921984E17   1.6779027576179666E13    3.0722825910443796       11.450036470487198       -30.640942379038655      1.22512035515447872E17   7.617623326566958E13     2.9096236578362555       0.6223905511197636       32.77419805007109        3.0352793128583475E17
0.09739780219780213       0.0143265306122449       9.796788381438334E13     3.0914399215832433       18.853393338446974       54.04884791003805        1.01295664388792998E18   1.0181929350792431E14    3.090710976095125        18.408341868366954       56.317626792908214       1.0547434183244489E18    1.064337840939405E14     3.089883807674182        17.913057948251396       58.89964158940453        1.1044047205383488E18    9.180633930312333E13     2.9332596567221683       1.188323285370675        28.118181692486996       4.0669548205917414E17
0.09442124542124539       0.015887755102040817     2.7511072995914878E14    3.0967121909342574       22.122122683311233       95.74033131337012        3.0775671350374733E18    2.7925629484189728E14    3.095612389722232        21.594471578883567       95.63021597354003        3.1045417211976796E18    2.841738991782242E14     3.094364605796472        21.006066165021398       95.50876757336309        3.1365244056073032E18    1.1477815364283423E14    2.9593208737647783       1.863908128732855        28.390145046626532       5.8165622263150272E17
0.09065677655677654       0.017357142857142852     4.747185835171377E14     3.0996768462267483       23.808489262847342       86.42691787100283        5.1681538004345262E18    4.780372216532585E14     3.098400706912826        23.255356694508524       85.98962212745087        5.1694314063492485E18    4.820950013196697E14     3.096948538368479        22.638275114395064       85.53817621722621        5.173421603088769E18     1.4643560130149684E14    2.9870494606149136       2.6072402502580094       31.481453549557635       8.6441905734806605E17
0.0861043956043956        0.018734693877551025     6.840543962741532E14     3.106311846548087        24.94010381212516        94.86496747450661        7.5493452718365962E18    6.870052671524822E14     3.104970517431815        24.378148617375764       94.68082342312104        7.5310707592690381E18    6.906881226915934E14     3.103439166112705        23.750810759884057       94.51323872421355        7.5133969559098522E18    1.8740151827105575E14    3.0172900068570603       3.372612624992765        37.988232700910515       1.30361767414815437E18
0.08076410256410252       0.020020408163265314     8.979134401853555E14     3.123082723247919        25.787089624223572       132.01354876162716       1.0681465997781328E19    9.007356192963506E14     3.1217039283300663       25.221010800447672       131.7558336598509        1.064336101430361E19     9.043152732121366E14     3.1201234890081633       24.588833427457022       131.5073461898239        1.0603657260739709E19    2.3760084868022962E14    3.0531509108124926       4.127984435893227        50.14703582811571        1.99395580747433472E18
0.07463589743589744       0.021214285714285717     1.0962183120386725E15    3.1564363374792985       26.415178752363882       205.39025869126274       1.5265889263643697E19    1.0992657436893731E15    3.1550019164475334       25.847521734758832       204.86584782122992       1.5205216131110236E19    1.1031247854595141E15    3.153350009350751        25.213408183945397       204.3276096646187        1.5140129858044547E19    2.942088408872583E14     3.0996669182772005       4.8334887454175535       71.63359333373221        3.1208186833599268E18
0.0692956043956044        0.022316326530612246     1.2023230287315745E15    3.1983687622635406       26.711028011498136       323.3102721839218        2.0328755010612453E19    1.2059527732028798E15    3.196849891229478        26.143830824458448       322.2822202018445        2.02499512570639E19      1.2104621854505585E15    3.1950931737837043       25.51011716046932        321.19627351429403       2.0163889188318278E19    3.3498369257449475E14    3.1470689678971917       5.2883484797436875       105.5660306260806        4.4729038590224481E18
0.06474322344322345       0.02332653061224489      1.208492104129473E15     3.2430303181869555       26.729016649002283       489.98397838944516       2.496385969237866E19     1.2130064070013722E15    3.2414189054488287       26.163959491340425       488.2469756825109        2.4880860492968554E19    1.218480557494488E15     3.2395456126045623       25.532558670331262       486.3882359917564        2.4788526741061493E19    3.532199201595133E14     3.193227450513425        5.506184534048651        154.34793178538183       5.8620143050277857E18
0.06097875457875458       0.024244897959183685     1.1065118958701951E15    3.2847095106802713       26.44043627536522        704.5844218495497        2.7413513414667477E19    1.1122447804915289E15    3.283043340947399        25.880091734468834       702.3456217980136        2.7361149360247337E19    1.1190394108652455E15    3.2810905501637166       25.253904580115847       699.9216020582853        2.7300397211616952E19    3.4344676062686175E14    3.2343171166057587       5.4637621256443305       219.307167824896         6.9005412732568689E18
0.058002197802197814      0.025071428571428567     8.829513025483864E14     3.3185952850480045       25.69065025473915        887.1236379883055        2.5304419839276446E19    8.905834230129584E14     3.3169701899483313       25.14194064380176        888.8452677759731        2.5350166822256718E19    8.994468709730241E14     3.3150358612545774       24.528679912339324       890.6616529303714        2.5395850797124833E19    3.03055672221914E14      3.2669582205894927       5.102631305857473        274.87194945598804       7.1263820721001513E18
0.05581355311355309       0.025806122448979594     4.9722765676504794E14    3.3412576231989393       23.757476820759667       917.6568081186396        1.5515405930651322E19    5.080564847477627E14     3.339837844498006        23.25378673631458        915.4657049057456        1.5771015746478248E19    5.204529254085598E14     3.3380868161335546       22.68993863678303        911.9791483990703        1.6050837880007731E19    2.336834027080343E14     3.2890266442451024       4.292497971727018        208.95937021048886       6.1783098402014024E18
0.054412820512820516      0.026448979591836737     6.853843296401985E13     3.3513544015071517       16.250690731532906       -105.26281468267308      1.95742390927255091E18   7.387847197295327E13     3.350594110135783        15.967824985736945       -46.53521478662515       2.11538424442989184E18   8.027635937426386E13     3.349447630877925        15.647955258704949       15.834820720208597       2.30156588401223936E18   1.488766384677722E14     3.298739796235493        2.7447721253073842       -128.53089912091184      4.0922913182697329E18
0.09958644688644684       -0.031471874999999976    1.0573977001314946E12    2.9109968425236654       4.173015718672997        -16.88457285791794       3.9062296166024945E15    1.2463791384186196E12    2.9304811047625074       4.121449009716191        -17.486628725956958      5.17405213388174E15      1.496960768921448E12     2.9523664188616454       4.061925251283558        -18.018858325590227      7.061617065503591E15     6.7578378725889445E13    2.7543203971678665       0.1216700329478089       4.305489291146368        9.7492760607726032E16
0.09739780219780217       -0.033803125             1.5011988312177246E12    2.950231440667231        5.22389113658218         -12.738455108342091      7.071380009428E15        1.7501133312199812E12    2.96440233669032         5.157981851287477        -13.147159456111881      8.965435790684603E15     2.0770508172403848E12    2.9809538316519872       5.081597272412335        -13.42463100761579       1.170372436511283E16     6.8046429579971086E13    2.7544104627531865       0.15405352173405285      3.082706558319966        9.8142121790359824E16
0.0944212454212454        -0.0355515625            1.143407781120659E12     2.941289296939733        4.317755808807791        -21.26502558671259       4.701681683259722E15     1.344887401454291E12     2.959866286545811        4.26316627631198         -21.858200146380867      6.174332964749198E15     1.6108259117629492E12    2.980313452458897        4.199886947483232        -22.369394045383622      8.329509901828501E15     6.7617789445129164E13    2.7577071385515555       0.12361140315416626      5.249439882110265        9.976864410785752E16
0.09958644688644686       0.01111224489795919      1.3555522664087281E13    3.0695475869761237       11.89817876677622        -37.45031242963479       9.5384001402911728E16    1.4960099267916385E13    3.0707438866694945       11.67735252295298        -34.30975883434778       1.07008328153218432E17   1.6705367854977533E13    3.0719213458107966       11.43063197529707        -30.668933280685216      1.21665612121937296E17   7.63276161432198E13      2.909694720097446        0.6210080980106216       32.809961742284955       3.0424315836328666E17
0.09739780219780216       0.012673469387755102     9.7850057787145E13       3.0912120051863434       18.84863789443075        54.01438605868173        1.01052793469520461E18   1.017582619779178E14     3.090337713270339        18.403868859351604       56.28468935003807        1.05211817696076211E18   1.0643357013170586E14    3.0893709639321565       17.908913362154383       58.86876884429693        1.10158085392367155E18   9.209596623217881E13     2.934051029519052        1.1908372134608107       28.2818902253212         4.0985273329559142E17
0.09442124542124539       0.014326530612244905     2.761686222854831E14     3.0962737435129566       22.133173507685914       95.4075266690565         3.0824479827797391E18    2.804762802399729E14     3.0950322106291943       21.605504389826187       95.29582102949611        3.1089131032405222E18    2.8555968959059506E14    3.093648668297365        21.017098400554808       95.17278261876444        3.1404255030521554E18    1.1546522364521133E14    2.9607774104128652       1.8752517088011533       28.684947474413597       5.8994921274997376E17
0.09065677655677654       0.015887755102040817     4.781976329433648E14     3.0991509215261868       23.830154320505002       85.63606691738958        5.191555449866967E18     4.81787815009448E14      3.0977364548088158       23.276979939716778       85.20645408867978        5.1919641826863278E18    4.8611766006540306E14    3.0961523543435425       22.65986425191227        84.76459128677638        5.1951602118390518E18    1.477659182759901E14     2.9890615337915176       2.6284151308602897       31.948533801214563       8.8201726940129587E17
0.08610439560439562       0.017357142857142856     6.913528720345474E14     3.105919385577147        24.972053020876096       94.12405930124777        7.6143810634029793E18    6.946850958360616E14     3.104441218915824        24.41002637288237        93.95481879444523        7.5946578926465475E18    6.987479138377162E14     3.102779720579096        23.782625413156886       93.80540226101772        7.5756458925864776E18    1.8997975915940584E14    3.019772886807915        3.4084677191938617       38.75726926543212        1.3393918261416553E18
0.08076410256410252       0.018734693877551025     9.110277515525002E14     3.1231531961506067       25.83142248239483        132.34981305281832       1.0840442585160636E19    9.14344125253785E14      3.1216358922513994       25.26524418122633        132.10803338148452       1.0799883299693267E19    9.184126909942992E14     3.119923682062297        24.63296543546681        131.8799155411173        1.0757818670849917E19    2.420899749002325E14     3.056163094941724        4.180469940894915        51.572925819677394       2.06384380080275354E18
0.07463589743589742       0.02002040816326531      1.118650707816969E15     3.1575101880249066       26.47836875398827        208.87603847617612       1.5655594798864876E19    1.12229680715917E15      3.1559299998681505       25.910548395998468       208.35424922140436       1.5590231299586017E19    1.1267473705643255E15    3.154138683466225        25.276259897479697       207.82262254502058       1.5520443735128523E19    3.018237997999642E14     3.103566411042816        4.90935898760469         74.28800478047438        3.2644425009677215E18
0.0692956043956044        0.021214285714285724     1.2370602825052968E15    3.200837402761504        26.801548579063834       333.7928907100602        2.114694980549478E19     1.2413440621082595E15    3.1991586019925533       26.23405859719138        332.71301973199365       2.105934429430642E19     1.246500501278427E15     3.197247288337873        25.600022735037836       331.57465652503356       2.0964146129486864E19    3.467264353455451E14     3.1521154776126896       5.394790627904928        110.37528631528656       4.742367071367637E18
0.06474322344322345       0.02231632653061224      1.2587309933980452E15    3.2470979277056724       26.86043243387679        513.3074315708644        2.6455933373563953E19    1.26389939031973E15      3.2453035987626055       26.294820160215252       511.3796811483869        2.635736470483774E19     1.2700225063357948E15    3.243250895014334        25.662800785588498       509.31437583714376       2.6248443647452615E19    3.699647932258576E14     3.199515125789756        5.653168747854621        162.39048643176844       6.3181216843752131E18
0.06097875457875458       0.0233265306122449       1.1760928505921788E15    3.2903990496688857       26.639340842270254       746.044837927971         2.982088130289655E19     1.1824034426610298E15    3.288516133339029        26.077800813164508       743.2948653762941        2.974348902230451E19     1.1897713275143448E15    3.2863474326347424       25.45027379611588        740.3090377847456        2.9655505241216913E19    3.6571923920018894E14    3.2418225184655802       5.6665428264143225       231.30582137006274       7.5903685243457976E18
0.058002197802197814      0.024244897959183682     9.794911988475795E14     3.3260181338371195       26.031581522503608       985.3400872134242        2.889877343966361E19     9.874286701134305E14     3.324127605960364        25.479258506241603       984.2639218864806        2.8906287705960124E19    9.965809271471809E14     3.3219256644335973       24.861970447717734       982.9944044253914        2.8909565338557927E19    3.311795236361409E14     3.275883335998815        5.391561637641501        301.73447950975424       8.0719564502713754E18
0.05581355311355309       0.025071428571428574     6.436514775993239E14     3.3508665430646145       24.620077700680763       994.027984228149         2.1015246576322654E19    6.542498411091609E14     3.349107041639196        24.09624141003891        999.9400101467631        2.121369000108194E19     6.663560992442105E14     3.347013793942612        23.51039648281118        1006.3116496694677       2.1427984700425765E19    2.685657422360115E14     3.300101142098672        4.748458545149235        319.0324165782664        7.4071657803121541E18
0.054412820512820516      0.0258061224489796       1.9933610722551972E14    3.3638847342784146       20.405141699028967       103.94053645030675       6.4017524215226634E18    2.0965696066607228E14    3.3624907553073196       20.01583639895769        143.81098917483726       6.7170160248224348E18    2.216519474588491E14     3.360734485996312        19.576740885832148       187.05181827823742       7.0756899130002668E18    1.8994299531787822E14    3.313773238749312        3.6108823516841047       195.6601667165885        5.5893310552044052E18
0.09958644688644686       -0.028557812500000015    1.7877487956192673E12    3.0093323460557886       5.580182803094421        -23.179934114935673      9.809756527329852E15     2.0723174579928506E12    3.0223020329193107       5.500698291738701        -23.404343083180056      1.231090879246381E16     2.4428040217332646E12    3.036598412641942        5.409303790633282        -23.452222965395443      1.5826250690239094E16    6.8025831774529016E13    2.7653146091471927       0.15898059587354438      6.071216150866764        1.05580851264055872E17
0.09739780219780217       -0.031471874999999996    3.4839742672795215E12    3.065068734869274        7.772203525515569        -9.152771688643844       2.7904326314004532E16    3.963372011065204E12     3.0710975486327694       7.6542037078525675       -8.622401409907479       3.3183714060901168E16    4.576623413140951E12     3.078442977215639        7.518262705990329        -7.730382629108484       4.0342102328825704E16    6.913719499930067E13     2.7638327587334595       0.2199765904347872       3.81149330298278         1.06009686345019744E17
0.09442124542124541       -0.033803125             3.5484456496913667E12    3.072893872025348        7.8066957350871515       -12.02030352633104       2.9184377070066156E16    4.037360639322111E12     3.0789265473457315       7.688499954133937        -11.546767825390873      3.4709861081350572E16    4.661841065686779E12     3.0861134168919704       7.551893682104578        -10.733252349073814      4.2164760965719656E16    6.91706211026666E13      2.7656497007256275       0.2174795755081018       4.451124429473521        1.07339716973645824E17
0.09065677655677652       -0.035551562500000015    1.9223843202307478E12    3.032003985905191        5.706452640108747        -30.44091226504321       1.135044613145766E16     2.2247101779497075E12    3.044242945810307        5.622911472008666        -30.611063126434072      1.4157381683637252E16    2.6158387912351045E12    3.057374806706292        5.525611770698403        -30.591148812387058      1.8040186119752304E16    6.810561166781477E13     2.7706513432781046       0.16383717687057492      7.565599685088525        1.09634707109436144E17
0.0995864468864469        0.009642857142857147     1.3412984917698525E13    3.0695556094182956       11.864294303362257       -37.48154244336039       9.4298823444992576E16    1.4799379026198594E13    3.070917624087871        11.6444249700746         -34.35953760328386       1.05857656521070736E17   1.652295186527311E13     3.07225881774328         11.398761047856912       -30.736899663131922      1.20439231205513216E17   7.60836990949368E13      2.9091219460834825       0.6177531550974096       32.72529525328956        3.0234226746452608E17
0.09739780219780213       0.011112244897959183     9.712506559482722E13     3.0912000693198625       18.826186497628726       53.888530606489795       1.00266971054279744E18   1.0097793407603906E14    3.090475700877517        18.382325216564155       56.16060046481326        1.0444670139238441E18    1.0559458808737239E14    3.0896556799946215       17.888351438814766       58.74768786437579        1.09416057023127834E18   9.181883043544828E13     2.934090028191274        1.1887192364855221       28.323918631465016       4.0878003404591635E17
0.09442124542124539       0.012673469387755097     2.757080001368441E14     3.096019828645412        22.129640679638555       95.21362081552572        3.0737732351657846E18    2.798935783832802E14     3.094931862052747        21.602310099849106       95.10144369411776        3.1012150893557258E18    2.848591617288642E14     3.093698612735736        21.014276693806973       94.97806690012733        3.1337651986696289E18    1.1534640095933373E14    2.9615789668369166       1.8796241311894166       28.865893793654607       5.9198917279428646E17
0.09065677655677651       0.0143265306122449       4.7956539702902344E14    3.098732324687763        23.84062503125721        84.98984499944461        5.1950883267096791E18    4.829451421281117E14     3.097476046487346        23.287635796890005       84.5646430718971         5.1971750448985293E18    4.870765172205305E14     3.096047115606787        22.670721232539382       84.1285101252806         5.2021269705699686E18    1.4803141239858784E14    2.990542645429015        2.6419428489234167       32.3015027539554         8.9069391801486976E17
0.08610439560439562       0.015887755102040817     6.960619174135008E14     3.10554592877771         24.994741977864486       93.36941709115165        7.6513532618831503E18    6.990842726951614E14     3.1042293748436585       24.43283590053697        93.2129571192188         7.6339692716750899E18    7.028571033471361E14     3.1027267394377334       23.805566073554314       93.07917092557821        7.6173980345041797E18    1.912457470731056E14     3.0218306959028673       3.4373086370833015       39.39526457147034        1.36294081825584947E18
0.08076410256410252       0.01735714285714285      9.21222816718624E14      3.12316055091646         25.86786416820826        132.44791970138505       1.0961238655536419E19    9.241250916990435E14     3.121806208453823        25.30175958628206        132.22199621969662       1.0923537331102087E19    9.278063617251969E14     3.1202542515084692       24.669556355330705       132.01398765620354       1.088442714168911E19     2.449523433307712E14     3.058833468967344        4.22604046011511         52.858392735340416       2.11669945902647424E18
0.07463589743589744       0.018734693877551018     1.1381273242519212E15    3.1584662441726237       26.534780615826215       211.92102662122977       1.5998066785904597E19    1.1412602056071778E15    3.157046430632852        25.966966271872487       211.40275028365153       1.593535789542353E19     1.145231360772612E15     3.1554123583185625       25.332675066482462       210.87898296535946       1.5868237609432764E19    3.0761002545808425E14    3.1072038107220163       4.979390620730803        76.81563792039846        3.3862423952742149E18
0.0692956043956044        0.020020408163265314     1.2696290172395295E15    3.2032051768386007       26.88686004286705        343.8390277201973        2.193240541813405E19     1.2733403419635592E15    3.2016775529603843       26.319247976358195       342.70701280101736       2.184511318681498E19     1.277962865552367E15     3.1999131237959015       25.685063702034842       341.51664326260186       2.174994037208088E19     3.5675786861397475E14    3.1570020433629473       5.497238123173374        115.13399789311764       4.9913050364085688E18
0.06474322344322345       0.021214285714285713     1.3088045344825615E15    3.251118804995573        26.989187996852287       535.9216548845635        2.7981243615395033E19    1.3133791042214332E15    3.2494572692839143       26.423190223677818       533.7920391270536        2.787695564111102E19     1.318948240412595E15     3.247531039704405        25.79072434089874        531.5105145408045        2.7761313236259762E19    3.8561865502803094E14    3.2057579793350954       5.799420601918262        170.45266047554705       6.769060365285376E18
0.06097875457875458       0.02231632653061225      1.2489451221664345E15    3.2960200549539516       26.838513212692877       784.1028559303606        3.239724212701422E19     1.2546530321901932E15    3.2942405747148653       26.27593904844887        780.8083822519183        3.230307302527034E19     1.2614510952938342E15    3.2921662830342293       25.647233366346292       777.2312385870162        3.219596925604598E19     3.881161087698175E14     3.24932458952774         5.873191648004452        242.8980612219424        8.3099164087323279E18
0.058002197802197814      0.023326530612244892     1.0840984047713376E15    3.333072246934367        26.36883799546222        1047.164220523997        3.2874318578114363E19    1.0913404712734435E15    3.331241658219498        25.813354165759257       1043.9142869320547       3.2846679642525102E19    1.0998017183045365E15    3.3290879505745603       25.19250746645157        1040.2964604221515       3.2810071470712046E19    3.612938325150485E14     3.28455829576143         5.689428532294358        321.2880190935789        9.1015073884696453E18
0.05581355311355309       0.024244897959183682     8.065047738414411E14     3.359284738108049        25.374336934616103       1167.314772901815        2.7281561166873723E19    8.161771439602008E14     3.3575167977431613       24.83698937630416        1170.496090155124        2.74135656579985E19      8.273133090545474E14     3.3554027601759175       24.23625834109221        1173.7194593355841       2.7552408606110687E19    3.07598856972725E14      3.309909024084368        5.206283228187855        373.25208430540425       8.7795758075608586E18
0.054412820512820516      0.025071428571428585     4.279125901559627E14     3.3733423664213835       23.193472398075066       719.230584908373         1.4982998178077567E19    4.4049151114839694E14    3.3717888624790553       22.718339555421643       754.5502482715578        1.5349090805633075E19    4.548665104341376E14     3.369872339764008        22.185206408780264       792.8539114419913        1.5752356763363279E19    2.3758170135808688E14    3.3245598044789384       4.383949960261627        322.8095571059103        7.3155455790354862E18
0.0538                    0.02580612244897959      1.2664970665989153E14    3.37387177235316         18.566021298024445       -220.36381585010028      4.0785618459593866E18    1.349973918911775E14     3.37276084926232         18.238197055776798       -200.7440183735629       4.3471340156637517E18    1.4485555545538766E14    3.3712653055261814       17.86730471199551        -182.06310166850844      4.6586613455557683E18    1.7352955381538544E14    3.325825555409865        3.308252334139371        -59.77724688292736       5.3494572978490409E18
0.09958644688644684       -0.025060937499999988    2.8277358649661113E12    3.0658491091624955       6.89993612023228         -29.468583958932182      1.9836058027339048E16    3.239408279672303E12     3.073997309439213        6.791811766106196        -29.22608708230798       2.3940140066494288E16    3.7679027154075938E12    3.082811661976918        6.668010824887652        -28.710905950874064      2.9480227076396548E16    6.8877247300771914E13    2.7846887845724004       0.20477652755542208      8.446793835857473        1.21910004890737776E17
0.09739780219780217       -0.02855781250000001     7.325571278811004E12     3.130316656039401        10.185892423179386       -1.4296497043798686      8.4218989029249072E16    8.171686337399808E12     3.1318780332856937       10.005351693693784       0.12010206993731387      9.6158186515458672E16    9.229694691179887E12     3.134061979937913        9.798672957258793        2.1763531694516605       1.11619705716489296E17   7.080930551499503E13     2.781618968513689        0.29472082649452547      5.324145644811255        1.22165475583027216E17
0.09442124542124537       -0.031471874999999996    1.0197978579355236E13    3.1487438721857868       11.332016057481946       10.794987553184823       1.35476582501924976E17   1.1277866918642934E13    3.148857248710607        11.12184144287501        13.033320872040024       1.52384749296364064E17   1.2613322239989527E13    3.1494971085488235       10.880900955794395       15.877786261862852       1.7394238364083408E17    7.155416384728131E13     2.782137965880371        0.3338757359649019       4.598064568493785        1.23758209835855056E17
0.09065677655677654       -0.03380312500000001     7.27124812136169E12      3.132980802461084        10.116883214357294       -9.144398062353673       8.1754651325734624E16    8.115584124520267E12     3.1347252355863255       9.936744386782044        -7.81673921912162        9.3374572381022176E16    9.168331861688246E12     3.136947641762015        9.729704945375083        -6.04939227485911        1.08320364783966704E17   7.0822416596485E13       2.7850451707863657       0.2930865764777104       6.416201277909078        1.25004929430404688E17
0.08610439560439563       -0.0355515625            2.86688423810742E12      3.072629945959493        6.839328995717246        -38.38051753493736       1.9542759556398304E16    3.2792956489567324E12    3.0805575210905993       6.726190011079464        -38.01839701971137       2.3560774678257232E16    3.80787791561883E12      3.0889174741824283       6.5974639477754335       -37.380886471579686      2.8951824684369308E16    6.884100930242145E13     2.7903825466519794       0.2053285993233275       10.537119080916975       1.26877554708327568E17
0.09958644688644684       0.008265306122448978     1.3240414686819975E13    3.0696851622633616       11.81980681276574        -37.523937976326046      9.3027540315082048E16    1.462124568211856E13     3.0709210700754324       11.601012363979374       -34.42759243005853       1.044567806462112E17     1.6337962893325312E13    3.072142797283361        11.356535828823388       -30.83034264813915       1.18881807701059376E17   7.615448061100202E13     2.90815320813027         0.6123708366762955       32.5348235891412         3.0071701344450323E17
0.09739780219780218       0.009642857142857142     9.604974931955175E13     3.0913983165564103       18.78884465736767        53.69163850097055        9.9202934824779878E17    9.994151702788692E13     3.090523127458519        18.346075257571517       55.96715034068589        1.0335203857291616E18    1.0459723090546038E14    3.0895579150502157       17.85329950760554        58.55961116026662        1.08288372621702387E18   9.185748902841906E13     2.9335527050584806       1.1820927157809413       28.254140697451817       4.0761804540766048E17
0.09442124542124539       0.011112244897959188     2.742189799836667E14     3.0960018909626332       22.111651004430293       95.14239478442303        3.0579317598698209E18    2.7855589098587572E14    3.094764455806988        21.584651517434054       95.0341954200854         3.0848780761947771E18    2.8367459700127056E14    3.0933872188124476       20.997014208128558       94.91504352151138        3.1169748049865006E18    1.1548706819771784E14    2.9616471554485497       1.875745086446156        28.906631028472834       5.9292971675243098E17
0.09065677655677652       0.012673469387755106     4.7923676398566425E14    3.0984689339431486       23.837349672855495       84.552476357655          5.1851742010984151E18    4.828884441030157E14     3.0970678245909338       23.284505594502903       84.12948015569526        5.1864688901850696E18    4.8729171148324425E14    3.095499965902904        22.667776222524594       83.69610662270415        5.1907196050471793E18    1.4859025774642744E14    2.99135867254641         2.6462255488086717       32.50641589497003        8.9812664754203123E17
0.0861043956043956        0.0143265306122449       6.987759163021956E14     3.105221279129234        25.005669713839314       92.62004724810936        7.6688082793546619E18    7.021921777566549E14     3.103763745646886        24.44382962728165        92.47479416698866        7.6502207591539087E18    7.063568389930456E14     3.1021265095000903       23.816652538817394       92.35455062810928        7.6325808315105444E18    1.928307353514099E14     3.0233273215464536       3.4557915761344606       39.854874395291375       1.3854156724652032E18
0.08076410256410256       0.015887755102040817     9.292125680687392E14     3.123112982130592        25.893740054719313       132.24485934409455       1.1053343878879353E19    9.32633035820116E14      3.1216186342170604       25.327648267471822       132.03587145637067       1.1013670093025638E19    9.368283612775866E14     3.1199333965512497       24.695475224439935       131.84891315069882       1.0972753295916876E19    2.4822622789038797E14    3.0610280310315416       4.260955276935303        53.924652101445275       2.169636990816064E18
0.07463589743589742       0.017357142857142852     1.1553165093978315E15    3.15928732174182         26.58124146728483        214.26790357824294       1.630096752472841E19     1.1590885485458085E15    3.157723065494679        26.01337382067914        213.760108995549         1.623441675088209E19     1.1636936682281088E15    3.1559512789679047       25.379036033881377       213.25172854196688       1.6163582376887583E19    3.140469165756601E14     3.110443233299308        5.039337780083889        79.07679008897352        3.5129134040028754E18
0.06929560439560438       0.018734693877551025     1.3004419628052525E15    3.2054460305144756       26.96304214345649        352.7926195866511        2.268852479797938E19     1.30486629828813E15      3.203761560706143        26.395252651926          351.6210734378182        2.2593297010994385E19    1.3101977692457342E15    3.201846308290436        25.760880939297987       350.39290462514396       2.2490053115671523E19    3.6783251376311075E14    3.161596797508274        5.590721572229555        119.62783023352205       5.2586311350188155E18
0.06474322344322345       0.020020408163265304     1.3586599879722052E15    3.2550749689113303       27.110160174380482       556.4806747181838        2.9537626241245737E19    1.363962579110954E15     3.253234091627473        26.543723843599253       554.1688361477948        2.941731510261336E19     1.3702577030796328E15    3.2511329895825787       25.910776051450046       551.6943317345131        2.9284784226497073E19    4.0299162914734244E14    3.211821873491823        5.938801966477696        178.20379330836036       7.2681831387363942E18
0.06097875457875458       0.021214285714285706     1.3242557451869668E15    3.30156626247815         27.030473482879426       817.2280295267092        3.5128446473961468E19    1.3306169060791598E15    3.2995746071978713       26.466846406620327       813.4398412650605        3.500483838189196E19     1.3380644847996828E15    3.2972904917304597       25.836966707459364       809.3312204637894        3.4865967950425498E19    4.1325803923685325E14    3.256631028315398        6.075576673403281        253.611666093978         9.1247660091957709E18
0.05800219780219782       0.022316326530612253     1.1943177636395308E15    3.339813206849918        26.689352949064943       1088.4315603782197       3.717084064394897E19     1.2019758171823022E15    3.337727203929448        26.13109244233185        1083.755303311898        3.7093473910318604E19    1.2108332168377442E15    3.3353184735599712       25.50713677358942        1078.6074876738217       3.700218744950366E19     3.953726692242341E14     3.292715719090312        5.982617945236943        334.51976973476775       1.0279946390373648E19
0.055813553113553106      0.023326530612244892     9.725201249206611E14     3.3668544264746547       25.999178020431234       1261.2744145163563       3.3867789374608654E19    9.819536327398238E14     3.364773186042938        25.45218099962982        1259.0515946001583       3.3913072231757206E19    9.927560377016342E14     3.3623454388176754       24.840678764400895       1256.4097550519032       3.3954467944479265E19    3.51255841636201E14      3.3185102406574623       5.639081292915532        395.2662659820955        1.0329442126007112E19
0.054412820512820516      0.024244897959183682     6.716232453162862E14     3.381486090945642        24.743859040884754       1169.1923211711462       2.4760875198214136E19    6.834293437454432E14     3.379536335694974        24.224091546499455       1183.7340000624695       2.5010670794294735E19    6.968199016850491E14     3.377225720165519        23.64225980924003        1198.9349757869397       2.5276969199312114E19    2.900394950790398E14     3.333384635199088        5.041517217971459        389.12286408019463       9.226435800147575E18
0.0538                    0.02507142857142857      3.421340468366714E14     3.383213218541165        22.373825981160444       303.8148655420125        1.2265571295993385E19    3.5494307097162475E14    3.381531673845585        21.928162359707105       337.4049132386717        1.2667198640286886E19    3.696855793592479E14     3.3794825505686883       21.427591342569304       375.204587154307         1.3116707939017927E19    2.2599334986956825E14    3.336032282057561        4.222340342532587        195.60701328735297       7.321563975252438E18
0.05305000000000001       0.02580612244897959      7.960598228010231E13     3.3863718445776896       16.605116046102694       -232.37075858284362      2.581129132316073E18     8.595813266391967E13     3.3853127597211063       16.333724768809198       -200.06690088726955      2.7924151486069059E18    9.358106136889073E13     3.3838449148437966       16.026617005160276       -167.2471770885139       3.042069160626347E18     1.606167370426725E14     3.342014364135914        3.0198668590051954       -223.83494820885198      5.2825245384966769E18
0.09958644688644687       -0.02098125              4.175215811130769E12     3.087810476874719        8.07489164241788         -34.42176546473555       3.1464286680765992E16    4.732195251436784E12     3.0930607376380994       7.939707158076419        -33.62615585440466       3.7012255334778608E16    5.435217235838427E12     3.0986418248374217       7.7834289473421645       -32.48022687051618       4.4283001936451992E16    6.959920968145072E13     2.8016147050867226       0.2595038978072129       11.594955085430108       1.38100322290798304E17
0.09739780219780218       -0.025060937499999998    1.3693075570579209E13    3.1535612737790153       12.273862702243992       8.321785447412939        1.82467191839907264E17   1.5009416209694787E13    3.153260762192372        12.031992578497011       10.506776544228646       2.02463124144476576E17   1.661809962320357E13     3.1531726446274986       11.75551468269468        13.202927402339999       2.27357854014442048E17   7.257268411338936E13     2.7970814636900045       0.3865004319206436       7.375882821175374        1.38456705407359632E17
0.09442124542124539       -0.0285578125            2.444352630312231E13     3.1781606955826995       14.3093338115161         45.306219546061115       4.1960883022037638E17    2.6298620294445477E13    3.1763220729413595       13.995728915945513       48.38931627291509        4.5324707927927648E17    2.8529289540733195E13    3.1746114850374814       13.640079962896413       52.00753873054309        4.9406344641295597E17    7.426664890056425E13     2.7962343509462158       0.46551012237619166      5.6539389435564775       1.40623564659692768E17
0.09065677655677654       -0.03147187499999999     2.3663346388729973E13    3.1760723716042683       14.182705052263774       36.49672702545223        3.9082607438307142E17    2.552020433655289E13     3.1743797830585896       13.877592023349191       39.37082169031737        4.2315969572214157E17    2.775751371299715E13     3.172783265266001        13.531411094985208       42.75062924049237        4.6242467339124966E17    7.418825870634816E13     2.7976126635382963       0.45624026142383084      6.385343985794652        1.41736340140726896E17
0.0861043956043956        -0.03380312500000001     1.240152796393373E13     3.1481024457398616       11.876283405965177       -5.08324082166634        1.50026317457062144E17   1.3617556902438547E13    3.1481608045829654       11.640888886336013       -3.182218762681723       1.66894626777930112E17   1.5115531370058271E13    3.1483712885747637       11.374074762410999       -0.8144115697277057      1.88018539237288096E17   7.231860392126639E13     2.8010083300932123       0.37461778956025976      8.905028051448564        1.41838516692647712E17
0.08076410256410252       -0.035551562499999995    3.696101354163453E12     3.0817377557234455       7.578477108203883        -43.23795932812045       2.5339962567854584E16    4.1956217816958687E12    3.0877527673635488       7.447028900694008        -42.388153390662346      3.007567398843604E16     4.833125694044422E12     3.094034367616814        7.2993294807003615       -41.19809886377973       3.6354328627638352E16    6.926131069871391E13     2.8050382763960355       0.24463873209407888      14.025562256636704       1.4140344261074976E17
0.09958644688644687       0.0069795918367347       1.3029148399142791E13    3.0698744424645996       11.767401794080241       -37.58708038403686       9.150670170306824E16     1.4386018410560621E13    3.0712828796372786       11.549908821729092       -34.51992867137418       1.02828904807986176E17   1.6073939429609275E13    3.072675825727168        11.30686306840836        -30.951768853562495      1.1712748151991496E17    7.584454019214934E13     2.9066884905972183       0.6059360731891482       32.266509794290755       2.9700429543789114E17
0.09739780219780213       0.008265306122448982     9.457249215663464E13     3.0917432763376884       18.739792029043254       53.44095454668088        9.7776993811456653E17    9.839452249812447E13     3.0910125518864726       18.29856597032516        55.72078179258327        1.01934970342928602E18   1.0297371542888231E14    3.090188661392837        17.807451774270433       58.31996115207489        1.06880371817596083E18   9.137674653091331E13     2.932456097312665        1.172595287579132        28.09870171308352        4.0303771170148883E17
0.0944212454212454        0.009642857142857147     2.71497776572762E14      3.0961634342135813       22.081965232610777       95.20276211517438        3.0314524639474964E18    2.757007161175199E14     3.0950712178849376       21.555589755966594       95.09938688106           3.0593144540853816E18    2.806872630726294E14     3.0938355250370377       20.968650326293147       94.98539403622016        3.092385238096617E18     1.1484672168904122E14    2.96106408039978         1.8657150968706964       28.831430021358702       5.8774846724776819E17
0.09065677655677654       0.011112244897959188     4.764927624453573E14     3.0983716688273693       23.82091811785232        84.35380335594638        5.1539430120984064E18    4.799278373401984E14     3.0971203591735          23.268438776993076       83.92892547170369        5.156906826299607E18     4.8412473796113044E14    3.0956987743835613       22.652120555736545       83.49346900535127        5.1629136697839012E18    1.480149724606128E14     2.991414594867383        2.6415964016581013       32.54173740585834        8.9484920420145485E17
0.08610439560439558       0.012673469387755104     6.977757916446751E14     3.1049329934729823       25.00263063874105        91.94434287465101        7.6470611390804347E18    7.008851685781322E14     3.1036313492583445       24.441073081216274       91.80673694817061        7.6310785363276431E18    7.047617818019782E14     3.10214703408478         23.814211635656182       91.69571621345744        7.616179025352705E18     1.9274703654888856E14    3.0241546617279744       3.462167709124737        40.10301733403071        1.39072170896011674E18
0.08076410256410252       0.014326530612244903     9.326060425824072E14     3.122961507362335        25.906617982455227       131.68474421612183       1.1085148005075997E19    9.35617073589475E14      3.1216277901589122       25.34073666456673        131.49226003090598       1.1048980160047657E19    9.394306854841485E14     3.1201006100495166       24.708797810061156       131.32546281075497       1.1011754922323063E19    2.4936577212993872E14    3.062640990961534        4.283569505957907        54.68106226137412        2.19733249065028659E18
0.07463589743589744       0.015887755102040817     1.1669911578215335E15    3.1598688203346987       26.61473331156466        215.66334646130838       1.6509161145061214E19    1.1702532671504105E15    3.158466688259134        26.04700905911429        215.16947454244547       1.6446661683650226E19    1.174385180189939E15     3.156854530360579        25.412828564811587       214.6803107353524        1.6380083562241028E19    3.178247280164792E14     3.1131623381080535       5.086539325627637        80.93090558901983        3.6019872350857984E18
0.0692956043956044        0.017357142857142856     1.3254708147149242E15    3.207401900218729        27.02620185659893        360.0222739650241        2.3325266005286314E19    1.32931905671375E15      3.2058738000035243       26.45844165944833        358.82271853363585       2.3232512448415416E19    1.3341182270748255E15    3.2041117546994484       25.824097858647765       357.5700996421132        2.313177635748777E19     3.75977663926755E14      3.165761538471627        5.671487321803314        123.62761723259783       5.4786903863042202E18
0.06474322344322342       0.01873469387755101      1.4034922025356215E15    3.258772517242806        27.21807164792303        574.1272546561715        3.0991983462497698E19    1.40818058403801E15      3.2570720470837218       26.65142619412225        571.6584729548679        3.0867985207402484E19    1.4139091474387582E15    3.255106632345529        26.01823731009631        569.0210757805868        3.073116415655757E19     4.1766062679956975E14    3.2175694120943246       6.066458405789941        185.36260504910408       7.7231263921249024E18
0.06097875457875458       0.0200204081632653       1.3963825740095608E15    3.306832687148565        27.207533245311616       845.7065133715586        3.783415167312554E19     1.4020955034277572E15    3.3049553391682114       26.643155960631624       841.4909323970664        3.769371016132081E19     1.4089388339416088E15    3.302778728751947        26.01242571163053        836.929079141745         3.7535995090026365E19    4.364899296724376E14     3.2636299999963185       6.266883657943659        263.48111379283057       9.91634091833345E18
0.058002197802197814      0.02121428571428571      1.3026950037579492E15    3.3460898462602753       26.980477338734712       1122.2523740604397       4.152868894073018E19     1.3096124541329245E15    3.34408361715459         26.42010441462024        1116.5544991255047       4.141245107245842E19     1.3177521636301095E15    3.3417459851559843       25.793768675006735       1110.3233071132495       4.1277698309980365E19    4.286833542280675E14     3.300361797334959        6.260766431878613        344.9286819894362        1.1466712574577066E19
0.05581355311355309       0.02231632653061224      1.1287544515480302E15    3.3736139796277937       26.500295619837843       1310.3387697622638       4.029624661245767E19     1.137113225674633E15     3.3715687765385547       25.947096940465265       1305.1401652026739       4.026663149108612E19     1.1467987241486945E15    3.3691672994286272       25.328657575028203       1299.3602592469385       4.022379729436247E19     3.9495053886008906E14    3.326240060302528        6.036259967323447        406.1953294712953        1.1905061773771235E19
0.054412820512820516      0.0233265306122449       8.895560674067301E14     3.3885630134037052       25.69452415143945        1332.4104958883663       3.3804599111375196E19    8.997686552319846E14     3.3865905665830764       25.155423520901017       1332.089071698574        3.392928673189533E19     9.114769374557345E14     3.3842473785004654       24.552538815808045       1331.3574886584547       3.4055672589811884E19    3.4230333908366556E14    3.3409393157098743       5.5978120401894005       420.5401381105759        1.1129851335516058E19
0.0538                    0.024244897959183675     6.169472870814865E14     3.3909844399681597       24.4487169713879         941.720666736233         2.354782838228676E19     6.292022125750052E14     3.3891955357124197       23.93893473255441        965.9876105524679        2.386082770366785E19     6.4305733739079E14       3.387032590733614        23.367502494875165       992.3413746319085        2.4193999966363967E19    2.818623794499747E14     3.343839336323707        4.971884818529899        331.6204476331704        9.39100984467487E18
0.05304999999999999       0.025071428571428567     2.713032477206466E14     3.395077635632243        21.48699011089678        161.03871906605463       9.993759464783204E18     2.8341153722270956E14    3.393603108067881        21.07369392384612        190.65644432773254       1.0410835658841039E19    2.973876462909296E14     3.391744435577131        20.60776584363792        224.76778281555846       1.088020172797075E19     2.139639034150349E14     3.3497583986208053       4.063720304328374        91.85212663403297        7.3498576796401961E18
0.05229999999999999       0.02580612244897959      6.244097867702486E13     3.39644901998412         15.519031858882833       -360.6510013145601       2.04181746163848243E18   6.779710737897081E13     3.395863684940733        15.2767780895805         -324.0888178256895       2.22908576647521075E18   7.426105217830919E13     3.394847186636085        15.001995700170827       -285.4146437572477       2.45180760684898E18      1.5297892033867828E14    3.355888972232097        2.858456586406153        -257.20906998037964      5.3374929770342963E18
0.09958644688644684       -0.01631875              5.774176193929065E12     3.090707509358941        9.089144525224219        -37.16409673170649       4.3169030194939808E16    6.493117302996151E12     3.0940244228567306       8.929525529463875        -35.7659377818996        4.9941470374808216E16    7.407774344861928E12     3.097514091073738        8.752594205578418        -33.96490783554066       5.8792371961041456E16    7.086160590934158E13     2.8270474473256884       0.3264452809900227       15.616610222555913       1.6676606181286176E17
0.09739780219780218       -0.020981250000000007    2.2816280655732492E13    3.1511548336723294       13.987875514395869       18.712149010426426       3.0302814172598592E17    2.4681711024052293E13    3.1498923886996706       13.693890856063907       21.156434936841606       3.2947675877415315E17    2.6928789742245277E13    3.1486666200426834       13.36003600100846        24.045953429184298       3.6162438228650381E17    7.50468414167936E13      2.8216702679468715       0.49506284355615665      10.108815922442481       1.68038468473689856E17
0.09442124542124543       -0.025060937499999995    4.751759690958283E13     3.179241487486517        16.522550318019448       74.31442379662158        8.6551657445660531E17    5.01664412082847E13      3.176626212061471        16.132318097181955       76.62880964295924        9.0766438423773517E17    5.3298853999263266E13    3.1739449284304406       15.693560145633077       79.18996702192906        9.5711693650633024E17    7.798080776842956E13     2.819341035136613        0.6138106447150066       7.581025985001668        1.71281024735154624E17
0.09065677655677654       -0.02855781250000001     5.668016996027268E13     3.1860502587410444       17.101712579663506       89.25189365993765        1.09493054585414733E18   5.94702338358225E13      3.1831755780295654       16.68823586221437        91.2063667891733         1.13710080183967014E18   6.275618316989016E13     3.18019251294784         16.22434972345548        93.28738191324194        1.18620024946350285E18   7.886480895754762E13     2.8194940939097886       0.651530950155347        7.048411829158757        1.73313935046477312E17
0.08610439560439562       -0.03147187499999998     4.223854801822497E13     3.173711572787654        16.109807047284246       53.65659447887873        7.0204083531096858E17    4.471926221367672E13     3.171318758467441        15.731879328605611       55.95184672063602        7.3943282734939021E17    4.7668497287609914E13    3.1688547118580392       15.307170328085492       58.55563736314562        7.8367476045236582E17    7.73964301533934E13      2.820781847901095        0.5867344215372124       8.744645815860851        1.71670441865369568E17
0.08076410256410256       -0.03380312500000001     1.7277203392565447E13    3.1433177191895036       12.976345370412766       -0.9319043619699006      2.01994824547070528E17   1.8781803890417535E13    3.1426493576935126       12.70315612316051        1.2726463999887452       2.2144337369479968E17    2.062678655720122E13     3.1420472549170397       12.396384415339993       3.9504183184807777       2.45582113573295328E17   7.39204979949871E13      2.822360099902673        0.4480165542658754       11.826535963007668       1.66926835546951616E17
0.07463589743589741       -0.035551562499999995    4.010960634525539E12     3.0779681449605065       7.811803480993922        -44.51601779335534       2.6605681201498744E16    4.546920291272054E12     3.0834470137344634       7.675174318714986        -43.48455547586662       3.148160803507564E16     5.23052600679883E12      3.089191429486937        7.52228805411256         -42.085070278554376      3.7937095673545104E16    6.9595649368543305E13    2.8211405895006734       0.26725037210764874      17.452251868593272       1.5894591533397968E17
0.09958644688644686       0.005785714285714296     1.2808886969141705E13    3.0701679546415854       11.709356992606265       -37.64471615711255       8.9955776438802592E16    1.4155831976759297E13    3.0714563702277715       11.493200945089066       -34.61127027894736       1.01123795023528224E17   1.5831674370934037E13    3.072736232081739        11.251647191237923       -31.076756461492135      1.1523640548411896E17    7.587035928301803E13     2.9051282009562756       0.5982774706710688       31.929592827757915       2.9407922265358592E17
0.09739780219780218       0.006979591836734694     9.293204202811056E13     3.09224984060535         18.681524791400637       53.1451839274402         9.6243195504125862E17    9.678021075782088E13     3.0913645860257293       18.241919384308602       55.42998854267155        1.00363932698698586E18   1.013826244540217E14     3.0903915846732573       17.752551702112065       58.037096585670454       1.05267643453686374E18   9.125681203388714E13     2.9310654226617765       1.1601497538368606       27.87143938476054        3.9914962844391565E17
0.09442124542124539       0.008265306122448971     2.6820595688436162E14    3.096507281622749        22.04267937480564        95.35118940002192        3.0017119442301302E18    2.7254752720365612E14    3.0952592534939196       21.51687555192487        95.25633903522593        3.0290746654643661E18    2.7767246289126478E14    3.093872645823809        20.93060262275678        95.15131758536292        3.0616813733104937E18    1.1458219971518169E14    2.960017579648643        1.8504976537490494       28.655339055242965       5.8293386462349107E17
0.09065677655677656       0.009642857142857146     4.7249002963221875E14    3.0984414423338253       23.793429315500557       84.36814152261164        5.1141173057116365E18    4.7618562309303056E14    3.097037655311773        23.24123453772539        83.93974102391431        5.1162667088420946E18    4.8064122674043394E14    3.095468646608983        22.62526604033673        83.49985804863412        5.1215434863725599E18    1.477902363855017E14     2.9908550391553064       2.6288649669360438       32.425833243263654       8.9083377426607693E17
0.08610439560439556       0.011112244897959185     6.942962008099124E14     3.1047334914886418       24.9857581746348         91.3680340291281         7.6022406428140001E18    6.97799433836549E14      3.103284427173259        24.42441449667639        91.23501315390484        7.5852621644626586E18    7.020657568904375E14     3.101658398342211        23.79781373758149        91.12931128089399        7.5695085314686751E18    1.927764850540118E14     3.024209131972329        3.45483045333483         40.10714291242699        1.39152359601983002E18
0.08076410256410253       0.012673469387755106     9.320833306622852E14     3.122700924142082        25.903536900270275       130.77076208767141       1.1065057824066523E19    9.356300757609568E14     3.121224694060281        25.337826877537108       130.59438150538904       1.1027641407561214E19    9.399755889972988E14     3.1195615988105097       24.70610182939763        130.44676956725095       1.098941646051849E19     2.5050553654128447E14    3.063500703996384        4.290278788399103        55.030675490251845       2.21740940160559232E18
0.07463589743589744       0.0143265306122449       1.1736857279390855E15    3.1601528406609765       26.63164107703472        215.78410163697953       1.662488535659762E19     1.1776231471836498E15    3.1586087420335134       26.064028171301796       215.31383061754292       1.656015996153017E19     1.1824271171983025E15    3.156861846760247        25.429992648533702       214.85400703316355       1.6491694991503692E19    3.214861378631075E14     3.115169682937072        5.116074220300766        82.18560869034447        3.6796435971301796E18
0.0692956043956044        0.015887755102040817     1.3447748043824105E15    3.208975616028291        27.071714885477725       364.84926332379814       2.382909895315876E19     1.3493964174407408E15    3.2072979477422656       26.503968446482098       363.64721369488467       2.3731164907239186E19    1.354968362643814E15     3.205393533815855        25.869658962533098       362.39821491244254       2.362551630541849E19     3.840052155324139E14     3.169293181371687        5.7334762442656695       126.8642412474521        5.6882056349240453E18
0.06474322344322345       0.017357142857142845     1.4424339086839188E15    3.262127457488334        27.306644229969418       588.1702900830302        3.230569223387957E19     1.4479422853669495E15    3.2602588930301084       26.739806173193887       585.5954086695014        3.2169031995494298E19    1.4544942917537232E15    3.2581316542265992       26.106419728353384       582.8524106142324        3.201929179291973E19     4.3248805459276156E14    3.222833289721236        6.174975804255855        191.67667561206372       8.1841927216995328E18
0.06097875457875458       0.01873469387755102      1.463362737163679E15     3.3118200951153125       27.361724418625172       869.9822722410057        4.0451559140661666E19    1.4698589170048078E15    3.3097464218285193       26.796681062899857       865.4363178057229        4.028382674817659E19     1.4774899457266292E15    3.30737824515088         26.165222245011147       860.5310744996166        4.009721775780505E19     4.605000839945768E14     3.2702388922748082       6.438224974250158        272.6421763070014        1.0750750257947644E19
0.058002197802197814      0.020020408163265304     1.405780660543518E15     3.3520611504786824       27.23385181569304        1153.2416124743645       4.584718567103353E19     1.413320477888821E15     3.349824385632589        26.671767630359632       1146.768675224966        4.5681011143534E19       1.422077230418138E15     3.347259551931889        26.043530863692446       1139.725435690562        4.549222303051937E19     4.63498931072396E14      3.3075500355273575       6.513728886110915        355.0403461953581        1.2740171407913112E19
0.055813553113553106      0.021214285714285706     1.2749249880000105E15    3.3799361808401387       26.908441902876348       1352.736916727231        4.656788580070427E19     1.28357667584428E15      3.3776219033763244       26.35118645882846        1345.7177713354856       4.645871527809163E19     1.2935125399606405E15    3.374953725943573        25.728205341498843       1338.017127209747        4.632808048127257E19     4.404153757623007E14     3.3333306901154924       6.390580772597385        416.4001340365462        1.3590693623967203E19
0.054412820512820516      0.022316326530612253     1.0856976357349578E15    3.395012178260035        26.36577947002999        1402.4313036203255       4.2220924576975766E19    1.0955584846607191E15    3.392725220518867        25.816506800643833       1397.5457983277943       4.222567304932915E19     1.106769216976881E15     3.3900692326660984       25.20220353256835        1392.09547492302         4.221666248749336E19     3.961699213611966E14     3.3476860162002176       6.073274241409255        438.25905945623566       1.3127342670901996E19
0.0538                    0.023326530612244895     8.56618080812963E14      3.3978292233169087       25.562289528387694       1295.672828655009        3.3773651366331224E19    8.677963428437535E14     3.3956715236083954       25.026814747931947       1298.7196908371911       3.3929393211113304E19    8.804484855214426E14     3.3931407484873333       24.42763437172779        1301.5000596429527       3.4086924065688363E19    3.40113010122882E14      3.3506682771822773       5.584763781979642        404.1946610944789        1.1557718780021658E19
0.05305000000000001       0.02424489795918367      5.581572574790624E14     3.4022745418421736       24.092384032158428       782.0043417953815        2.217492888868119E19     5.71427831349765E14      3.400318218958791        23.5949628598105         807.8053688823142        2.2550703681426362E19    5.862980229899852E14     3.3979838281014083       23.036286941461764       835.665912285576         2.2950282800085115E19    2.7512854144395238E14    3.356492667400438        4.902582092578544        275.11199884729456       9.705657428388235E18
0.05229999999999999       0.025071428571428574     2.2915554907769234E14    3.405901125289017        20.81153964528523        85.46262097580956        8.6613014203911772E18    2.407837159377966E14     3.4043331028642774       20.42266738512248        114.03343824765508       9.0799549705295923E18    2.5414134796483922E14    3.40237547031688         19.981820179824986       145.885274821525         9.550110057571217E18     2.0764561571301528E14    3.363155109059853        3.9654189017240373       6.987044393759312        7.5632608018630441E18
0.05155                   0.02580612244897959      5.6324653483417414E13    3.4051210385443724       15.010815463104173       -437.3354131200749       1.86378562729719014E18   6.136263484024674E13     3.4046264844367173       14.782980466740785       -400.65907751724166      2.04500741376091264E18   6.7460257283591484E13    3.403689379808088        14.524477791149184       -362.16139663115786      2.26132932349026099E18   1.5071073867615822E14    3.3691400783299783       2.7912234342895057       -258.53090479047745      5.5735000221586278E18
0.09958644688644688       -0.012239062499999993    7.205671819047593E12     3.0858273840377946       9.80453557958623         -38.165515503162         5.2614721032380416E16    8.057682681107579E12     3.088474260483057        9.629505153230964        -36.31802230244008       6.0343072840637496E16    9.130074209376027E12     3.091221363906258        9.4333168185714          -34.015477198177145      7.0307706702776376E16    7.169483597662602E13     2.8432564862686083       0.384407392114858        19.401773017894726       1.87720758307230208E17
0.0973978021978022        -0.01631875              3.457791956466849E13     3.1369041425679973       15.388716009401298       29.115606534285504       4.2929566827853197E17    3.692863036446974E13     3.135647633527357        15.048442385223149       31.59748862153154        4.6010329536747853E17    3.979071519702281E13     3.1343439643451934       14.668803180700657       34.54045647315406        4.9767984177941043E17    7.777251884891264E13     2.8431072956062757       0.6253093529046424       13.542336619564427       1.99626323318169248E17
0.09442124542124539       -0.02098125              7.78148749436155E13      3.164422388201726        18.125457021587703       88.7571968565876         1.30954198115567053E18   8.099791951743452E13     3.162002245470656        17.68500844526054        90.04861021383967        1.34866970666698035E18   8.471243562521867E13     3.1594308289357524       17.191005252453788       91.42503735094051        1.39360788213634202E18   8.22585326476758E13      2.8397684265321277       0.7916316423545156       10.271005050082529       2.05406710772185024E17
0.09065677655677654       -0.025060937499999998    1.0301086285791797E14    3.1775689821614783       19.01969799020115        113.75465381990162       1.90019090168021734E18   1.0609661353157952E14    3.174670364634735        18.543267216127834       113.51240287215425       1.92532007512550016E18   1.0971823880111906E14    3.1715565216882733       18.011165830576413       113.09853934804386       1.95503991120493491E18   8.440093320060514E13     2.838782905646791        0.8760140375792854       8.62324630047533         2.0935020347304208E17
0.0861043956043956        -0.028557812499999998    9.552846855444577E13     3.1752701807914314       18.774933926940594       100.9915103482281        1.7022963975092137E18    9.867830943669864E13     3.172466732294134        18.3082924139659         101.18463802706897       1.73195514703849421E18   1.0240153371858719E14    3.1694588786673883       17.787683155713253       101.29088875965968       1.7671670714369687E18    8.364083349996931E13     2.838413820429751        0.8414290399431474       9.372282680107741        2.0697469311170304E17
0.08076410256410256       -0.031471874999999996    5.901271679438773E13     3.1609086491033715       17.204787833365387       59.760801045808854       9.057074335612631E17     6.187481669405414E13     3.1587463550612567       16.792001852000592       61.53795573223081        9.4316513388764454E17    6.5277789074195305E13    3.1564722485117804       16.330307942076125       63.56446105282966        9.8746242994006362E17    8.002139401270156E13     2.8379781585088066       0.7051600075441519       11.499333942142352       1.97944770708737696E17
0.07463589743589742       -0.033803125             1.9156608835899957E13    3.1349516791065755       13.320783515376293       1.202448443969768        2.13437548242427264E17   2.0767858051197387E13    3.1345303128047384       13.039092811094507       3.5301528199099605       2.33594120712923168E17   2.2741008168556574E13    3.134180834617216        12.72302802830476        6.340257126589675        2.58590304168073472E17   7.449228316667278E13     2.8342079118175914       0.4913074826454664       14.741113707893954       1.81964554412917312E17
0.0692956043956044        -0.0355515625            3.582904734705135E12     3.0644315712865096       7.456463782445161        -42.32186480060193       2.20227645920331E16      4.0766071705569E12       3.0712145279242224       7.330939211095844        -41.51916762500733       2.6342490996560364E16    4.706317128544736E12     3.078370928843485        7.188725921043625        -40.3652271702162        3.2102116905490288E16    6.9088193334518016E13    2.82249705409024         0.26032517287141776      19.426436903797107       1.60138398505937696E17
0.09958644688644684       0.004683673469387757     1.2571132093309064E13    3.0704706206932166       11.647931796474245       -37.721982249755946      8.8282123775475952E16    1.3891750356479615E13    3.071935376055556        11.433229436859163       -34.722841303156514      9.9325911081649824E16    1.5536407247113707E13    3.0733907498634396       11.193381441923226       -31.222626628955126      1.13294467614814704E17   7.553143329944658E13     2.9031142100131144       0.5903871475426493       31.558631749595133       2.8938440571594272E17
0.09739780219780218       0.005785714285714288     9.107426047818502E13     3.09283248869065         18.616793901261047       52.807733040507706       9.4505504936914138E17    9.484440509624698E13     3.09208780238169         18.17910135256407        55.09924725336663        9.8626688429459776E17    9.93587733785883E13      3.0912522224945707       17.691753504218653       57.716360723362286       1.0352837337188553E18    9.065055378569367E13     2.9292379528724135       1.1460418303334898       27.592439623191964       3.9247072160173862E17
0.09442124542124539       0.0069795918367347       2.641406040251662E14     3.0969632634303896       21.99622933084121        95.58066299354115        2.9649964461206932E18    2.683406123213875E14     3.09585426640246         21.471225463622407       95.49476956281427        2.9931938475696502E18    2.7332362457917406E14    3.0946027189193352       20.885848856874784       95.3991275806844         3.0266854101298094E18    1.1367540964825348E14    2.9584887509431677       1.8327313330478572       28.405216463062462       5.7343980766357267E17
0.09065677655677654       0.00826530612244898      4.668433710818312E14     3.0986256437780058       23.757301895006208       84.56814083468083        5.0596153510945147E18    4.703148223431662E14     3.0973643145097944       23.205572600132783       84.13307988007942        5.0633101664936315E18    4.745550160772328E14     3.095933707711559        22.590140494178456       83.68507583912671        5.070221925084033E18     1.4655905945550484E14    2.9897377495187496       2.6099391686772107       32.19560716590256        8.7798337237942989E17
0.08610439560439563       0.009642857142857147     6.877842405995248E14     3.1045921611097334       24.957676535691036       90.91902461873704        7.526628997840044E18     6.909765763162078E14     3.103291542989806        24.396726562267975       90.78656376068653        7.5122648008618035E18    6.949469927015039E14     3.101810389587982        23.770565483010515       90.68135694143776        7.499252054749654E18     1.9122756077194488E14    3.0236003642882627       3.4369565627223646       39.90513922148418        1.37574017875276467E18
0.08076410256410252       0.011112244897959186     9.262215574261148E14     3.1223376675538876       25.88503379948142        129.5355912135588        1.0976326652628683E19    9.293623833218628E14     3.1210176188443812       25.3196782132964         129.3726503732889        1.094296047972455E19     9.333277734546351E14     3.119507931485398        24.688353490463825       129.24059809619172       1.090903497425372E19     2.4920046580287884E14    3.0635252085035454       4.281241062939259        54.92763425834859        2.20586546473045658E18
0.07463589743589741       0.012673469387755099     1.1720632521774678E15    3.1600330573890623       26.628613358307717       214.50247263250975       1.6591575132272912E19    1.1755061576297262E15    3.15865360460394         26.06133759112377        214.06050957263534       1.6532886073906172E19    1.1798537611677455E15    3.157069594421286        25.427684283990214       213.63478224234137       1.6470915283057646E19    3.2155787816984944E14    3.1162566804417677       5.124585978353588        82.72948214384692        3.6993358808405396E18
0.06929560439560438       0.0143265306122449       1.3539013095617202E15    3.2099964376401835       27.095124792704834       366.69571817055385       2.4097517178427023E19    1.357963039655503E15     3.208484756016897        26.527638934520915       365.5141671351432        2.4006124084503708E19    1.363023162816628E15     3.206744767649983        25.8936252357667         364.2943376665761        2.3907579909673255E19    3.87622533732656E14      3.1720361225207077       5.772587947885265        129.0820542473803        5.813412273263359E18
0.06474322344322345       0.015887755102040803     1.4698328592599045E15    3.2649636712328576       27.370113405545247       598.1070820583727        3.331541348144473E19     1.4747426492825502E15    3.2632514821046734       26.8033743196046         595.4755156161567        3.318155765555848E19     1.4807525848825842E15    3.2612782777019333       26.17010244581946        592.6827810294594        3.3034926959077876E19    4.423737282267695E14     3.2275013087287348       6.25861964695546         196.9339851511988        8.5403125045555436E18
0.06097875457875458       0.017357142857142856     1.5182460381175668E15    3.3164295265866226       27.485813679781714       890.3838812477256        4.275585164785642E19     1.5241033748921595E15    3.3144918762540825       26.920487396993142       885.5948637018168        4.257902929029189E19     1.5311553373053912E15    3.3122558595721205       26.288716168323734       880.4446488265903        4.23825794152873E19      4.796275955528148E14     3.2764592996550164       6.5827568990242264       281.14819715310074       1.1480869465267323E19
0.058002197802197814      0.018734693877551015     1.4961478555190345E15    3.3577513090389757       27.44434234444225        1182.6799132382164       4.986827084269411E19     1.5029803700549628E15    3.3556236800731716       26.881195507017253       1175.6039249157052       4.9671772276138435E19    1.5110832468103278E15    3.3531625163197822       26.25177720297689        1167.9357472138624       4.944979493934374E19     4.939297286012026E14     3.3144390273383952       6.734603325558961        365.6522326432853        1.3926270686068396E19
0.055813553113553106      0.020020408163265307     1.4056757735468388E15    3.385965896058941        27.239091630456386       1394.3118756105666       5.247487449207397E19     1.4134897020726858E15    3.3837301602692595       26.679248169700557       1385.950922244678        5.230683777338948E19     1.4226272473324122E15    3.3811337780790307       26.05341215311176        1376.8383548969869       5.211158677147575E19     4.822409248815801E14     3.3400953515744765       6.700911036497171        428.1969703119514        1.5209988259822391E19
0.054412820512820516      0.021214285714285724     1.2566178490386965E15    3.4010485716133285       26.86165894640677        1470.6443475352733       4.98948496327571E19      1.2654136785164248E15    3.3988053198241595       26.306822231611143       1463.1135565779518       4.9808929970683716E19    1.2755706590107672E15    3.396185291763422        25.68642701868186        1454.8438922991504       4.9700064761401655E19    4.470897434801351E14     3.354032904276606        6.482237734385567        454.1848838408935        1.5065358797531113E19
0.0538                    0.022316326530612243     1.0676661536544889E15    3.4040327934955243       26.30942242348899        1422.4283218381047       4.3032432145016414E19    1.077455640925678E15     3.401878506063752        25.762215392121607       1418.1956317177514       4.306534200935129E19     1.08863525300355E15      3.399342507713095        25.150096426358513       1413.4343634457991       4.3084962633000395E19    3.9582703980970594E14    3.3569086686851692       6.094515626253001        441.8831688997871        1.364582493576129E19
0.05304999999999997       0.02332653061224489      8.207201240924936E14     3.4086989843739435       25.414207081671407       1224.1105715832884       3.377677477174948E19     8.320969409158864E14     3.4066829189756493       24.883372395411264       1229.5982407389479       3.3982053185836855E19    8.450242205445226E14     3.4042801323637284       24.289250912326516       1234.9981491759677       3.4193087021624656E19    3.363817597540887E14     3.3623406084721137       5.577213038540144        381.04518706244914       1.2029289292970426E19
0.052299999999999985      0.02424489795918367      5.136998367951927E14     3.4128476948539093       23.793779485264142       641.8664232583674        2.117994697537683E19     5.2725907356679425E14    3.4110609559386336       23.30811705811792        666.6979578021862        2.161681585802649E19     5.4258355713326506E14    3.4088828428458067       22.762547976836068       693.8298277235424        2.2087975237220196E19    2.690028477111774E14     3.36855130285054         4.856318269867199        217.06836041561235       1.0000608996158288E19
0.05155                   0.025071428571428567     2.0622656175257506E14    3.415452352156115        20.37639000925202        16.453242549632805       7.9929438465124915E18    2.1733581576272388E14    3.4141338480291483       20.004058000221804       47.1633148231807         8.4183145673639455E18    2.301565837876838E14     3.412412219868109        19.581260635801932       79.88184615509701        8.8985697984062044E18    2.0324450367418006E14    3.3752000822996093       3.9164848501988234       -37.08007739004127       7.7956231618409841E18
0.05079999999999999       0.02580612244897959      5.3531020212815805E13    3.4130655988659275       14.733267190315118       -466.4666547658027       1.79940323941137766E18   5.835978231312436E13     3.4129186697566136       14.512810295785346       -429.7442845702428       1.98027845726826522E18   6.424041783422326E13     3.4123148674366184       14.264072114541676       -391.2110703554898       2.19749898696239846E18   1.4910015574822444E14    3.3803953325788707       2.7667791776874506       -266.87053002804635      5.786548130368642E18
0.09958644688644686       -0.008742187499999993    8.454890204491608E12     3.081362034452648        10.32803813948398        -38.38687208212893       6.0818747124033128E16    9.426687298669453E12     3.083440787742258        10.14160844363516        -36.20184618120075       6.9333466468115296E16    1.0637836517047236E13    3.0855792772055435       9.93053462809725         -33.550870708847846      8.0190067955468528E16    7.272581987456669E13     2.8618609230816228       0.4337296558407612       22.568137689317023       2.1488825947885808E17
0.09739780219780218       -0.012239062499999996    4.560191768122543E13     3.123664981693702        16.319447627824864       36.73571260871897        5.3393199767211814E17    4.840781014122907E13     3.122375234596173        15.9527677478316         39.20676764957045        5.6802933603201325E17    5.17664157319998E13      3.121033649725345        15.54164232289845        42.10087142437308        6.0893353857970227E17    8.061511864381553E13     2.866991132571449        0.7404517607582032       16.801800725068677       2.40396773570061632E17
0.09442124542124541       -0.016318750000000014    1.1359892227573631E14    3.1444160019191485       19.335204023345604       94.77875020077532        1.68728860272372301E18   1.1724116996022308E14    3.14220127212503         18.862319717391593       95.52947688533143        1.72152890164738995E18   1.2133743444608748E14    3.139839365363311        18.32972773397065        96.35616103628485        1.75916040347350861E18   8.79393800699834E13      2.8694456134151056       0.9986495470623125       13.62663561585169        2.63816353699486464E17
0.09065677655677652       -0.02098125              1.5644121836828497E14    3.1599214029169405       20.3395917363292         111.68924005337904       2.5098602910933504E18    1.5967756117950256E14    3.157123493524813        19.83064497341653        110.64249061196324       2.519595972847487E18     1.6347618250732253E14    3.1541045551689346       19.262831547103023       109.42886190056332       2.5329837118397317E18    9.183303928027164E13     2.867309213624681        1.1301643821042118       11.25183092429124        2.71613246851514624E17
0.08610439560439562       -0.025060937499999998    1.6111293014624012E14    3.1648656245007674       20.427384276470416       107.76903635238764       2.6149115534113367E18    1.6428711336316566E14    3.161904488966322        19.91543621762444        106.4800748950813        2.6207977005229061E18    1.6804768845532872E14    3.158704617394423        19.34490207717128        105.01870804381284       2.6306011733407611E18    9.209295246180553E13     2.8659117784917667       1.1397577420207112       10.744200370828834       2.70088358111265408E17
0.08076410256410256       -0.0285578125            1.2841099717695206E14    3.1606340790117797       19.706894153041883       95.42310276208613        2.02997621294811904E18   1.3187608634895323E14    3.157959711827146        19.218090562025477       95.18054586215749        2.05364898690725606E18   1.3594170915241181E14    3.155094867426679        18.672609709768984       94.87694641145565        2.08236152524674867E18   8.848165719086328E13     2.8633940899372314       1.013254082076822        12.152677946530854       2.55569037143335936E17
0.07463589743589742       -0.03147187499999999     6.5392037491018305E13    3.151099825373495        17.537956902658486       60.98557799042966        9.4411149581950515E17    6.846681930814431E13     3.1490715592693994       17.116795488715976       62.69029923694151        9.8215534750174272E17    7.213072486608067E13     3.146967138650743        16.646678918084586       64.64389227841048        1.02748536890844915E18   8.166822179248394E13     2.857034864975183        0.773072641483304        14.261115778168005       2.27721720084950464E17
0.0692956043956044        -0.033803125             1.6411707036065451E13    3.127869469288127        12.805226245066892       -0.7783186079959963      1.74394617019875712E17   1.7895018220601082E13    3.1278540443464786       12.541618316355061       1.4743897141960822       1.92473968395637664E17   1.971751750837952E13     3.1279975185738356       12.245184557264938       4.221106710962261        2.15072076932243744E17   7.405400000633131E13     2.8414560650128493       0.477756778953853        16.509346750389078       1.90006490421653696E17
0.06474322344322345       -0.0355515625            2.6662445058108745E12    3.0350094559730207       6.561442949354755        -36.5880830324287        1.3979470276479928E16    3.062268865642009E12     3.04451653088575         6.457318422134983        -36.32138725811218       1.7151132153949308E16    3.5718492634184785E12    3.05469009074556         6.338969372404033        -35.763173301076776      2.148697359794358E16     6.8438594984076016E13    2.8207024516051655       0.2316729958878133       19.927167949584252       1.5776843337936032E17
0.09958644688644686       0.003673469387755107     1.2339843551681621E13    3.070866576900237        11.58503799313675        -37.771874962474115      8.6695459865999328E16    1.3649175890663104E13    3.0722136659554016       11.37176778303458        -34.809550516607715      9.7581718342490704E16    1.5281183953570424E13    3.073558632211829        11.133734436648169       -31.34691019635938       1.11367694212324464E17   7.554377681854088E13     2.901398699096774        0.5819619909918547       31.1527485385716         2.86162567266959872E17
0.09739780219780216       0.004683673469387753     8.920279986762903E13     3.0935403100794727       18.547789404271516       52.454093153153245       9.2794720104769677E17    9.299103331960612E13     3.0926387015859214       18.111988936062218       54.75142937837924        9.687542783393097E17     9.751660491250178E13     3.09165134273894         17.62659076383185        57.37824764425516        1.01728574618308685E18   9.045281248615969E13     2.9274406433993465       1.1306735593717612       27.27111667950558        3.8738027765099821E17
0.0944212454212454        0.0057857142857142925    2.5989729343540006E14    3.0975609154136374       21.94444727718564        95.84580841063087        2.9283145393788611E18    2.6422526121821812E14    3.096291990934907        21.42015839677402        95.77191189732346        2.9560202104166661E18    2.6933453528983747E14    3.094884917798524        20.835606982099254       95.68865661062463        2.9890458935999821E18    1.132482233572269E14     2.956789325411767        1.812613481584745        28.10040075863715        5.6580621237833555E17
0.09065677655677652       0.006979591836734696     4.6063358495244375E14    3.0989465562381446       23.714386316023504       84.90148797834672        5.0027297511768269E18    4.6435118095875506E14    3.097527447843907        23.163015534809357       84.45930098983712        5.0055732036388823E18    4.688354404852873E14     3.0959434165000927       22.548029829458873       84.00222884883019        5.0117181128632259E18    1.457816286582432E14     2.9882821159902764       2.5851449579651313       31.873652449690088       8.6645353391331264E17
0.08610439560439558       0.008265306122448982     6.79910285986735E14      3.104535497780744        24.92047328680052        90.57851903184118        7.43978177845039E18      6.834852970922036E14     3.1030818122298847       24.35982890253215        90.44436297081637        7.4244980124329646E18    6.878307610563414E14     3.101452517572174        23.734026518114273       90.33673521585963        7.4106768806367478E18    1.900944011980747E14     3.0224927927116356       3.410170581007224        39.53046887257248        1.3597197774930583E18
0.08076410256410256       0.009642857142857147     9.174173967763571E14     3.1219158582656514       25.85366992152878        128.08640742429094       1.0850381595201565E19    9.210840487412801E14     3.120448824474113        25.288589303338252       127.93471804191117       1.0816162601710805E19    9.255687935264049E14     3.118798082349472        24.65759775736176        127.81513247928658       1.078164283358858E19     2.480483807740538E14     3.06285391391391         4.2582357035867835       54.45077119569641        2.1883832548368151E18
0.07463589743589742       0.011112244897959183     1.1642073305617735E15    3.1595274350665874       26.60580285368783        211.78960484444954       1.6440803020709495E19    1.168335323055689E15     3.1580077776835624       26.038813731424572       211.38307509976647       1.638172610106785E19     1.1733638368852175E15    3.156290979732563        25.405508301767107       210.99819254875666       1.6319887060727288E19    3.20976650239539E14      3.116260680070411        5.110039974004634        82.45212092283475        3.6929098220093901E18
0.0692956043956044        0.012673469387755099     1.3529128040658305E15    3.210318147637567        27.09145913612825        365.1081913896029        2.4111920148879565E19    1.35779609570349E15      3.208668980457009        26.52426037580807        363.98071816186024       2.40202094333067E19      1.3636800542344578E15    3.2068003229640074       25.890596498310902       362.8262096421628        2.3922198497428873E19    3.8972259649011906E14    3.17366308450899         5.78180641435744         130.08614879363165       5.8885774705245276E18
0.06474322344322342       0.014326530612244894     1.484742572016457E15     3.2671294520755634       27.402131509207305       603.1628870839426        3.3963464767963116E19    1.4905626879217088E15    3.2652693437203113       26.835565703766722       600.5455069580798        3.382531744905865E19     1.4974924919830575E15    3.263157071890236        26.20251680694922        597.7808958860107        3.367523491550907E19     4.502718755552167E14     3.2313381662325775       6.309226740072988        200.78302774271597       8.838123839876863E18
0.06097875457875458       0.015887755102040817     1.5586205167715765E15    3.3206207957800906       27.57209415138583        906.5171852313708        4.4648636633378456E19    1.565418451042999E15     3.3185128292922514       27.00665630452172        901.6008653085205        4.4455886022392726E19    1.5734280236925972E15    3.31611435394614         26.374792038022488       896.3329604532062        4.4243587597995024E19    4.966934825940616E14     3.2821948734012163       6.691486832823616        288.78015493720346       1.2170230536342465E19
0.058002197802197814      0.017357142857142845     1.5709628034707365E15    3.363285444672022        27.60709177134104        1210.3611112130704       5.34967119954195E19      1.5786685998240452E15    3.3609587911635947       27.043228876342834       1202.873184311645        5.326313023704845E19     1.5876642224975768E15    3.3583050507183354       26.413048320115088       1194.786479826338        5.3002291807858246E19    5.22626418681941E14      3.3210999713579863       6.915375841550105        376.576228685914         1.5111301867091261E19
0.05581355311355309       0.018734693877551018     1.5191608688477302E15    3.391970299892311        27.5000827768477         1434.9800804260192       5.7970410873393684E19    1.527661529662225E15     3.389505120350621        26.93843988491535        1425.6663507676647       5.7737661455332385E19    1.5374997421909128E15    3.386684399796051        26.31064925788957        1415.5559671368915       5.747316997648934E19     5.2298518449166625E14    3.346717575059849        6.9633512892170595       441.8872733800727        1.6871310848213633E19
0.054412820512820516      0.020020408163265314     1.407865907807883E15     3.4070255786383146       27.24532392667819        1532.1503334432791       5.7068966801753694E19    1.4170511204667502E15    3.404521600362852        26.68687900917506        1522.706542592559        5.68898109298394E19      1.4275959501764375E15    3.4016447547636206       26.062547200540898       1512.408705943102        5.6679958231119364E19    4.975222094992514E14     3.3601762385145277       6.829167885471939        471.34895074537735       1.7068245070560307E19
0.0538                    0.021214285714285713     1.2507269140132928E15    3.4099600108533696       26.84435723299875        1519.3089588280855       5.1426463017309454E19    1.2604976825815468E15    3.407512677440245        26.290485714182555       1511.686828577509        5.134201927861683E19     1.2716361603292718E15    3.404686436586452        25.6711212252228         1503.3164402746659       5.123363316974394E19     4.520843308110043E14     3.362744107225566        6.525912238760253        468.2058816341387        1.5813594247505449E19
0.05304999999999998       0.022316326530612236     1.0490379978286469E15    3.4146512862795197       26.24652175232552        1407.7223497420773       4.409399864025924E19     1.059994181394268E15     3.412294817808304        25.701883045607623       1404.1584174874438       4.415220777656529E19     1.0723428341093624E15    3.409553337273312        25.092405723124333       1400.1271605253742       4.4196492125689225E19    3.983193494696134E14     3.367737527869569        6.12598328559648         439.01334378904016       1.4399381631885095E19
0.05229999999999999       0.023326530612244892     7.926123863328712E14     3.41893166627269         25.28925381969661        1130.5113266643841       3.3957929815442407E19    8.049883177867302E14     3.416730009213602        24.76270208482103        1138.0697980440161       3.4203267919483736E19    8.188321692318926E14     3.4141390708408292       24.172643384898475       1145.8165459943748       3.4451716002263663E19    3.3564425222953194E14    3.3734095764627634       5.580357719937848        350.18372842084756       1.2609567806408925E19
0.05155                   0.024244897959183675     4.8426114408867056E14    3.422461551727957        23.573090684439418       549.4140183722177        2.065736100016696E19     4.985783596422526E14     3.420521292124483        23.097377530577024       572.4652114836333        2.1143992363823514E19    5.1447547794203275E14    3.4181876688625614       22.56068777255289        598.8586515293148        2.1659668175657824E19    2.6683582459621338E14    3.379809945546293        4.837063354797913        172.0429397150996        1.0428439851671054E19
0.05079999999999999       0.02507142857142857      1.9463672964775134E14    3.4238610088221826       20.1209249330903         -39.65666331355319       7.7257171511502336E18    2.0558700527873978E14    3.422447334559199        19.757727655662553       -8.042179436965085       8.1570832032667873E18    2.1835465118200538E14    3.4206290414913867       19.34669780250592        26.099801046231555       8.6498959560592712E18    2.023917784049558E14     3.3862630578313286       3.902572836026533        -65.72802442217451       8.1470088422472888E18
0.04995333333333332       0.025806122448979577     5.2325871893502336E13    3.4209784562236027       14.566724700554373       -487.1071359383515       1.78885805512018355E18   5.7125239082470375E13    3.4208047978155283       14.351687949477313       -449.90952086755834      1.9726617345632809E18    6.296375084365334E13     3.420172915578257        14.108588328238772       -410.51235869814315      2.19336896450904243E18   1.4962188563130362E14    3.3921155328995605       2.766591352283462        -283.2420805283705       6.100829262937899E18
0.09958644688644684       -0.005828124999999991    9.465177873065846E12     3.0777665980646356       10.702575655869836       -38.33131006051529       6.7397582997182936E16    1.0529653860056498E13    3.079739319423968        10.510407619481892       -35.90159312903134       7.6594029536875824E16    1.1853141479027703E13    3.081740075892207        10.292754625830534       -32.99494530759949       8.8270601738110432E16    7.330151503570894E13     2.870646141881989        0.4741837954994668       25.08129050517872        2.28994214553371072E17
0.09739780219780217       -0.008742187499999991    5.540189230658684E13     3.1138468644196684       16.97242990150491        41.999580029487255       6.2273498057742733E17    5.84596521123663E13      3.1128242099539176       16.58487240306022        44.44301815631292        6.5892502729029747E17    6.212190491991653E13     3.1117252656815686       16.15155458426396        47.25605014932819        7.0220575812714496E17    8.272685954892055E13     2.880349269701162        0.8366848627511866       19.553035440713266       2.67606449228273568E17
0.09442124542124539       -0.012239062499999993    1.450264011616692E14     3.12915800979634         20.110571061474815       97.57270608549294        1.9639046809574871E18    1.486737462553316E14     3.1274029112781556       19.61669802153901        98.07844196773235        1.99435378003021747E18   1.5288578663296016E14    3.125489107341176        19.064048342218598       98.6352701648133         2.02913904434024474E18   9.283503954417608E13     2.888235911713863        1.1804309447275896       16.862522269732192       3.1185572183500614E17
0.09065677655677654       -0.01631875              2.1591757730795934E14    3.1398674679909417       21.351414861224747       104.37856927177235       3.0074224353961713E18    2.191149234432296E14     3.137633682887068        20.82486561551911        103.4918532707349        3.012839835776256E18     2.2291928366847434E14    3.1351784446512174       20.23771772786328        102.48345244283344       3.0216440760457713E18    1.006368644697341E14     2.8921858696583134       1.4230378262336962       14.756402583771782       3.4579256197097408E17
0.0861043956043956        -0.020981250000000007    2.3397560218215703E14    3.1483906832076776       21.598325020616116       98.83768435062547        3.3448352056784942E18    2.3713183327427625E14    3.1458482467969144       21.067690102005116       97.7883672369203         3.3425285595518981E18    2.4091092814402438E14    3.1430549662455527       20.47613830735402        96.63664474784143        3.3433640180276239E18    1.0246642501169281E14    2.8903564391860943       1.4826189961796234       13.172858684462675       3.4846120979564314E17
0.08076410256410255       -0.0250609375            2.0855591108325006E14    3.1512066466642374       21.232097872285934       95.02284986142053        3.0221843779850721E18    2.1183161730797138E14    3.1486938937926285       20.708622965975902       94.08181051353672        3.0269874741315246E18    2.1574191007343206E14    3.1459447561778027       20.125162072805463       93.0462083851917         3.0356869579312005E18    9.906978433583328E13     2.8863900547075003       1.3742298831936681       13.64489323567798        3.2889546842351936E17
0.07463589743589742       -0.028557812499999998    1.4126724040374484E14    3.1508390257226986       20.003301883681704       91.39437418362175        2.08627769494084531E18   1.448293055641916E14     3.148627160580423        19.510087114547964       91.17634086445763        2.11267789785511142E18   1.4899514810380488E14    3.1462451218229495       18.95923235133726        90.92265508731731        2.14417341929570816E18   9.083268279818856E13     2.878031241536336        1.112060457826316        14.920236861191055       2.86757114886074368E17
0.06929560439560441       -0.031471874999999996    5.642140901028993E13     3.146945993787866        17.063330408950943       57.09299769307852        7.9174977583253696E17    5.932855775310779E13     3.1453587540765406       16.65894824479859        59.01738626142664        8.3006349403710733E17    6.277396924219441E13     3.1437417862739285       16.2056081918449         61.216198532623565       8.7545669053240218E17    8.061568207771812E13     2.859129358844463        0.7528399532422194       15.98447048808978        2.27864891926846048E17
0.06474322344322343       -0.03380312500000001     1.0980630611129012E13    3.1133207306814437       11.471366698539555       -5.991869022206359       1.05290357114444608E17   1.2120855451964545E13    3.1147550024478474       11.25202517967473        -4.129727805837999       1.1865390137194448E17    1.3532776209663766E13    3.116539629374939        11.003267537914837       -1.7643295850893521      1.35663063350674368E17   7.236824628026972E13     2.833910777725748        0.42360928932146014      17.03789948953016        1.77589286482948032E17
0.060978754578754575      -0.035551562499999995    1.630977212983154E12     2.972192643265737        5.157587878796041        -27.427428098486747      6.318195381542331E15     1.8983255299087107E12    2.987381552271817        5.079100977988867        -27.75038420010446       8.12388505549613E15      2.247538336378809E12     3.0038878112259595       4.990246809333096        -27.885287099339514      1.0713195747280154E16    6.738060057445297E13     2.8076319527121876       0.194989243413364        19.431426037314207       1.43304330313687568E17
0.09958644688644684       0.0027551020408163296    1.210773074196998E13     3.07123011465707         11.52250446166797        -37.85246207035382       8.5086083492012144E16    1.3391199477719777E13    3.0727543199808225       11.310724479012679       -34.92416705226515       9.585164775179616E16     1.4993050531719525E13    3.074275240152635        11.074548381518856       -31.496464571197325      1.09500977787610352E17   7.519582244456325E13     2.8990371327599798       0.5736684973117206       30.757977411366095       2.80929135583246016E17
0.09739780219780217       0.003673469387755105     8.726483331811489E13     3.0942494032263705       18.476834379971194       52.063178110903195       9.100838121991392E17     9.097145799271353E13     3.093486647754767        18.0430648464946         54.369808244748825       9.5084178004756544E17    9.54010452906261E13      3.092634768066096        17.559698775071766       57.009932699891934       9.9925517326121664E17    8.983327225028978E13     2.925187236809209        1.1157592184018237       26.932089742284823       3.7987233496356992E17
0.09442124542124541       0.004683673469387752     2.552763988654213E14     3.0981989573701583       21.889428316146727       96.14842083315096        2.8877735790770591E18    2.5945908993151066E14    3.097065099847796        21.366024625341286       96.0864168554573         2.9162280481849303E18    2.6442199663648612E14    3.0957889053603105       20.782474563431485       96.01489812912787        2.9500527636209357E18    1.1222749508382864E14    2.954684288219383        1.7912218486719982       27.76284455026323        5.5417747795872486E17
0.09065677655677654       0.00578571428571429      4.534784145255628E14     3.099328947118299        23.666795631635814       85.3470449264618         4.9370115890982994E18    4.569668405051595E14     3.0980469524953658       23.115934092065913       84.8953424364478         4.9412385706736691E18    4.612293148359397E14     3.09659561671791         22.501543670150163       84.42655404801856        4.9488544240665866E18    1.4414351712833562E14    2.986404427784416        2.556987184298604        31.48717925874688        8.4792114095917146E17
0.08610439560439559       0.006979591836734696     6.701318785378571E14     3.1045175439873995       24.87649577976368        90.34445860957847        7.3336171147256658E18    6.733953739957709E14     3.103206490175364        24.316313921606984       90.20552810408746        7.3208396207115377E18    6.774399582745054E14     3.101715801898541        23.69102224921067        90.09189303575785        7.3096243981213891E18    1.876959445434779E14     3.020901527286282        3.3775621257096224       39.02843042359967        1.33115078351152026E18
0.08076410256410252       0.008265306122448982     9.050541040150921E14     3.1214280824486758       25.812274398853653       126.51022614378144       1.0679518655909319E19    9.083128862317329E14     3.1201121903929923       25.247624973650087       126.36664825396443       1.0649414750586393E19    9.124119617085454E14     3.1186094152399146       24.61712311351232        126.2555846777241        1.0619266417843999E19    2.4488178560146678E14    3.061576518348947        4.224699589565812        53.69482703853336        2.14618358810590157E18
0.07463589743589744       0.009642857142857147     1.1496388263980395E15    3.158676626172337        26.566962554799538       208.01550669873862       1.6170044622787375E19    1.1532714325412432E15    3.1573207690506746       26.000436468683194       207.64362645659787       1.6118077383469697E19    1.1578379530730052E15    3.155766022055807        25.36765826985139        207.29798084803008       1.6063907215410008E19    3.1709224169160025E14    3.115403467412331        5.077721191855612        81.4730803593091         3.6325182514859039E18
0.06929560439560437       0.011112244897959185     1.3398047977038888E15    3.209840882298803        27.061358515616018       359.9892763842944        2.3825242951041294E19    1.344144560518393E15     3.2083683367483786       26.494672869133925       358.9369290650045        2.374465849164171E19     1.3495309576567145E15    3.2066761680560494       25.86159483703397        357.86988436855484       2.365884723710574E19     3.8644815684088375E14    3.173974591319527        5.7611284483052225       129.66738673218157       5.8459083967082947E18
0.06474322344322345       0.012673469387755099     1.4814575873840492E15    3.2683715537899904       27.39651964924823        602.8189625809503        3.406955919600587E19     1.486722960813592E15     3.2666925916766822       26.830473502819945       600.278195632495         3.3945115352860504E19    1.4931595992544292E15    3.264762302495099        26.19802204778353        597.6101255141778        3.3810371946019082E19    4.507530429958563E14     3.2340772978853476       6.320230236872251        203.02460010029193       8.9498985395984312E18
0.06097875457875458       0.0143265306122449       1.5774576242392408E15    3.324236075334467        27.614004249938244       917.7495869342642        4.587300703224781E19     1.583679540615039E15     3.3222959665123137       27.048888749138857       912.8096942446476        4.5687992562527986E19    1.5911866128196455E15    3.320065189743784        26.417404638442775       907.5389682450932        4.54848404586096E19      5.0532586483444794E14    3.28741136564186         6.757027343976197        295.2250968800078        1.2643280748202443E19
0.058002197802197814      0.015887755102040817     1.6221013747549092E15    3.368669937895448        27.716776062571963       1235.9055517950048       5.6430521307151024E19    1.629193798111795E15     3.3664882373738423       27.152802072149857       1228.1602244683718       5.618785444616681E19     1.6376573216662692E15    3.3639775302592185       26.522524253782983       1219.825646856322        5.591802021600037E19     5.42676375621017E14      3.3277106501222335       7.0495687765530075       387.50474135787186       1.6085123521645484E19
0.055813553113553106      0.017357142857142852     1.6083569162583042E15    3.3980809956092477       27.694988253414696       1474.9348329739132       6.279548274403508E19     1.6161590975147072E15    3.3957346573968423       27.132457865857827       1464.951610367426        6.2527907711286985E19    1.62537663881743E15      3.3930290533478082       26.50371343302409        1454.1516088957935       6.222628216726924E19     5.5566636290885025E14    3.353534169590743        7.174194340003231        456.5720241180807        1.8349264057163825E19
0.054412820512820516      0.018734693877551025     1.5346493384533432E15    3.4131425640139965       27.53968933495914        1589.0586008164125       6.356818602210766E19     1.543002849770584E15     3.4107305196548725       26.979149169810597       1578.2628068695742       6.332568993691482E19     1.5527781488028438E15    3.4079403085377855       26.35253523743776        1566.536239860222        6.304722158336299E19     5.412818605227742E14     3.366544374515994        7.118354060861973        489.29830041021216       1.8928602060513534E19
0.0538                    0.020020408163265304     1.4090881588814192E15    3.4158848842626384       27.25078729847415        1599.892552024975        5.911284009204619E19     1.4178581633954802E15    3.4135022829754136       26.693038726659406       1589.886334223827        5.894060712908563E19     1.4280331616869242E15    3.4107341881256756       26.069443977499155       1578.970936650336        5.873636537681397E19     5.02998616506085E14      3.3686931802223246       6.8888009046861844       491.63665180243686       1.7866458333263251E19
0.05304999999999999       0.021214285714285706     1.244137851152648E15     3.4204347589299955       26.82800499418447        1536.7380259575766       5.3289072724931E19       1.2536877072256038E15    3.418107542481221        26.27540665399783        1529.2365397577628       5.3222242103412466E19    1.2646559624259682E15    3.4153875884572824       25.657402885106062       1520.9893796434312       5.313093280546707E19     4.562333406818442E14     3.3731707262551054       6.583745281625108        476.0903149467115        1.6665794877424142E19
0.05229999999999999       0.02231632653061224      1.033037401256731E15     3.4246975841753398       26.193995016804628       1374.7642264476626       4.5174038779108975E19    1.04402288772061E15      3.4224737630184245       25.651790786892995       1372.0685474468612       4.526751353589531E19     1.0564887342642572E15    3.4198518401108595       25.04501426310402        1368.9420221150167       4.5349588197190795E19    3.9966782846373775E14    3.3782335854465915       6.165571434215004        430.3098773607751        1.5104045488317688E19
0.05155                   0.02332653061224489      7.712774601239504E14     3.4284516347190794       25.192789828395004       1042.7377819098165       3.430094183336536E19     7.838232527638428E14     3.426401258990066        24.670356220543212       1051.654426516497        3.4594336064410132E19    7.979026854224821E14     3.42394942553479         24.084725120308654       1060.5715186818454       3.4894273749445976E19    3.3462705949431775E14    3.383990544199299        5.5987713137619775       320.9418658974641        1.3152184124276187E19
0.05079999999999999       0.024244897959183675     4.653170809413127E14     3.4311794968283937       23.422611369376867       485.23963648545896       2.0485350426065388E19    4.801130251479636E14     3.4294229592386114       22.957055242054675       508.0316604675528        2.1034253165842493E19    4.961624821980817E14     3.42726215351935         22.428163812461275       533.1228765886506        2.1600556240219967E19    2.6524606405864497E14    3.390308727789937        4.843682984883682        139.40050773820928       1.083776368130087E19
0.04995333333333331       0.025071428571428567     1.8806996804084725E14    3.432429749138687        19.958837567787054       -77.3878748780088        7.6627020041975071E18    1.9885077163488906E14    3.431244615096582        19.603323198546697       -45.384729936581785      8.1100229634529659E18    2.1141358772434494E14    3.4296452575429863       19.200141136040283       -10.583600050259136      8.6207206477794058E18    2.0180284881632197E14    3.397583970518704        3.9155551204855468       -92.15605376317541       8.511038043629227E18
0.04892842105263157       0.025806122448979577     5.212416008561378E13     3.4296395491592513       14.475932107334978       -506.5414170586221       1.81922247299738778E18   5.690852104449094E13     3.42975089254681         14.265041958000356       -468.23360196735297      2.00987929531045888E18   6.271780810161741E13     3.4293925822222504       14.025800296788384       -427.8698162716905       2.23849590216917248E18   1.4976830209205416E14    3.404647296946196        2.7814233457374438       -303.4234074039871       6.4101021141521613E18
0.09958644688644687       -0.003496875000000003    1.0249959567898193E13    3.0755935146257856       10.966515511256533       -38.2111457158234        7.2628055098870912E16    1.1388269877899457E13    3.0772634964490573       10.768168361505303       -35.61488846469304       8.2289325271206896E16    1.281011553508471E13     3.078961878531702        10.545916109819487       -32.5310935143386        9.4587418861034672E16    7.403663506901555E13     2.8825565571517564       0.5043666796612543       26.90247895697683        2.495653554672E17
0.09739780219780213       -0.005828124999999997    6.366475115523084E13     3.107402698514661        17.434800913430962       45.535609924133404       6.9765025654890816E17    6.69232009612004E13      3.1063190270090315       17.03083886141694        47.949908541308304       7.3476382861263347E17    7.083703215209247E13     3.1051648360510025       16.580644793541243       50.71635955567187        7.7928386781355738E17    8.483354175992375E13     2.8964386121442423       0.91397304816282         21.712632965558985       3.0269423179139482E17
0.09442124542124539       -0.0087421875            1.7148350508217747E14    3.1189348757844337       20.638893094304066       98.69849177301393        2.18780401525641472E18   1.7534538123502375E14    3.1172439100642184       20.134205454529702       99.03686380250763        2.21653337943683917E18   1.7987376163581022E14    3.1154094298773667       19.5711555762841         99.39588757707087        2.25049660014978048E18   9.75679235438086E13      2.909295525691827        1.332674929087291        19.65877856373622        3.7138632532274739E17
0.09065677655677654       -0.012239062499999998    2.672224746484446E14     3.126026119378994        22.016999125300625       99.84510059386338        3.4067696656099768E18    2.7067912356951953E14    3.1239600855885508       21.48210032366218        99.11113819609972        3.4114207874782392E18    2.747746705157247E14     3.1216998032630316       20.88551255363066        98.28541954909988        3.4194896630057892E18    1.0937614160114011E14    2.9190124118847334       1.6767947792492142       18.253008810318427       4.3994710018819936E17
0.0861043956043956        -0.016318750000000007    3.1650435231194406E14    3.1318392048887125       22.540439689557747       93.70719573520324        4.0584648059194465E18    3.1989851187793094E14    3.1295313352182834       21.998488837619146       93.06133288233632        4.0523324126580767E18    3.2395579284249306E14    3.1270030745110144       21.394123079511665       92.34834087644862        4.049152785006123E18     1.161980865952974E14     2.9236737469696634       1.8631278507208096       16.83725920980507        4.8049578171211341E17
0.08076410256410256       -0.02098125              2.9906383464895944E14    3.1384346640909757       22.35790319225802        90.4284131435037         3.9453098897396408E18    3.0252482755267725E14    3.136012833118971        21.818760692745485       89.81914941623177        3.940667898991359E18     3.0666514793297075E14    3.133367174422734        21.21768070970255        89.15697650675445        3.9394473418322688E18    1.1339325171142181E14    2.9197499603036388       1.7897771897959371       16.226170466799886       4.5836818353903539E17
0.07463589743589744       -0.0250609375            2.2873113681424497E14    3.1434896910591412       21.512517865475168       89.40834974798338        3.1354840477971615E18    2.3233771035133372E14    3.141145914781523        20.98692104268631        88.67030333129846        3.1447946903095828E18    2.3661746551956747E14    3.138608935198273        20.401041008729706       87.86765793715125        3.158788179962964E18     1.0347711183066048E14    2.9098585554426712       1.5111218273917264       16.56961269121523        3.9461863493401459E17
0.0692956043956044        -0.02855781250000001     1.2519557542758803E14    3.14816883256602         19.619932299983386       88.98991805521261        1.82842313424496154E18   1.2884664805139648E14    3.146056643174909        19.1370091439299         88.98606194436898        1.86021174508263808E18   1.3313931960062825E14    3.143827729216987        18.59825852679245        88.94715585415588        1.8983475940996119E18    8.981845780048184E13     2.8877141426144677       1.0846799898934318       16.579615502097184       3.0063646857909862E17
0.06474322344322346       -0.031471874999999996    3.749130900281712E13     3.141466917750411        15.736553751376697       42.91334439729717        4.9781395562386842E17    3.9941841248162695E13    3.1403085385550575       15.377274152213209       45.36516997929332        5.3138944834744365E17    4.286547899345073E13     3.1392456661349506       14.97269209344794        48.20914758745148        5.7179284237706483E17    7.822450697796506E13     2.8576271643610713       0.6668200402849186       16.410767162842518       2.1948401274325568E17
0.06097875457875458       -0.033803124999999996    5.504329232004209E12     3.077383841878039        9.245605646629476        -11.469607336273798      4.2523985225144016E16    6.19030443809263E12      3.0816123650311362       9.081213319136097        -10.507199953721555      4.9542590336845496E16    7.05744501892781E12      3.0865981294907856       8.894947012069176        -9.12563809158539        5.8816396549547848E16    7.0671671933992E13       2.825646340650945        0.35286014068488586      16.493327296859192       1.65123791630852416E17
0.058002197802197814      -0.03555156250000001     7.996135553757444E11     2.874182286255396        3.3337577293460052       -16.15763142222849       2.182631502690492E15     9.478884941220287E11     2.8982927668193295       3.2692992800498604       -16.76308251587613       3.0121503007285455E15    1.145979048631331E12     2.9247255669882013       3.1987530052192747       -17.30434405069323       4.2888493977142275E15    6.676651653648172E13     2.797113771750306        0.1639002915892929       18.32250948118789        1.32720222575392576E17
0.09958644688644686       0.001928571428571427     1.1891893463974043E13    3.0716480842415654       11.461888309279061       -37.90806083663092       8.3619677200446768E16    1.3165444146991541E13    3.0730577425010175       11.251596672548155       -35.01653551556644       9.4242657639216784E16    1.4755324160984977E13    3.0744717800601378       11.017094523895377       -31.62694604671732       1.07721602522237344E17   7.520806673889742E13     2.8976880027882927       0.5652108219780142       30.33636453176889        2.7845852434256032E17
0.09739780219780217       0.002755102040816328     8.541653467172531E13     3.0950438675824388       18.405816303696252       51.70829237403281        8.93326417880688E17      8.91368456557932E13      3.094123057991219        17.973952914776568       54.01988508912446        9.3366781039537562E17    9.357212260285975E13     3.09311840600986         17.49251863626859        56.66876189901873        9.8157381132172493E17    8.966142185877648E13     2.9234309483223178       1.101047978018204        26.582645115422984       3.7512968693563437E17
0.09442124542124539       0.003673469387755107     2.5077264770811656E14    3.0989496228931244       21.832750036362178       96.43712857644887        2.8496337519683891E18    2.550759177383966E14     3.0976529725797          21.310121106826266       96.38943568377834        2.8776133144605937E18    2.601585054728737E14     3.0962181252168035       20.727478568942445       96.3320512285461         2.9109976043420017E18    1.1171024707007422E14    2.9527705713818775       1.7684039419320021       27.402850487750044       5.4565192643058899E17
0.09065677655677654       0.0046836734693877485    4.4631584018593806E14    3.0998278486084105       23.616109726438385       85.85262513391373        4.8737991689825864E18    4.50038562766561E14      3.0983847205379136       23.065642580955018       85.39198600431877        4.8771666981163694E18    4.545305853195038E14     3.096776092355879        22.45172958783413        84.91189863674433        4.883974925381248E18     1.4310533784409947E14    2.9845016115458107       2.5261729892943015       31.053968033943374       8.3310448369386816E17
0.0861043956043956        0.00578571428571429      6.599533904636848E14     3.104589493164144        24.827556603197838       90.18387903644731        7.2264626276321096E18    6.635844783342919E14     3.1031215322079717       24.267726429589462       90.03930376728562        7.2127866774041539E18    6.679874817619102E14     3.1014782246475434       23.642844885184626       89.91826277072781        7.2007605217890417E18    1.859565047797443E14     3.0191028423209776       3.3400566194743937       38.4316737547205         1.30634518481218816E18
0.08076410256410252       0.006979591836734691     8.913738738591954E14     3.1209399128705857       25.763131699472098       124.86386618163549       1.0494078415237652E19    8.951376610990499E14     3.119473478534402        25.198810485000116       124.72645430627745       1.0463269519611734E19    8.997334147829554E14     3.117825446902812        24.568704738971192       124.62122783235267       1.0432656321225046E19    2.422714086041837E14     3.059901260724083        4.1821867620125035       52.7261592398186         2.10530566152571418E18
0.07463589743589742       0.008265306122448983     1.1316359080707902E15    3.1575808798402893       26.51532472441875        203.465451835361         1.583510155937563E19     1.1359293957817655E15    3.156084290758715        25.94917802165236        203.12996591958347       1.578361948802573E19     1.1411491034594265E15    3.154395858947183        25.316854151591794       202.8245396499305        1.5730476855416349E19    3.1336572090837244E14    3.113859618415208        5.030429278905499        79.93709723819899        3.563016338103124E18
0.0692956043956044        0.009642857142857147     1.3190465036786412E15    3.208687046563651        27.009479589143094       351.89125765217375       2.3333550220193087E19    1.324189702588785E15     3.2070850456657536       26.44326818274267        350.93576426568757       2.3256178069758722E19    1.3303770487206605E15    3.205272755168966        25.81075354613174        349.9784614800119        2.3174698902272102E19    3.8216307306543525E14    3.1731665799778          5.714975574777048        127.91863128283902       5.759040838212268E18
0.06474322344322345       0.011112244897959181     1.462880688500112E15     3.2684622024811487       27.35384672738838        596.2696305995814        3.365958484889237E19     1.4690883974976642E15    3.266660283690742        26.788377924056125       593.876661550266         3.3541773389795414E19    1.4764762136962745E15    3.2646184268547205       26.15661001563922        591.3809780574311        3.341563137629615E19     4.478590865579934E14     3.235266306840255        6.289165867626609        203.09409509501558       8.9367151593587917E18
0.06097875457875458       0.012673469387755099     1.5729223937247122E15    3.3270500160339047       27.603468945498705       923.2267075796295        4.6302753875441295E19    1.5802129330121042E15    3.3249776106732893       27.03892808472382        918.3930983792771        4.612266505912085E19     1.5888150093566942E15    3.3226265111793816       26.40813194218061        913.2611281525617        4.592697106173317E19     5.085430792913795E14     3.2917994500218968       6.768967204960257        300.18944608155465       1.2952600108880994E19
0.058002197802197814      0.014326530612244894     1.6467799417606822E15    3.3738823087734997       27.766774727901424       1258.1784016349739       5.853068444042026E19     1.6549729282583622E15    3.371541637590059        27.203046717171503       1250.3647417243592       5.827778040118131E19     1.6645750772600058E15    3.3688823006982127       26.573096697393837       1241.9897360433845       5.799933625419393E19     5.5696194551229556E14    3.334243716241633        7.1278421046349765       398.0466791781653        1.692957410065156E19
0.055813553113553106      0.015887755102040813     1.670476954111337E15     3.4044507800878105       27.822485004527955       1513.8328517428802       6.685511842206656E19     1.679323381735162E15     3.4019159407348623       27.259613876783654       1503.457300961402        6.655251160353501E19     1.689629635318019E15     3.3990301860162613       26.630552923952493       1492.2706160066093       6.6215379479970505E19    5.83189942806637E14      3.3606715780130454       7.3275249711276675       472.0019276024686        1.9759996406991475E19
0.054412820512820516      0.01735714285714286      1.6352300088381462E15    3.4196457723209113       27.754390684288705       1642.6788996858745       6.936636433035923E19     1.644468319702529E15     3.4170172746018297       27.19263936848126        1631.021969809181        6.906107593275431E19     1.6551674171920122E15    3.414017168151779        26.564748225511135       1618.400649054845        6.8716509288660976E19    5.81113953219787E14      3.3732947193264335       7.347084481467997        508.6769309898495        2.077847300978788E19
0.0538                    0.018734693877551018     1.543274710508557E15     3.4220712139261025       27.558831560779385       1670.3340082760365       6.615116748262901E19     1.5526851414431225E15    3.4194464626333443       26.998682093171627       1658.7239428513003       6.5892391441988936E19    1.5635220034842702E15    3.416441272626958        26.372493612184545       1646.1073955343913       6.559537855186246E19     5.517371710531811E14     3.3747950204744472       7.1881557735711095       514.2161518760417        1.99537938350373E19
0.05304999999999997       0.0200204081632653       1.4132730844976598E15    3.4263222622858094       27.26045843274398        1640.139790200353        6.171999108005737E19     1.4231168356454478E15    3.4237224745636654       26.703397692049403       1629.8085997866428       6.1539160312461754E19    1.4343750133575805E15    3.420733663265865        26.08053857756403        1618.530283792298        6.132411579594294E19     5.130427281410496E14     3.3785761833516443       6.964194779069815        506.5512964792077        1.8983909303872758E19
0.05229999999999999       0.021214285714285706     1.241174703718463E15     3.4303518906449098       26.818177835908248       1540.307520954749        5.524906548452609E19     1.251745667020803E15     3.4278160137217077       26.266630629905137       1533.0480196841022       5.518581469118989E19     1.263744482395181E15     3.424884559408264        25.64973772586082        1525.05197980357         5.509667624963222E19     4.634647002124439E14     3.3829040109314095       6.645827597250866        480.4314071220128        1.7640816705747012E19
0.05155                   0.022316326530612236     1.0224299362366794E15    3.43404504875798         26.155144333991675       1330.6908164416986       4.638314880147647E19     1.034401097214952E15     3.4316247734547876       25.6148235690161         1328.8869110054188       4.649667958629298E19     1.0478845450662178E15    3.4288045828706073       25.01007730425726        1326.7349269034153       4.659939448650172E19     4.042283668090901E14     3.3878901235507413       6.212906003424596        418.97815578305733       1.5926415657904658E19
0.05079999999999999       0.023326530612244895     7.578734521239712E14     3.4371090673670888       25.126060789980368       968.0731526636184        3.4870849790612193E19    7.712679023805864E14     3.4348801213403184       24.606724961525625       978.1548693378204        3.5197569507447996E19    7.862826709658051E14     3.432249266764938        24.024598608108292       988.0003177959045        3.5534920645176914E19    3.370614929408684E14     3.393556665649146        5.631282004319432        295.96901334902793       1.3812522189980529E19
0.04995333333333333       0.02424489795918367      4.539058836682707E14     3.4398804726453966       23.320812885866456       433.9382728865127        2.0634746119285928E19    4.6940786126534706E14    3.437973128694111        22.86211139356107        458.2728771624754        2.1229675409084006E19    4.8643209947680294E14    3.4356611472582195       22.341757881279413       483.0081246199967        2.18550749468913E19      2.6714946146235572E14    3.4008046543495922       4.874692419072722        113.12214929479413       1.1420881323776063E19
0.04892842105263156       0.025071428571428564     1.8550217705450953E14    3.4413823648745283       19.86912951650932        -104.41484542665009      7.7747745855206912E18    1.9640892210235184E14    3.4400814131348385       19.5185856357714         -71.18476224581241       8.240520291608746E18     2.0915362039356547E14    3.4383669772242893       19.12142299642602        -35.894585600945476      8.7744009879857306E18    2.0410780497180878E14    3.4094659446274687       3.956827846737804        -123.02056595115312      9.0380947999971267E18
0.04772526315789472       0.025806122448979577     5.290064101332631E13     3.4382565933144633       14.45224999929399        -526.9645791148872       1.88508271854614784E18   5.779064784765743E13     3.438285490581683        14.243505576332987       -487.06531999018125      2.08438213577574221E18   6.373748536969862E13     3.4378452377398174       14.007407360179286       -445.2106058436816       2.3239068150759363E18    1.5185103082958525E14    3.417159146365745        2.8173263430958575       -328.3149713064948       6.8085744622691379E18
0.09958644688644684       -0.0017484374999999987   1.0809401490287914E13    3.073954236108868        11.144401593365167       -38.10958664118912       7.6303961124662672E16    1.1988450877171125E13    3.0756686993711577       10.941988725919442       -35.406476837033665      8.6306811343231296E16    1.3460595257446994E13    3.0773922479467544       10.715465883178467       -32.20892517757562       9.9018236731600144E16    7.424491243035178E13     2.885165585924131        0.525073139881847        28.134203197758335       2.54200345485795456E17
0.09739780219780218       -0.0034968750000000013   7.009459653240399E13     3.102923129938465        17.754789331835003       47.7883206742559         7.5494429075475008E17    7.345537943077858E13     3.1020412439184275       17.34121017141519        50.174975820065555       7.931485935011456E17     7.747920479323003E13     3.101073269349936        16.879961934583566       52.914665207489215       8.3870712018176883E17    8.610100397421312E13     2.9021622958119004       0.9724340452195571       23.29834491131325        3.1763441446104096E17
0.09442124542124539       -0.005828124999999997    1.9266585272030203E14    3.111959626119645        21.006350912985063       98.88932666544088        2.3621710760764006E18    1.9658279615347128E14    3.1105512776248476       20.496215156409516       99.094137330764          2.3914307536110454E18    2.0119468139299706E14    3.1089900903119805       19.927143933969184       99.30627869832792        2.4258603598535629E18    1.0107192252208781E14    2.919102382321408        1.4541277171144644       21.885646826334806       4.0720173766722829E17
0.09065677655677652       -0.008742187500000003    3.101924444887663E14     3.116712888503615        22.48295296294582        96.55888881406975        3.7400559408314004E18    3.1356804893992344E14    3.1150051216336596       21.943070005909323       95.90708619342006        3.7455062430511068E18    3.1761982995347694E14    3.1131023191778477       21.340965035831555       95.18464702976347        3.7543059744141312E18    1.1676935252187094E14    2.9339285744162353       1.890365768655267        21.37080559388956        5.1195114475957722E17
0.08610439560439563       -0.0122390625            3.886097203636746E14     3.12080496600299         23.179881199216116       92.0878563214007         4.6668854027612887E18    3.918991871939078E14     3.1189271660728135       22.632200384037176       91.62817578818098        4.6609271271711068E18    3.958919423187922E14     3.116833472475932        22.021313388332747       91.11949555560084        4.657612067825794E18     1.2892694406271455E14    2.9448633126975894       2.1940892538078667       20.88411787293574        6.02228124176368E17
0.08076410256410256       -0.016318750000000003    4.034837934685786E14     3.126631780619087        23.29122636889554        92.05532145389164        4.9437907077922591E18    4.068646377765448E14     3.1246670852493414       22.743234773938894       91.65971539346677        4.9358134649657661E18    4.1097583458376425E14    3.122480868322141        22.132037629541983       91.2292639154312         4.9306478604629361E18    1.316961069313398E14     2.9494542473727248       2.2670259089505986       20.023901816981283       6.3153991887125478E17
0.07463589743589744       -0.020981250000000007    3.2972561246661625E14    3.1341991021804803       22.653743519574313       87.98910796730613        4.2104923008784676E18    3.33286537778183E14      3.1322096154650487       22.113665643194665       87.56926552251741        4.2127988818280228E18    3.375754536332412E14     3.1300126726202895       21.511454418919687       87.12276674701818        4.2191336918714885E18    1.1997390436065814E14    2.9396771171398046       1.9810022450190754       19.52388215271276        5.4397336865496397E17
0.06929560439560441       -0.025060937499999998    2.0834456315289497E14    3.1417605954688756       21.214405896449367       87.1463274935638         2.83550757320653E18      2.119215510440515E14     3.139800408337998        20.694928139808052       86.47468969334733        2.8532343270210826E18    2.161751299045466E14     3.137671218880915        20.115877733060984       85.74395600523177        2.8763467878308378E18    1.0171002028335855E14    2.915164524904354        1.4814144418263533       18.13143903049764        4.0009741662055174E17
0.06474322344322345       -0.02855781250000001     8.895895519661084E13     3.145586230666043        18.543985029940828       77.54741269138043        1.28558452644966733E18   9.230669680543405E13     3.1439621771186617       18.089641211045034       78.3954193372465         1.32375602050393523E18   9.624859252035417E13     3.1422798129455565       17.582040987611787       79.29155565437654        1.36880163107890688E18   8.560976915606716E13     2.8805011183438256       0.9618153347218623       16.783265992959077       2.74465641986153568E17
0.06097875457875458       -0.031471874999999996    1.7396329294867846E13    3.124151806680207        13.239243064732454       17.079848458058187       2.0094037190313472E17    1.897090248303245E13     3.1245084684361237       12.96367967127153        19.28438596981864        2.21735773096528864E17   2.0898899433444266E13    3.1251626520096716       12.652327976067657       21.982434958615848       2.47709440757001728E17   7.477906138533942E13     2.842682603038142        0.549651890501602        15.702620557543533       1.9144160516134112E17
0.058002197802197834      -0.033803125             1.972766470654256E12     3.001628158832709        6.1619253170701285       -11.966213402625902      1.0421901355070864E16    2.260760555991717E12     3.012656564862425        6.037227707253857        -11.86796877608619       1.2801614884277588E16    2.6356675824812812E12    3.0251017947045025       5.899983349700294        -11.548311636589942      1.6124327278498438E16    6.8856041362514414E13    2.808328843131846        0.2876608488307777       15.246050800959573       1.43985678288557264E17
0.055813553113553106      -0.0355515625            2.9862048073557684E11    2.7593276082488853       1.0439594656658944       -6.338995966281745       6.257773747369374E14     3.5996482642524756E11    2.797072908147874        0.951803626906383        -6.596637306076542       9.48835228351318E14      4.436383147610374E11     2.837887594263329        0.8557714397509623       -6.8297332496259         1.485206774469455E15     6.63235754041033E13      2.781512308587889        0.1521786768403929       16.86117727044345        1.18445300089105664E17
0.09958644688644687       0.0011938775510204136    1.1687678874120338E13    3.072015070881362        11.40462259868896        -37.927022771585015      8.2228046853686352E16    1.2938141851587309E13    3.0735927488242103       11.195846774889045       -35.06781241907157       9.2748249304274608E16    1.4499360160043459E13    3.075171540213592        10.962844155979838       -31.711199320824484      1.06098553730040896E17   7.487476304431858E13     2.8948130074139          0.5577430208959814       29.967025395307722       2.72436919306672448E17
0.09739780219780216       0.0019285714285714266    8.362053991249706E13     3.095798242452291        18.336634872487178       51.305438684632804       8.770258699150743E17     8.725822682607766E13     3.095012638194584        17.9066593523158         53.62680198755314        9.172619699851296E17     9.160056800730555E13     3.0941388779015173       17.427240771640342       56.2875078766571         9.6502788077975552E17    8.908104133974936E13     2.9208424026465143       1.087314784179743        26.24688561256032        3.6721115381690368E17
0.09442124542124536       0.0027551020408163288    2.462174877519916E14     3.0996746761132052       21.776158180856008       96.74365376271663        2.8104883440527805E18    2.503748562881988E14     3.098511506981039        21.254423389317562       96.70815208593986        2.8391275150275405E18    2.553099358367606E14     3.0972054301984926       20.67279711044878        96.66276907362457        2.8732140979492403E18    1.106576440075448E14     2.9503389904017627       1.745755512951067        27.036541485070856       5.3320346297950138E17
0.09065677655677655       0.003673469387755107     4.3879298324797175E14    3.100324402613659        23.56411498008514        86.4142789326327         4.8064679801370604E18    4.4228629088232306E14    3.099015817725992        23.01417501367241        85.94284877770359        4.8110840279758756E18    4.4655081177074294E14    3.0975370105773252       22.400851086090874       85.4496161139667         4.8191742116463923E18    1.4135004034982144E14    2.982188873291082        2.4947263939014914       30.597236289791027       8.1248258094754099E17
0.0861043956043956        0.0046836734693877545    6.488450025385538E14     3.1046716500888483       24.77567526011109        90.09848119885086        7.1095236772751032E18    6.521619858764231E14     3.1033421754178687       24.216321737129377       89.94607795361915        7.0981256623020831E18    6.562618976314344E14     3.1018330108418732       23.591981013996865       89.81527408363236        7.0884918536202086E18    1.8318837736447847E14    3.0169116049514715       3.300160728066592        37.78079437916585        1.27190259762476365E18
0.08076410256410256       0.00578571428571429      8.757462795919898E14     3.1204170457642717       25.708715319112937       123.22933135912965       1.0284905769799231E19    8.791009260413546E14     3.1190973479706376       25.14485625253132        123.09486154307012       1.025798143043653E19     8.833062943095891E14     3.117592518021428        24.51527719069057        122.99194683017691       1.0231490529125622E19    2.3809263390377366E14    3.057777989219033        4.1341373354507365       51.62388781411724        2.04647920655547878E18
0.07463589743589742       0.006979591836734693     1.109730551324018E15     3.1562677559093264       26.454294883476546       198.4619567809981        1.5433131038553014E19    1.1135276458721642E15    3.1549324821088574       25.88867404550016        198.15861688203063       1.538882409959051E19     1.118278494787108E15     3.153403416535762        25.256949019377842       197.88822780554665       1.5343406237378611E19    3.071793631910066E14     3.1116854535483465       4.97283424685473         78.00316966684889        3.4554802589084339E18
0.0692956043956044        0.008265306122448982     1.29076898900405E15      3.206936692736304        26.940707119044802       341.49106610973683       2.2653438703912985E19    1.2953689799187218E15    3.205515576592919        26.37514964932969        340.639086129111         2.2588964765250822E19    1.301050935139562E15     3.20388450148863         25.743380604031238       339.7977611220802        2.252159407061547E19     3.73897912619396E14      3.1713674936990723       5.6497018931474265       125.05461941563368       5.5865923447659069E18
0.06474322344322345       0.00964285714285714      1.4300964792457375E15    3.2674397428538793       27.280920978429098       584.0385663158012        3.2767944430898377E19    1.4357613636770805E15    3.2658386621452076       26.716291709779483       581.8381882115159        3.2671882142223217E19    1.4426583817734762E15    3.264000399506555        26.085482291912367       579.5619909804146        3.2569874435041526E19    4.383822575558995E14     3.2350595402867786       6.224491591198925        201.01860364527107       8.736800608748628E18
0.060978754578754575      0.011112244897959181     1.5432524492105548E15    3.3285310020031504       27.541882051401192       921.107295313351         4.57555438695396E19      1.5500409149511495E15    3.326665897629803        26.978340827821075       916.4842736166945        4.560503846212195E19     1.5582135545128742E15    3.324525971618122        26.348690262883          911.6030764194682        4.544267481545349E19     5.011052947877399E14     3.2947531176572435       6.726354426190893        302.7142883138165        1.2915865978974857E19
0.058002197802197814      0.012673469387755106     1.6368956520941075E15    3.3787054800965093       27.74867104315797        1276.8835862888427       5.941517492794448E19     1.6446178694647558E15    3.3765577909814835       27.185854316512472       1269.1552902981969       5.918787611600812E19     1.6538453680174118E15    3.3740944549970533       26.55696335368363        1260.9093989924836       5.8939210501555356E19    5.579107222293402E14     3.3406622271161375       7.1408380968167355       407.86245007903887       1.7386792727402205E19
0.055813553113553106      0.014326530612244898     1.6966780126019848E15    3.4110969039838728       27.877513713029558       1551.7589736846235       6.9772418868944134E19    1.7050016865163775E15    3.4087266285719475       27.315058181815218       1541.200418254897        6.947394486550681E19     1.7148918009165932E15    3.406005782001953        26.686511768058644       1529.8592121792094       6.914344085680335E19     5.975437478773742E14     3.36839231572077         7.416888727596503        487.6816204598583        2.083011139429295E19
0.054412820512820516      0.01588775510204082      1.7018426578615948E15    3.4266852214363275       27.89244181560764        1695.5169883270894       7.416881134144084E19     1.7104733531765625E15    3.4241935833299886       27.33040487126116        1683.268647635019        7.383971836407777E19     1.720670511969306E15     3.421328306213652        26.70225287858221        1670.051994893335        7.3471153819556045E19    6.091771537819229E14     3.380854177953344        7.513173599508095        527.8212099549205        2.2353564252191437E19
0.0538                    0.017357142857142856     1.6466896813807128E15    3.4287466069653436       27.781735497554276       1735.0952824250464       7.2312797251165135E19    1.6553784922672212E15    3.4262338377447144       27.22041250368963        1722.4394364402588       7.200400631335053E19     1.6655851771936602E15    3.4233367639343575       26.59297888642221        1708.7299278200862       7.165389251168951E19     5.908419030312054E14     3.38164329089288         7.425384454285918        536.7562220118735        2.1831412965377184E19
0.05304999999999999       0.01873469387755101      1.5532595426413118E15    3.432607177279513        27.58432134915633        1726.6506905309257       6.930453762494851E19     1.562237637051683E15     3.4300929851298223       27.02478138060579        1714.465083556856        6.904558158331364E19     1.5726994376610312E15    3.427184260164342        26.399238123373824       1701.2158604485458       6.874608280620633E19     5.6203327020937275E14    3.384654434678085        7.276551190744076        533.7272817817316        2.1137103508014797E19
0.05229999999999999       0.0200204081632653       1.4178566810418315E15    3.436262580766346        27.274214635732495       1670.1164152263182       6.432136591515844E19     1.4273466096248168E15    3.4337814751357953       26.71793527585569        1659.5653431161259       6.414852340130387E19     1.438299856034196E15     3.4308976689826953       26.095895676528112       1648.0287996954978       6.3939656307761005E19    5.21091540221676E14      3.3881776189722954       7.043447784315344        519.0837495883161        2.0039150692416356E19
0.05155                   0.021214285714285706     1.2398882096464408E15    3.4396951639827273       26.81614960487044        1531.1258815730368       5.722183723431271E19     1.2501923773992748E15    3.4372883381119568       26.26563481781586        1524.188479918532        5.717545529403018E19     1.2619657616937075E15    3.434472800868003        25.649825298433583       1516.5003439525117       5.710221473912708E19     4.690290121160447E14     3.392339227459123        6.713455882124969        481.95249335117165       1.8551894790440927E19
0.05079999999999999       0.022316326530612243     1.0154997345826776E15    3.442742267614802        26.131608288091524       1282.5705929060919       4.7667532535192986E19    1.0273335297318538E15    3.440464690215499        25.59287950632444        1281.5755507725557       4.7809127727604015E19    1.0407259086049006E15    3.4377748214412907       24.989842917601216       1280.2347122827543       4.794068327856298E19     4.076283316771004E14     3.397199881454513        6.268756725052569        407.40551729845095       1.6689418027568167E19
0.049953333333333315      0.023326530612244885     7.491907584313868E14     3.446015189952584        25.082933390390505       904.4457565039511        3.5702999864330555E19    7.626877290112526E14     3.443946110556646        24.566631550317926       915.194676914108         3.6073976107742736E19    7.778186046041786E14     3.441463197624788        23.987568610815437       925.9258953868807        3.6456385113889882E19    3.3932586165845325E14    3.4037858734286095       5.682777906847607        275.9332299956967        1.450728113958964E19
0.04892842105263157       0.024244897959183664     4.485002901013181E14     3.449216745862134        23.266966453000855       394.0123731988472        2.1119647974038163E19    4.640104382452457E14     3.4474955554714724       22.81211294981813        419.14092584655566       2.1757892074667033E19    4.815659565315496E14     3.4453574476787954       22.299338782644153       444.7947459712053        2.2453201336365113E19    2.6969519641603234E14    3.4124488895650127       4.935967665910346        90.2750851339592         1.2086518432197423E19
0.04772526315789472       0.025071428571428567     1.861626487062552E14     3.450451394317568        19.84902895087172        -123.5381454192142       8.039014046094164E18     1.970626011353127E14     3.449364157953116        19.500915298111003       -89.26597792252463       8.5292733189847828E18    2.099214392719286E14     3.44785295214377         19.10832735873981        -52.97934777413842       9.0964574388234414E18    2.0685038890929134E14    3.421787906672369        4.027081764337972        -156.622127949476        9.591886384792818E18
0.046343859649122784      0.02580612244897959      5.43688198064621E13      3.446598686445936        14.481661799429085       -549.0844402200461       1.97782367595223091E18   5.935399114558468E13     3.4468603405716456       14.274040234892684       -507.3204921406693       2.18850601736327552E18   6.543464494051896E13     3.446645249795709        14.040315246326482       -463.44492050350107      2.4425014068143657E18    1.5423775172850222E14    3.429422438778108        2.8811029740244702       -357.77479406846317      7.1914663900564695E18
0.09958644688644684       -5.828124999999946E-4    1.1171366848287889E13    3.0732554305509456       11.253328681823467       -38.009252715681306      7.8768251895589968E16    1.2387706568099773E13    3.07477229637179         11.048362939460329       -35.2394926401242        8.898049741335224E16     1.3905495470197404E13    3.076305333244407        10.819102821258692       -31.973471070406745      1.01949887578674272E17   7.468889486858752E13     2.8921076498304004       0.5384803820955898       28.923946327738847       2.67303240723451808E17
0.09739780219780217       -0.0017484375            7.475282574520842E13     3.1003445600836295       17.966757987054883       49.18778495103501        7.9732206751284147E17    7.825232276157633E13     3.0993565117378767       17.54683603668204        51.54996287176328        8.3611662011497971E17    8.243614419054964E13     3.0982924163345595       17.078712220267388       54.26177312850099        8.8238083468674355E17    8.735972040409283E13     2.9119562255946216       1.0129473433642406       24.370322269795444       3.4190634677949357E17
0.09442124542124541       -0.0034968749999999965   2.0887456131263734E14    3.1076896049544773       21.259535471470777       98.61357607185992        2.4983105579913313E18    2.129987825327702E14     3.1062244453571934       20.745429692488305       98.72750623740578        2.5270798071068836E18    2.1785449167429225E14    3.104620811644603        20.17218017604661        98.84173511227743        2.5612715989174938E18    1.042210607687576E14     2.932366560691559        1.54467700442342         23.523151571822687       4.5346338747973734E17
0.09065677655677652       -0.005828124999999999    3.44829565040533E14      3.1109603502538112       22.812259901321667       93.91161312334664        4.0193839651900431E18    3.484407497793178E14     3.1092457756425063       22.268975839103305       93.31112828926578        4.0241149029091763E18    3.5276365245304656E14    3.1073557936504734       21.66316918094878        92.65559087541531        4.0324809649375124E18    1.2349819586801645E14    2.9515125230928336       2.0590619559453778       23.903352862291293       5.9830797799500134E17
0.08610439560439559       -0.008742187499999996    4.500921542236217E14     3.114275758269448        23.63589354751134        91.35487566655965        5.2076187033553971E18    4.536914321146972E14     3.1124430517660246       23.084570065329377       90.9916857300878         5.2003956903271629E18    4.5802488686348194E14    3.1104182491718944       22.469536404856747       90.5975557010903         5.1959464387324447E18    1.412476473652633E14     2.9679942171132465       2.471477050979672        24.652977380062392       7.5112737368507251E17
0.08076410256410255       -0.012239062499999998    4.9765884008504125E14    3.1203858313849278       23.94290883582304        96.1560091404943         5.8779365100462531E18    5.0141279605990475E14    3.11850671239168         23.390011507256673       95.85456865277821        5.8670347400038707E18    5.059395276534252E14     3.116431032321622        22.773174607959874       95.53092967588927        5.858931587022335E18     1.5067234148618538E14    2.979922356470786        2.6775609034107117       24.6673513083171         8.5605751775457178E17
0.07463589743589744       -0.01631875              4.509965867501657E14     3.1284278264877368       23.627585224114313       95.19928457222954        5.5327986659332106E18    4.549862342527705E14     3.1265588488924343       23.07890226153181        94.93915900784502        5.5302575927008543E18    4.5977083603480006E14    3.1245031995918486       22.46685844821856        94.66938800119627        5.5316486078618849E18    1.4345898407634866E14    2.980966354522227        2.533855976575968        23.95726664144085        8.1947455857316621E17
0.06929560439560441       -0.020981249999999996    3.0713928607796375E14    3.1350922862593995       22.421995240446055       85.55857531096635        3.9334590334795377E18    3.1110214422265194E14    3.133197701300809        21.886578477446925       85.23181105078902        3.9456710476322652E18    3.1581436283661E14       3.131138909576899        21.28959640247274        84.8966592891908         3.9632312367186575E18    1.1876463934137662E14    2.955392364252019        1.957013639641301        21.305919541048198       5.8823314720773914E17
0.06474322344322345       -0.025060937499999995    1.584417756219387E14     3.1404921665940972       20.351742616668048       79.34441119319328        2.15936729383690138E18   1.621158814620204E14     3.138667255202396        19.849250594848534       78.99849987250182        2.18674197986062029E18   1.6644350750818903E14    3.1367322864548957       19.28901285126884        78.60957493374877        2.22035307653428224E18   9.602298349496134E13     2.9159460594723687       1.3130590781327114       18.27801980213745        3.793888751579001E17
0.06097875457875458       -0.028557812499999998    4.50766559490426E13      3.136458093011982        16.393894322044638       43.48565454034664        6.081430981089271E17     4.779562849011286E13     3.1354293110118756       16.009283691863764       45.32522772364305        6.4374162561770598E17    5.103828084413348E13     3.134468668144686        15.578231954116593       47.42731394388876        6.864031014860736E17     8.050089832274117E13     2.871308814649674        0.777396156190924        16.228857826522077       2.44343494483951904E17
0.058002197802197814      -0.031471874999999996    5.093649222323939E12     3.0791582808712805       9.367224927687364        -4.2844159847039585      4.5291934712717304E16    5.712638677963994E12     3.0831963831535516       9.174443993969756        -3.304053129178518       5.2334622088658256E16    6.499977526014049E12     3.087882511919984        8.959670797899747        -1.981010491361964       6.1593059555208552E16    7.185597380974133E13     2.8297473621231197       0.42222270505107373      14.90107802318869        1.69822515508801568E17
0.05581355311355309       -0.033803125             5.3141169754234906E11    2.8711107607264674       2.5713151719147103       -9.601128914958906       1.5149942579251445E15    6.205531175866592E11     2.8952343112404675       2.4487134866929026       -9.853880962842823       2.0421943560937258E15    7.395270879502712E11     2.921591844161372        2.31954559324527         -10.058049225969562      2.837449204783215E15     6.796159562780376E13     2.7966320130224465       0.23110874827306915      14.513863407264129       1.31558304045284224E17
0.09958644688644688       5.510204081632635E-4     1.1506065535094447E13    3.072465960614212        11.351941833792537       -38.02404909224906       8.1010902215445488E16    1.274949349970623E13     3.0739342198191952       11.144541735144218       -35.194879627723566      9.1416475353560288E16    1.430119410425962E13     3.0754129173456746       10.912846798250566       -31.868867584008022      1.04624376506594224E17   7.493123493226842E13     2.8947245255906684       0.5509257474675605       29.590814894731814       2.72463605376219136E17
0.09739780219780217       0.001193877551020409     8.197403359253706E13     3.0965831255615286       18.270881333828186       50.92773439238625        8.6213133002879155E17    8.562466062146658E13     3.0956467100722547       17.842596078975806       53.26001505726076        9.0200293726951475E17    8.997889250231542E13     3.0946287640087884       17.365095310705374       55.93398454101947        9.4939336335760973E17    8.894910782071827E13     2.919833839139728        1.0739011847367534       25.922719589694445       3.6445582751504269E17
0.09442124542124539       0.0019285714285714258    2.4196375309887772E14    3.1004532596003855       21.720998677970336       97.02397739387574        2.7744293591283139E18    2.462395895522604E14     3.099129394056887        21.200034226089418       97.00320468328074        2.8027037728117238E18    2.5129002675280053E14    3.0976674288073522       20.61927874670105        96.97379817087285        2.8364406624717527E18    1.101627676502531E14     2.948719210306308        1.7234106110921998       26.67591655877723        5.2595020532737184E17
0.09065677655677654       0.0027551020408163253    4.316469014224437E14     3.100915902620396        23.51214248966673        86.96212980316565        4.7446060970924165E18    4.353677373834839E14     3.0994440648436354       22.962605033090806       86.48227022948505        4.7484003510881802E18    4.3985096384322744E14    3.097805904292407        22.34973891404953        85.9783576930519         4.7556751350630779E18    1.4028677811911675E14    2.980275675273657        2.4629511487422318       30.132294217508278       7.9793589812603968E17
0.08610439560439559       0.003673469387755107     6.380530737771255E14     3.1048572571359876       24.722369283907312       90.04558886093028        6.999310847365846E18     6.417201505020875E14     3.1033679386097672       24.16336119583009        89.88547706608338        6.986965313297918E18     6.461640038076942E14     3.1017028272817946       23.539443116388686       89.74470718271378        6.9764915412686111E18    1.8125312570270984E14    3.014867083331847        3.2585751569006822       37.100335718856236       1.24483525647974758E18
0.08076410256410256       0.0046836734693877545    8.600921760377132E14     3.119951832562353        25.650946489572334       121.63011747742628       1.0079199533824092E19    8.639280741696915E14     3.1184789739816074       25.087429674567897       121.49740944781968       1.0051571148970476E19    8.686043561555031E14     3.116825691877162        24.458261654115685       121.39493192737302       1.002457111583892E19     2.34840406732926E14      3.055584494872055        4.082007789454142        50.437115528711416       1.99592935723686656E18
0.07463589743589744       0.005785714285714288     1.0868187095595782E15    3.1548617483157186       26.386663430791902       193.21218259805687       1.5015065332161563E19    1.0912395337082488E15    3.1533840630820866       25.82145697286399        192.9401264541306        1.4971403678589262E19    1.0966031581177361E15    3.151719090988861        25.190225933380322       192.70292683339892       1.4927112107883162E19    3.018623242785849E14     3.1091782460569117       4.907280519546364        75.80493019861703        3.3542765726526213E18
0.06929560439560438       0.006979591836734687     1.2591624522569975E15    3.20475357955099         26.85929884400898        329.4324949712323        2.1881883366889316E19    1.2645143878972342E15    3.2032060662900306       26.294308123180862       328.6902110650333        2.1821786505399927E19    1.2709402121054985E15    3.2014578006587917       25.66320701059503        327.97034073769413       2.1759888227955462E19    3.6593574975182675E14    3.1688223265336757       5.569208945957638        121.32493459035275       5.4030284294273812E18
0.06474322344322343       0.008265306122448973     1.3889480310260802E15    3.2654235718695666       27.18387779733543        566.5298696188337        3.155789700036881E19     1.395504828494243E15     3.263715749749316        26.62007825930471        564.5680864001422        3.147421790564335E19     1.4032949115076235E15    3.261783277709728        25.99023617174361        562.5593036953821        3.138691484785624E19     4.276815800755588E14     3.2335642275779146       6.132009376703166        196.90984432546253       8.4664746848015462E18
0.06097875457875458       0.009642857142857147     1.4957960563228738E15    3.328632903368403        27.43686418572359        911.0005167810559        4.442804255677148E19     1.5036518512084088E15    3.3266710572764557       26.87449022498286        906.6981994030259        4.430103580855944E19     1.512911755101748E15     3.3244493005017155       26.24619227819379        902.1844343604574        4.416631133610487E19     4.894202369253959E14     3.296226373160862        6.63697439184152         302.5339039080963        1.2691561206034323E19
0.058002197802197814      0.011112244897959188     1.5962766458619732E15    3.3823678246587967       27.66324699199026        1288.156486592371        5.896195945381962E19     1.6052256695074605E15    3.3801121863211137       27.101728843683585       1280.7149247664784       5.876195403956161E19     1.6157222755859568E15    3.377555917409617        26.474346783721476       1272.815999210172        5.854602860008582E19     5.5048697337800325E14    3.3460295943343876       7.0858596955465565       415.51328856635877       1.7528541261852842E19
0.05581355311355309       0.012673469387755097     1.6837085246529158E15    3.4179330160281864       27.850872619183797       1588.85942676094         7.133412775441465E19     1.6933349959415202E15    3.4154272053834154       27.289430209763072       1578.3727331083019       7.104830487153665E19     1.7045922574563582E15    3.4125841260221956       26.66209132693662        1567.1573232474286       7.0735413680561865E19    6.016305559918581E14     3.3766636644237424       7.4303459897398          503.8926111386118        2.1649428711641588E19
0.054412820512820516      0.014326530612244912     1.7309720728825902E15    3.4343846659788806       27.94961044912442        1747.967729374929        7.78354206307665E19      1.7408451050203822E15    3.4317240030531133       27.38792097762465        1735.4917358681087       7.748946423858897E19     1.7523534869003742E15    3.428700049043702        26.76024052573494        1722.077599609458        7.71063319199112E19      6.284297380419859E14     3.3893234586261625       7.608549431639107        548.5044306688908        2.378340713160522E19
0.0538                    0.015887755102040813     1.717197889617928E15     3.4361038725214135       27.923826858652717       1797.999102519651        7.755561100341038E19     1.7269835856023082E15    3.4333942539053917       27.36207383498842        1784.649702571567        7.720096409868666E19     1.738348328940421E15     3.430308438050433        26.734245718542144       1770.238886541892        7.68041898805894E19      6.233003417954825E14     3.389268575454252        7.5955516487249435       559.0471781499664        2.3640542437544677E19
0.05305000000000001       0.017357142857142845     1.6630461888982475E15    3.43950427391984         27.81632525244024        1804.0789563549106       7.605808033219192E19     1.6729230615564285E15    3.4367660972070273       27.255393975587264       1790.647965392453        7.57246229300123E19      1.6843337893316658E15    3.433639748726792        26.628393848331456       1776.0964132627182       7.534667074555236E19     6.065308052019065E14     3.3913301552170987       7.522045046413188        559.5149932493475        2.3286192949020553E19
0.05230000000000002       0.01873469387755101      1.565799454072566E15     3.4426343135632163       27.61200710384683        1775.420982444428        7.2563641218249015E19    1.5759275264027668E15    3.439900648996375        27.052955912334237       1762.714719050209        7.228761087484549E19     1.5875517499802975E15    3.4367691930598587       26.427940291362546       1748.8934234759008       7.196814802473495E19     5.758158162749338E14     3.3938290068938772       7.366665420614433        551.5227646900598        2.2465154929654444E19
0.05154999999999997       0.0200204081632653       1.4255491205486875E15    3.4455915878316077       27.2920091130149         1687.5731586161535       6.700813181314059E19     1.4361380693074708E15    3.4428988014818582       26.736392291390107       1676.9165531042918       6.6828307770559635E19    1.448198037393376E15     3.439800820115966        26.115047563560232       1665.2459827911644       6.660997591099969E19     5.3259863375349275E14    3.396952475186671        7.125573010638296        528.652695717883         2.1226119003905855E19
0.05079999999999999       0.021214285714285713     1.2426728015970745E15    3.4483223480375456       26.821834910297742       1512.1696063885984       5.928855483114131E19     1.2539712460537765E15    3.4457138320180905       26.272161458754745       1505.6047382564402       5.924511365996907E19     1.2667355187652285E15    3.442694937392497        25.65719924191606        1498.2756259384223       5.9172564505853034E19    4.779959148638164E14     3.4007963997462345       6.785618214896506        481.4749252990128        1.9581939722625753E19
0.04995333333333333       0.022316326530612236     1.0139383014710651E15    3.4515970547626806       26.12229360415127        1231.5378229868916       4.927421564598381E19     1.0266596032033358E15    3.4491281331461914       25.584814059891485       1231.334761865117        4.943140865325308E19     1.0409612130321414E15    3.4462452310829486       24.98310604498752        1230.6953425440704       4.957815854745704E19     4.150834141470255E14     3.4064067689149247       6.339735168649048        396.2099779858892        1.7666341900537377E19
0.04892842105263156       0.023326530612244892     7.47226686395509E14      3.4553929786782924       25.066162350277853       849.077507813337         3.6955178898938405E19    7.61772346529501E14      3.453149646203439        24.553062191265077       860.2813094629055        3.737106226305036E19     7.777840369946515E14     3.450490127360658        23.976361868485917       871.789018261089         3.778929442295743E19     3.4610539795995825E14    3.4143107418450325       5.761233834606687        260.07500188723566       1.546575195842485E19
0.047725263157894736      0.02424489795918367      4.5006973921616025E14    3.458384220032086        23.264025537826623       365.43985271099405       2.1951819215982952E19    4.660642811419658E14     3.456511525357484        22.811008043372794       390.64102508368364       2.26279679975672E19      4.845025970649476E14     3.4542203645911895       22.302752012687726       417.3579771189576        2.3381858633698537E19    2.7653790056116134E14    3.4236763892045134       5.031580142855536        70.20870142485559        1.2968511940660748E19
0.046343859649122784      0.025071428571428567     1.8980031055822028E14    3.4588270326370054       19.885909358177315       -136.4799285670402       8.4289550806298593E18    2.010160982915407E14     3.457607864643549        19.538874209743714       -101.20654121122803      8.9466160171464858E18    2.1432190297416834E14    3.4559663087988217       19.148926772246163       -63.52570509501994       9.54947812957123E18      2.1255643476058538E14    3.4330420332596936       4.125121456233382        -184.75922374448302      1.0267792421866207E19
0.04478421052631577       0.02580612244897959      5.647757915821286E13     3.453824371378129        14.549094084789411       -572.7332078272533       2.08919957656728371E18   6.1671379826552664E13    3.4539630260610243       14.342251001416297       -528.8172821647058       2.3122585355276964E18    6.8005401180663945E13    3.45362854642162         14.109650554797177       -482.5726223210644       2.5813326178915589E18    1.5838718103708822E14    3.4401315144456994       2.9615280837534597       -379.71431066048734      7.6208236870489149E18
0.09958644688644688       -1.0574874309554615E-18  1.1343006465847371E13    3.072684360359769        11.30492119643631        -38.016865976801334      7.9886402102541744E16    1.2566153227879162E13    3.074312364310452        11.098719808599848       -35.21703766836599       9.02061290023788E16      1.4092620759742092E13    3.0759435013952325       10.868197363469987       -31.920806179043787      1.03303896413298224E17   7.462340780810402E13     2.8907338412097503       0.5450673571749792       29.267144103707757       2.64599222336830496E17
0.09739780219780218       -5.828125E-4             7.770146010987131E13     3.098573900766314        18.095123792318162       49.97112107616289        8.2329330073311718E17    8.121556813169325E13     3.097748339001369        17.67159983253654        52.32309531061661        8.6257846753783667E17    8.54206269468915E13      3.0968337273622173       17.199527977134643       55.02204956504914        9.0934950800636582E17    8.779426847075817E13     2.912212353239543        1.0384795946639716       25.01659825101421        3.4378673434254445E17
0.09442124542124539       -0.0017484375000000015   2.2029691297501044E14    3.104774909560296        21.427380126375255       98.22267552128815        2.5917014166694958E18    2.243581504596999E14     3.1035069885581033       20.910874104429332       98.28393642606628        2.6207081175186237E18    2.2916344560468956E14    3.1020900358648476       20.33497290198393        98.34291136312146        2.6550618412177608E18    1.0601780896402684E14    2.9351185827149036       1.6081100405577728       24.65965966959116        4.6840081513279373E17
0.09065677655677654       -0.0034968749999999987   3.7102016862975075E14    3.107122118587566        23.04115275506304        91.86269436961075        4.2301852867374387E18    3.744690609931885E14     3.1056400483872895       22.495854724217647       91.3012081326685         4.2355081881991552E18    3.786462263920676E14     3.1039752621571552       21.887756591274456       90.69541391078982        4.2442717114081178E18    1.2819142756197739E14    2.9576601164173213       2.185202371980366        25.84595551851345        6.4300505460361933E17
0.08610439560439562       -0.005828124999999997    4.998308654517784E14     3.1102401424493418       23.96265114163875        90.89308643981653        5.6547994053733652E18    5.0320690327419794E14    3.1086753554972506       23.409055116812976       90.59661702917249        5.6478575657524756E18    5.0733942325032606E14    3.1069141906655244       22.791398073433097       90.2841680668578         5.6433420361267405E18    1.5111245175881566E14    2.97879986571159         2.6915374979518134       27.903153793518705       8.534677242164288E17
0.0807641025641025        -0.008742187499999996    5.796635099486986E14     3.117469754835952        24.418347249422368       100.63820768460681       6.7326344249371341E18    5.831966287388904E14     3.1158892429441427       23.862453957790546       100.39955038374895       6.720856058131243E18     5.875363344024996E14     3.1141093018837447       23.242134008066472       100.15042441941807       6.711358529846187E18     1.6797126831536575E14    2.9975076954240505       3.0257851702788168       29.745060962483787       1.05084099930759232E18
0.07463589743589742       -0.012239062499999996    5.651413859812355E14     3.128054800167217        24.33082826848897        106.4510915036212        6.8926764923425229E18    5.690560851456011E14     3.1265203950057208       23.777546478431553       106.25705976502198       6.8886070500804966E18    5.738236124552886E14     3.1247959455189034       23.160162440409167       106.06508699863718       6.8879865056825446E18    1.6766662285798706E14    3.008848191668976        3.0291091333023146       30.03795805663277        1.1144424734001769E18
0.0692956043956044        -0.016318750000000007    4.304967167772421E14     3.134058161390532        23.472125624359066       96.22412627181401        5.4174593550231992E18    4.346315563075484E14     3.1325729137186533       22.927600706451486       96.10788553200265        5.4295964107542968E18    4.3960115815634556E14    3.13091770136437         22.32016662354763        96.0072975480449         5.4469989416980531E18    1.42721254389326E14      2.9948211089871655       2.534706750865658        27.07304204877903        8.7922271996692403E17
0.06474322344322345       -0.02098125              2.4329257280096903E14    3.1351568015456026       21.685970304368528       75.90146841111186        3.1228871044291087E18    2.4721723691294344E14    3.133682429482888        21.162566517360517       75.73744249721427        3.1486896873357916E18    2.5188046980302303E14    3.132072106046164        20.579041431085415       75.5901216967431         3.1808896907447322E18    1.1010222334000925E14    2.951762069579738        1.7420705721774004       21.770841546383135       5.3429479884453082E17
0.060978754578754575      -0.025060937499999998    9.125137746524086E13     3.1339576443366384       18.62242965862326        50.92055705281023        1.20904348255856051E18   9.47338577834869E13      3.1327919009290404       18.168083907020407       51.66112361399335        1.24710664761504128E18   9.882148224494239E13     3.1315774678144526       17.660202316757204       52.46499964996648        1.29189919783123456E18   8.770232219648219E13     2.899911119228583        1.0513082565845049       17.93004107561852        3.1544562139682586E17
0.058002197802197814      -0.0285578125            1.301501763599099E13     3.1093002136405556       12.487146280524371       3.0904407448987645       1.48670336645847584E17   1.4302999619802088E13    3.110600929514755        12.219332701364362       4.536187382179536        1.65260842225088544E17   1.5894182995558686E13    3.112132861539518        11.917832884466776       6.298783841724969        1.86009541058299328E17   7.513599824488053E13     2.850424363594691        0.5749590126852974       15.922144875533412       2.006676844638456E17
0.055813553113553106      -0.03147187499999999     1.0631903380988832E12    2.975275261836297        4.746366297662369        -13.08135443338425       5.605010353639456E15     1.2243873784053894E12    2.9900872652325625       4.605162843538896        -12.995962187714792      7.037852977720486E15     1.4364394999546606E12    3.0059694140629136       4.453320350806977        -12.79728848940989       9.046841071752348E15     6.929053873988071E13     2.810339493365164        0.3093826879109213       15.066618029157532       1.44541574571442368E17
0.09739780219780218       5.510204081632633E-4     8.046482454803955E13     3.097218565386054        18.210045094950093       50.62496121085178        8.4831709162432269E17    8.4036064173446E13       3.0964102891646585       17.783384782838333       52.95679620847792        8.8801956864847501E17    8.830499059574767E13     3.095513689788134        17.307758105785748       55.63165267323092        9.3522851194591603E17    8.840088949403642E13     2.9163890815226265       1.0616283417840497       25.623752966080882       3.5491400886257235E17
0.09442124542124541       0.0011938775510204102    2.379302635085123E14     3.1011673037390026       21.668658693839188       97.25303738802738        2.7403233693663206E18    2.4206059487641203E14    3.099969829615271        21.148532608778865       97.24397993185633        2.7690192990463181E18    2.4695980566614028E14    3.0986279792423272       20.568685464930255       97.22767148921949        2.8031511445078154E18    1.0918179052014694E14    2.945797691560662        1.7025812006483378       26.32143965839188        5.1271784409463616E17
0.09065677655677652       0.0019285714285714236    4.246307135578867E14     3.101474182646951        23.461641007525035       87.51042332083429        4.6835733860909937E18    4.281210760249326E14     3.10013348623718         22.91260650407273        87.01957378123853        4.6883599357536236E18    4.32373443981257E14      3.0986207521149973       22.300292550325477       86.50224663935663        4.6966177792442491E18    1.3860497211946698E14    2.977666332085394        2.4324171117894813       29.672620297569757       7.7710027517249216E17
0.08610439560439562       0.0027551020408163244    6.271265043006656E14     3.1050157909906164       24.669300450903332       90.06921308561881        6.8868744012074148E18    6.304757730545846E14     3.1036636193743776       24.110744256797283       89.89938634678316        6.8765382047905434E18    6.34612901630827E14      3.1021307539537917       23.487350885370436       89.74660099937894        6.8681802026454671E18    1.7848457358213922E14    3.012353127165755        3.217442323600158        36.42248430101397        1.20944199608350822E18
0.08076410256410252       0.003673469387755107     8.438007996178504E14     3.11945741130198         25.591882062382478       120.13527224656471       9.865694722280745E18     8.472265450894171E14     3.1181285793204188       25.02882340952867        120.00209882979061       9.84158030360497E18      8.515075700307182E14     3.1166154352022777       24.400175238758745       119.89790940348817       9.81828652551546E18      2.3040734641491325E14    3.0529782438956823       4.028724256028341        49.2326292902963         1.9321336204766615E18
0.07463589743589742       0.00468367346938775      1.0623382914028908E15    3.1533510638837354       26.315297962077803       187.96197051320087       1.4573161015121252E19    1.0662610074063505E15    3.1520310024541187       25.75062745921474        187.71514635968822       1.4536043945627998E19    1.0711485983301096E15    3.150521375209426        25.120006561621473       187.50466383351997       1.4498775623998253E19    2.947958606505119E14     3.106198420362473        4.8376531977948405       73.47252186149598        3.2280973654537661E18
0.0692956043956044        0.005785714285714284     1.2241678150347542E15    3.2022028302156818       26.76952641097212        316.50519959949975       2.1029806386504806E19    1.2289733479924832E15    3.200835364787321        26.205242883067733       315.864866961021         2.098205738534269E19     1.234881516238221E15     3.199267361343984        25.57494649756905        315.25748431275576       2.0933606962089103E19    3.553338103771858E14     3.1655369666138142       5.479161921013454        117.01019857827151       5.166183105016873E18
0.06474322344322345       0.00697959183673468      1.3405578052278258E15    3.2624946947054654       27.069052406251398       544.4643448205624        3.008358108568909E19     1.3465723157356878E15    3.2609975622397256       26.506276483222386       542.7629388540038        3.0023481986363445E19    1.3538584124631502E15    3.2592794814490036       25.877597366055625       541.0434461130748        2.996219046610953E19     4.127077633397387E14     3.230820178414417        6.019582918845593        190.922405367284         8.0704676325820447E18
0.060978754578754575      0.008265306122448978     1.4331312282194272E15    3.327262360157442        27.296226682573355       892.9037189100504        4.239311530394732E19     1.440524960809963E15     3.325538143354382        26.735376371512068       888.990062544942         4.23079803677875E19      1.4493804283161622E15    3.323560765645135        26.108808010804854       884.9138772312592        4.221990315002394E19     4.7040542387972775E14    3.2961045303625034       6.510175727395402        299.4792211695062        1.2192799333725317E19
0.058002197802197814      0.009642857142857144     1.5277279237519152E15    3.384607971103159        27.517436604575234       1291.1420901095617       5.715688945480444E19     1.5363287324691378E15    3.382593888128707        26.95786429266079        1284.1296386936237       5.701600403661683E19     1.5465625701722955E15    3.380286543295107        26.332693044373464       1276.7290768666362       5.686652397366023E19     5.3118433151045975E14    3.3501803765168203       6.972164104271126        420.4703246676002        1.7205807892973244E19
0.05581355311355309       0.011112244897959183     1.6295376985035292E15    3.423920316703126        27.74206808956708        1620.3049339698673       7.1036253741155434E19    1.6388584053956385E15    3.4216376516309075       27.182497661695315       1610.119685148817        7.080914370475051E19     1.6499222068368078E15    3.4190234814152993       26.557302282423866       1599.2807840352293       7.056317900806952E19     5.889965007663885E14     3.3845050494640283       7.365846286996479        518.3712208984205        2.1862516653704065E19
0.054412820512820516      0.012673469387755102     1.712997376437103E15     3.4427024106447788       27.91647105918071        1802.568699607232        7.987384215611367E19     1.722507982231265E15     3.4402350823371566       27.35608218964746        1790.0610226044491       7.956290817157975E19     1.733784620087147E15     3.4374076196895706       26.729925096172554       1776.665735389222        7.922141811072221E19     6.297339997079208E14     3.399002077988562        7.623015056072134        569.7823905107552        2.4721770045673103E19
0.0538                    0.014326530612244896     1.7453467333281102E15    3.4442818091029284       27.98178270423507        1861.0953971632441       8.148523681947252E19     1.754650137062133E15     3.4417334643494657       27.420520829295917       1847.4349260432296       8.11321647980922E19      1.7656610495411345E15    3.438808983847128        26.793314550791482       1832.735402165835        8.074014179257157E19     6.403105570298536E14     3.398192522102529        7.694013321627335        582.3322639297843        2.507557321705094E19
0.05304999999999997       0.015887755102040806     1.734846674782509E15     3.447269478231001        27.963141709007758       1877.8609731755162       8.17119754282883E19      1.7441230653017542E15    3.4446646324827697       27.401869406595083       1863.6379146184631       8.134797482174018E19     1.7550534875215995E15    3.4416692158397333       26.774566492696188       1848.275765581623        8.093925073620214E19     6.376205131103395E14     3.39932210001176         7.69801780525644         584.682423735548         2.513819722321908E19
0.05230000000000002       0.017357142857142852     1.6787182918238102E15    3.449807434554939        27.852461827411613       1867.7862106969803       7.979652339806008E19     1.6881076071025552E15    3.447180311743188        27.292032836389765       1853.622709439125        7.945809252147384E19     1.6990983934337975E15    3.444150976965029        26.665572399281675       1838.2720553242307       7.90725635271498E19      6.196238359968828E14     3.400745664545509        7.620423372821198        581.0195086919151        2.4668773842603307E19
0.051549999999999985      0.01873469387755101      1.578064239874179E15     3.4521522480150018       27.642222398307105       1813.1896562889635       7.579384638390265E19     1.5877602761214662E15    3.449537453858012        27.083756413188198       1800.0581971300596       7.5519685508169E19       1.5990111495359162E15    3.4465112901973622       26.459357906467645       1785.7680249537061       7.5199722294728E19       5.871307335443906E14     3.402755458018622        7.4590826086296795       566.6205953588485        2.3714152426257388E19
0.05079999999999999       0.020020408163265304     1.4336631192328728E15    3.454364036521047        27.31413718318332        1694.274680125744        6.96660373019122E19      1.4439070877091852E15    3.4517995707645657       26.759261630845952       1683.5881075486345       6.949667137394524E19     1.4556656596453702E15    3.4488169370072446       26.138673742711962       1671.8674875043562       6.928662894226272E19     5.418386843385634E14     3.4055025181515193       7.210679134167403        535.703135354634         2.233059003107639E19
0.049953333333333315      0.0212142857142857       1.2476777257884758E15    3.4573336318939942       26.83711085879471        1484.1777840228726       6.162334793867688E19     1.2588124599224455E15    3.4548611859952154       26.2885854966535         1477.9922866254333       6.160206292577206E19     1.27140026860768E15      3.4519653520359244       25.67465015476255        1471.0420334754665       6.154752844349155E19     4.862231742568116E14     3.4100231802655174       6.872487908308232        479.86888769762857       2.0662748567975326E19
0.04892842105263157       0.02231632653061224      1.0170873175107395E15    3.461211586704421        26.132246093602777       1178.7836020905042       5.132259236537761E19     1.0297414836012591E15    3.458890609178336        25.596155197309738       1179.3288516011964       5.15112056695518E19      1.0439330296439214E15    3.456142432913878        24.99560915353904        1179.2623364928922       5.168490756787198E19     4.22856165707242E14      3.4168743405597928       6.43472571606397         386.8956085996158        1.876766536128732E19
0.04772526315789473       0.023326530612244892     7.516610308970579E14     3.464882367923985        25.082485226719783       803.0298311264968        3.860369011627106E19     7.66552629556264E14      3.462806670892628        24.57236438079864        814.5604998629269        3.90774880799557E19      7.827308118124759E14     3.4603013954108848       23.997684715927456       826.4967036199637        3.9543143672708784E19    3.53646842789511E14      3.4254576826128624       5.867522975214451        249.94815336897972       1.6515241278285457E19
0.046343859649122784      0.02424489795918367      4.56829795025318E14      3.467094550986009        23.306364692512602       346.8762951523151        2.3054722413818946E19    4.7298397029266544E14    3.4654106627620043       22.854762187349515       372.0733145990957        2.378103352524858E19     4.917356636929271E14     3.4632968911546964       22.348750762970678       399.36226100652016       2.4595684189489148E19    2.8376617239388425E14    3.4348367190897457       5.1513239196343195       55.93193275799715        1.3872883346723195E19
0.04478421052631577       0.025071428571428574     1.9532694921394788E14    3.466272682297407        19.964906232829918       -145.41578936591657      8.8987462807006003E18    2.0675967012677825E14    3.465260673459041        19.618630075307443       -108.91024906360573      9.45090447004962E18      2.2035532937523447E14    3.463817751735827        19.22989594337688        -69.74832414156157       1.0095029671828392E19    2.1790644347650403E14    3.443633361250154        4.236718085858455        -203.16473200944927      1.0887673292572885E19
0.04304631578947368       0.025806122448979577     5.892139437045414E13     3.459737098207698        14.639790423849274       -597.5584053946519       2.2070948188680937E18    6.428868500498972E13     3.4600893905130494       14.433645553099321       -551.2467573040785       2.4438826082256666E18    7.082524274077758E13     3.4599608063896325       14.201405355756533       -502.42610979235036      2.7291833499505608E18    1.6286476355735534E14    3.449843900846449        3.0679096226172735       -378.18940774840837      8.0139466630204764E18
0.09739780219780218       1.762479051592436E-18    7.914998100032648E13     3.09801575573211         18.15541086220347        50.2738813522438         8.3689224968968307E17    8.274122905690845E13     3.0970609616289964       17.730196314171092       52.61509844773456        8.7635363035746214E17    8.703087708979178E13     3.096027858086436        17.256227318510696       55.30072932278969        9.233466283207255E17     8.834145661053494E13     2.9172811809137578       1.050479555998438        25.34401040104526        3.5670535042918989E17
0.0944212454212454        -5.828124999999979E-4    2.275954735921571E14     3.1033577948297464       21.529037792249824       97.86581264335663        2.6545869000148951E18    2.3181921138573944E14    3.101979992445328        21.010956793419975       97.89418178176079        2.6832527191269499E18    2.3679852854476728E14    3.100466053892565        20.433330083152587       97.91890452003084        2.7173799077704648E18    1.076055081445772E14     2.942818560716758        1.6473039670170688       25.349300206354346       4.9696696991009581E17
0.09065677655677654       -0.0017484374999999993   3.896984897950045E14     3.105036496993542        23.193551037296544       90.37223855634159        4.3884985293834102E18    3.9338593564200306E14    3.103466091305945        22.64680893872323        89.83333201090844        4.3931130017592632E18    3.978139318818509E14     3.101728095413534        22.037097800764197       89.25648611611828        4.4013499195968051E18    1.3212972382824688E14    2.9682342264936885       2.2724656396020353       27.18344155070651        7.0305385823881011E17
0.08610439560439562       -0.0034968749999999987   5.3815842825281375E14    3.1081598607679823       24.191864068115162       90.57854204987164        6.0172205332799181E18    5.4184726102051325E14    3.1065284399525934       23.636583039903755       90.32100143048858        6.0086658320894126E18    5.463058941936261E14     3.104717597592325        23.01700961994881        90.05814196463267        6.0027086230942003E18    1.5959357062903947E14    2.9931241924845966       2.8551452146620604       30.42092166623158        9.7466697564530586E17
0.08076410256410256       -0.005828125000000003    6.479861461957986E14     3.1167971063450604       24.764895651154525       104.86741286438115       7.4922970502688471E18    6.519080007086091E14     3.1151678830519725       24.206812686384733       104.66345659480307       7.4773457593724047E18    6.5665581079266E14       3.113356816135494        23.58396747505056        104.45926638826518       7.4647474288421837E18    1.8392362719447894E14    3.017480037977719        3.30326158565519         34.33502415452308        1.28041552756473958E18
0.07463589743589742       -0.008742187500000002    6.696386918706466E14     3.1311532467121292       24.8598637441161         119.19431991639439       8.2773806998474844E18    6.740569502865241E14     3.1295889184187886       24.303400713522485       119.02912816785955       8.2691316004027259E18    6.793702499337235E14     3.1278512206962614       23.682334721717258       118.87566201663765       8.264391636944425E18     1.927646258635707E14     3.0384684714133625       3.4610413072414765       37.2553493505438         1.49784259813255296E18
0.06929560439560438       -0.012239062499999996    5.533352444889691E14     3.140370383192978        24.253169905277392       115.06798688090893       7.1489017947745853E18    5.5811099981457856E14    3.1389130594077765       23.70331792219969        115.02608315781325       7.1601176623033221E18    5.637988081475994E14     3.1373024008914334       23.089736376206872       115.01564899084252       7.1770633452540887E18    1.7091177735718125E14    3.037516793398028        3.0928760303432767       35.45031131518014        1.32079743881200666E18
0.06474322344322346       -0.016318750000000007    3.538776810552076E14     3.1384233433118225       22.847108120101634       86.68853789100754        4.5452119466523284E18    3.5856929458139894E14    3.137079970100727        22.312242220202737       86.82390757791849        4.574989130960066E18     3.64112400598746E14      3.1356147701988366       21.715648551047494       87.0109876496187         4.6121451377654917E18    1.3214687915168475E14    3.005013132773403        2.301426585676415        28.21256706753738        8.5952502371933184E17
0.06097875457875458       -0.020981250000000007    1.5351355378983503E14    3.1306302701429116       20.239961581470467       49.81276140866612        1.93250104101236378E18   1.576183676841016E14     3.1294425363958234       19.747648077072917       50.26953176155214        1.97123055283392998E18   1.6245017603280072E14    3.128185376499647        19.198763989302158       50.793091365589184       2.0175420498186985E18    9.832874561369964E13     2.9448227473652855       1.399825992440316        21.164164819539916       4.5863380516787334E17
0.05800219780219782       -0.0250609375            2.9930196257394605E13    3.1152043361696284       15.141533102797883       4.655276935444444        3.5868253449166016E17    3.226346430601269E13     3.1152960972177954       14.803790744435807       6.058542628377268        3.8702802120878131E17    3.501854032145629E13     3.1154570355798663       14.418983858125399       7.679136459661801        4.2058112161459629E17    7.983975189645556E13     2.885159896525651        0.7637393035468868       17.539845336220452       2.63077998848329312E17
0.05581355311355309       -0.0285578125            2.257959350881993E12     3.0336393763628062       7.167777783453265        -20.131986229027852      1.7705209509273508E16    2.5804557678768315E12    3.0426226706832793       7.002477183306984        -19.64702288329854       2.128084513947084E16     2.9985431539579326E12    3.0520452410046532       6.820530947623224        -19.002663251116445      2.6061405152056528E16    7.112264246294275E13     2.836047526490049        0.3968469711241307       16.369431373693033       1.73744748103151392E17
0.09442124542124539       5.510204081632676E-4     2.3430112863390534E14    3.10195331435256         21.620270305422583       97.50597360188684        2.7104347171700152E18    2.3855247590202584E14    3.100603899590351        21.100831992035104       97.50900867216455        2.7390097160856151E18    2.4356838549300797E14    3.099117231148314        20.52173067389944        97.50681225190296        2.773049274191574E18     1.0880614886800847E14    2.9455427156035445       1.6832419427590295       26.00260476935743        5.102691108086761E17
0.09065677655677654       0.001193877551020408     4.1819560223599406E14    3.102074428957304        23.413724997760422       88.06232807717484        4.6284813781872978E18    4.219119894910092E14     3.1005781279151905       22.865056201559433       87.56417242476955        4.6327574811184722E18    4.26383234212217E14      3.0989150739443394       22.253162648608004       87.03789128744654        4.6405495804103997E18    1.376799931859029E14     2.976469138217607        2.4032981971949536       29.250314968524165       7.6684729570201267E17
0.08610439560439562       0.0019285714285714264    6.169512669251425E14     3.1052503103025053       24.61771593904123        90.10237742251003        6.7843505094639432E18    6.206398372258932E14     3.103739524183953        24.05947430640989        89.92531163318459        6.7731846496679905E18    6.251095408142131E14     3.1020525755922117       23.436466043697127       89.76314443949653        6.7641069434416323E18    1.7666931371812206E14    3.0105508864450936       3.177224759582964        35.76929419818682        1.18563220111061888E18
0.08076410256410257       0.002755102040816326     8.283558581526214E14     3.119071215434275        25.533079949481902       118.68071658701041       9.667741330938343E18     8.322421212563448E14     3.117586174725554        24.970345242384116       118.54723885260603       9.64280970228687E18      8.36972126927561E14      3.1159214374415183       24.342085184527882       118.44106269805177       9.618862225534884E18     2.2714812692547847E14    3.0507333922380533       3.9752045880367115       48.035707833490484       1.88280869015725312E18
0.07463589743589744       0.0036734693877551058    1.0385903698318746E15    3.1518935780994357       26.242439568103777       182.84733170515128       1.4150109828550662E19    1.0430984874224794E15    3.150428158372099        25.67817198144213        182.6222773985857        1.4113352943562422E19    1.0485583183019422E15    3.1487791128265847       25.048031724393173       182.4340952636922        1.407683218356104E19     2.8910221232539944E14    3.1033091635206076       4.7657492319238886       71.11022128018877        3.1210146447848694E18
0.06929560439560438       0.00468367346938775      1.1891896689196735E15    3.199480572626193        26.674931328182304       303.29542491062193       2.01785836774072E19      1.1946824672477768E15    3.197985799389964        26.111225455217227       302.7529227061444        2.0134737771799167E19    1.2012648053180758E15    3.196299084552134        25.481608269266445       302.25150356782945       2.009108757270331E19     3.4607046642594094E14    3.161951045720756        5.382812926920006        112.37442459198485       4.947662900257538E18
0.06474322344322345       0.005785714285714281     1.2901085038734672E15    3.2588776595996043       26.942364374133522       518.6984776610127        2.8508078959714927E19    1.296915772931691E15     3.2572802862448063       26.380515927235002       517.2764241474456        2.846056259845983E19     1.3049861046988135E15    3.255474632653369        25.752911265141286       515.864837454574         2.8413912033624105E19    3.984791775955577E14     3.227157273976571        5.892559664993961        183.36484297867284       7.6665054127940659E18
0.06097875457875458       0.006979591836734691     1.3627963636308628E15    3.324457767989553        27.128103427577443       866.5264214236987        3.991029196318712E19     1.371150768670303E15     3.322663620073579        26.56882527958837        863.0752649976836        3.985587612499717E19     1.3809744650111482E15    3.3206333256168117       25.944059512604902       859.5136505750422        3.980292926028617E19     4.50275139247844E14      3.294398094640359        6.352730385614568        293.4756765668274        1.1590144561507547E19
0.058002197802197814      0.008265306122448982     1.4403110538952478E15    3.385194207609542        27.318284319276735       1285.2484849696891       5.4260738555381055E19    1.4501253605418145E15    3.3831192681758937       26.761057833833757       1278.8157722669719       5.417485646685175E19     1.46160710962883E15      3.380770080885422        26.13855654307216        1272.0723009351761       5.408801499579048E19     5.072876371448625E14     3.352838868175591        6.806464170346262        422.58181101339153       1.6623696470830774E19
0.055813553113553106      0.009642857142857144     1.5426584266428098E15    3.428744504290787        27.55514410602238        1644.3022695412658       6.9017789735011836E19    1.553397823629211E15     3.4263841400123796       26.998150385567975       1634.6973286899092       6.88572524487938E19      1.565942989763728E15     3.4237104474440545       26.375896801892445       1624.5373262541957       6.868767427511998E19     5.675903915693189E14     3.3915814792956738       7.2306573053772505       531.1900915657611        2.169018745698945E19
0.054412820512820516      0.011112244897959188     1.6510984322694458E15    3.450506662682354        27.790161331334062       1852.8854399888917       7.989852367980724E19     1.6620984239327122E15    3.4479321090110364       27.231883712768486       1840.7444682285343       7.963929593879873E19     1.6749465941457698E15    3.4450132143591645       26.60816791347464        1827.8084859630985       7.935877947754211E19     6.183657431609669E14     3.40864249613575         7.551704559509972        591.3196244390258        2.5219105851342578E19
0.0538                    0.012673469387755099     1.7271715258824495E15    3.4532972960614803       27.945429880498008       1927.8785975897706       8.386924035884078E19     1.737898230504319E15     3.4506087785090007       27.38543512112794        1914.1569284511927       8.353321518977353E19     1.7504176620938142E15    3.4475571814923214       26.759735437138424       1899.4496651201905       8.316446565351032E19     6.448352150496279E14     3.408426994548711        7.70804640923306         607.7253824914699        2.6252645595132658E19
0.05304999999999997       0.014326530612244894     1.7651024294368725E15    3.4560451400704166       28.021598982983754       1951.559851524642        8.613982819926981E19     1.7756892368849338E15    3.453265780283107        27.460740865829877       1936.9245587821742       8.575600534042365E19     1.7880142725595832E15    3.4501058659792285       26.833998812459217       1921.1687839382025       8.533009358620662E19     6.588850144563096E14     3.4085733633368362       7.798736217403051        611.0366040875635        2.685457981664578E19
0.05229999999999999       0.015887755102040806     1.7547436499412562E15    3.457959495157416        28.003263584333613       1953.8747446383006       8.601014093128385E19     1.7652781222724292E15    3.455127894970853        27.44235758287599        1938.78367194283         8.561700140237665E19     1.7774913385431145E15    3.451901893355552        26.81547152836078        1922.4776787418457       8.517581474636014E19     6.557380419592831E14     3.408750262347919        7.800858846657138        609.584388413233         2.680884435275978E19
0.05155                   0.017357142857142845     1.6968678714177082E15    3.4595450300724693       27.88993459692038        1921.2794677008578       8.363359458840637E19     1.707476095124509E15     3.4566969875895763       27.329884205741354       1906.478170147207        8.32710701959719E19      1.7197050847803728E15    3.453443677693516        26.703845452827462       1890.430167098787        8.285823747762853E19     6.364792415859985E14     3.409400022395255        7.719279915541059        600.1459890544663        2.6204558652151108E19
0.05079999999999999       0.018734693877551018     1.5931146046463285E15    3.4610196212218898       27.674725396991686       1840.2720900626555       7.909179173368168E19     1.6039770426389855E15    3.4581912688918854       27.116700220471714       1826.8182947335824       7.880137891414937E19     1.616409106768904E15     3.454949392612398        26.492779469274694       1812.1682143218854       7.846229493394093E19     6.021380627054429E14     3.4107763256876282       7.552444057056531        579.2475701486213        2.509737952002667E19
0.04995333333333333       0.0200204081632653       1.4464808084731055E15    3.463402715259587        27.343833765034514       1690.0045954252857       7.272444228255873E19     1.4578704675849412E15    3.460629321362766        26.789588546250545       1679.399861773223        7.254882680218982E19     1.470790608115593E15     3.4574357325274265       26.169666252720454       1667.736576285593        7.232989977704912E19     5.561225787314904E14     3.4139519304738144       7.308672063927636        541.1307139973085        2.3701630072047112E19
0.04892842105263157       0.021214285714285706     1.2590225843494885E15    3.4669635847022082       26.86598263870511        1447.0312317849357       6.45179628530631E19      1.2713523666678728E15    3.464289387905346        26.3185683583128         1441.2862254347647       6.4507113233369235E19    1.2851724656179262E15    3.4611896381234133       25.70581961486424        1434.7561398144246       6.446143808522412E19     5.0027301104176225E14    3.419486365561219        6.982127194979432        477.60408809822525       2.2083023353495904E19
0.04772526315789472       0.022316326530612236     1.028143834530298E15     3.4707433270430332       26.165001496481082       1126.7998741428814       5.38492029874769E19      1.0418896630122254E15    3.4682354933868274       25.630230671955307       1128.0319000391542       5.406193665277804E19     1.0571215195332255E15    3.4652989311345594       25.030767022344154       1128.5115435847038       5.425431605466664E19     4.3599989002089406E14    3.4268720525883754       6.553552283110276        380.7282948576945        2.0144453900945674E19
0.046343859649122784      0.023326530612244895     7.638388195889224E14     3.4736360733586746       25.130646855674666       765.6310911647381        4.062472292452251E19     7.797462578207421E14     3.471393548752089        24.622155177553374       777.3789904504794        4.114072866922872E19     7.969021039693369E14     3.4687207505085107       24.048774334808602       789.512961356658         4.164397614904428E19     3.65744924003192E14      3.4354129511490266       5.9968016406724605       243.38211371316987       1.7761771054414447E19
0.04478421052631577       0.024244897959183664     4.6845315721234606E14    3.4745269563413483       23.382810914054524       334.9231793144262        2.4353452200206565E19    4.853446652496142E14     3.4726962060249593       22.931817069897296       360.2992808300615        2.512700603136209E19     5.049302291118333E14     3.4704372811606055       22.426537153721426       387.8591586066435        2.5994966164144964E19    2.9402643544224656E14    3.4441992765022493       5.285497386870129        45.379518920181084       1.487068763315982E19
0.04304631578947367       0.025071428571428574     2.0242784687638038E14    3.4719964730552704       20.06959927530896        -151.91064860145713      9.405121646698373E18     2.1436308220625444E14    3.470855353639311        19.723646492337277       -114.00916737516641      9.991130557771022E18     2.2852532001120662E14    3.469286758331822        19.33494632313607        -73.34632945908464       1.0673844122564284E19    2.245618592105798E14     3.4520929449033          4.346858960353861        -200.12112615971745      1.1505507502203757E19
0.04113017543859647       0.02580612244897959      6.163614695200406E13     3.463591129187941        14.739375539428867       -622.8596756052978       2.3201641529841864E18    6.72641335228195E13      3.463817892542597        14.53392783047901        -574.0502161837229       2.569500607391956E18     7.410569139892911E13     3.4635678040397266       14.302052592901696       -522.5240028472526       2.8695917653728333E18    1.6769659939347575E14    3.4572003420984885       3.1596370840011274       -379.3407292862654       8.3635558076020869E18
0.09442124542124543       3.524958103184872E-18    2.310614755102497E14     3.102453089496597        21.576881767373          97.66259280241405        2.681688158919934E18     2.3516624970973053E14    3.1012292529350693       21.058134700874692       97.6791158963719         2.7104621515360138E18    2.400292621898002E14     3.0998582855938865       20.479777449501924       97.69164349027888        2.744607390433578E18     1.0794394259169331E14    2.9412652139724704       1.66619700419217         25.70324281080955        4.9396169377736621E17
0.09065677655677651       -5.828124999999993E-4    4.013824849699418E14     3.1035866624503017       23.286220321644553       89.45675807458869        4.483036447773911E18     4.048558588284884E14     3.1021889015719206       22.738726939982268       88.93711655037669        4.4880141423272719E18    4.090772550792689E14     3.100613060812566        22.12815714091338        88.38386857202144        4.4964130169629164E18    1.3405779680487516E14    2.968410288136139        2.3271308961568358       28.032864028550097       7.1402851237448064E17
0.08610439560439559       -0.0017484375000000022   5.652618731697746E14     3.1067683584323165       24.345563809912733       90.41409901978638        6.2717644633841183E18    5.686428156681074E14     3.105327380773363        23.789293146886664       90.18901842297313        6.2633648039389225E18    5.728034371673461E14     3.103697544117831        23.168564740664152       89.9660993649499         6.2571823111552287E18    1.6501110596491112E14    2.9960955801771196       2.9692628285526754       32.274463704236844       1.02436861227178125E18
0.08076410256410255       -0.003496875             7.010268381931168E14     3.11676941866902         25.011266595882248       108.52415379158829       8.099349383482666E18     7.045781467581088E14     3.115343031745325        24.451789053052945       108.35141009413093       8.0834334177354865E18    7.08970904802199E14      3.113725663806985        23.82730768255276        108.18743713096808       8.0692551177607916E18    1.9590169190963472E14    3.0249437382484055       3.5116090540613976       38.22198772752784        1.41914793167362125E18
0.07463589743589744       -0.005828124999999998    7.59689181491765E14      3.135166492452652        25.255988649891655       131.99812971346543       9.566967719730428E18     7.637939258956146E14     3.133810557239807        24.697400093769375       131.85585939309115       9.556115542503635E18     7.688265991836791E14     3.1322708011217046       24.073846664781225       131.73469919309264       9.547994102017303E18     2.1475415012510088E14    3.054225924434306        3.8134112063056373       44.52263386120916        1.81095060032538906E18
0.06929560439560437       -0.008742187500000002    6.719351506477371E14     3.1501634670612773       24.861640461738396       139.1047386012164        9.0824714224679199E18    6.766672462556808E14     3.1489394493045837       24.308339741955635       139.0990426316696        9.0934039325260677E18    6.823767796659136E14     3.1475508008329274       23.690738720966422       139.13811999388358       9.1097656673056553E18    2.0006752300048475E14    3.066560605970836        3.602099898079323        45.92423246449192        1.79588835715279437E18
0.06474322344322346       -0.012239062500000003    4.7006878377357506E14    3.1507857263499615       23.729694182081182       111.25309233851104       6.3758789874488269E18    4.7508612983707125E14    3.1497641658428455       23.188177667675326       111.53837278273241       6.4125280166068716E18    4.810458020784775E14     3.1486120201304075       22.583862404023435       111.89923902919978       6.4572657602484572E18    1.582892938750583E14     3.0485907513670893       2.8768236782982695       38.174514734602994       1.29531019503487334E18
0.06097875457875458       -0.016318750000000007    2.3826321642152525E14    3.136986166493779        21.599602314671127       58.487387266312474       3.0385275602306888E18    2.4315219809769656E14    3.1362018806531973       21.0892465565156         59.21594900012296        3.0885834191120164E18    2.4890201158616728E14    3.135334465662531        20.519928383427164       60.06739945450735        3.1477621946522476E18    1.1440573045616772E14    2.995362344043688        1.8798043071694432       26.793622946498978       7.0631368359639821E17
0.0580021978021978        -0.020981250000000003    5.901260284471935E13     3.116013583567895        17.257800565477126       1.925059149114424        6.9252301011593638E17    6.235754214677649E13     3.1159867492672073       16.857338660704446       3.4093958397978428       7.3122679541438272E17    6.625024649140395E13     3.115961957609031        16.405261707057132       5.0816459542301216       7.7622067080739405E17    8.596328285430338E13     2.9227223618799822       1.009270179523239        20.059126036757426       3.533015685754713E17
0.055813553113553106      -0.025060937499999998    4.758722695947875E12     3.058761589306508        9.507344573725312        -32.55219328838548       4.3201043966324688E16    5.38387108668247E12      3.0646523362960916       9.311492813177045        -31.624352841718267      5.0388555833047096E16    6.18147201604559E12      3.0706977378785147       9.092907715175608        -30.496201738100325      5.9676240979583584E16    7.307395588950533E13     2.862049182136522        0.5050561799195417       17.985552916042245       2.09327722710601472E17
0.09065677655677652       5.510204081632674E-4     4.122760259489718E14     3.102539779457855        23.36949765648999        88.51083079625408        4.5763039785839549E18    4.157567826675019E14     3.101167759429441        22.821267211040677       88.00283533239474        4.581105122306431E18     4.1999218209910644E14    3.09962087739646         22.20986249372435        87.46398090313562        4.5893539804963466E18    1.3618556500697434E14    2.972932336944233        2.3767857152813714       28.838025405050494       7.4378106577568307E17
0.08610439560439558       0.0011938775510204078    6.073073301899E14        3.105455884110243        24.568909672017185       90.10520010108836        6.687003901271124E18     6.106709491983938E14     3.1040741648161876       24.011072749954607       89.91704066589735        6.677200124640639E18     6.148229830400375E14     3.1025097653758955       23.38852742916831        89.74088844935146        6.6694991683231508E18    1.7415398254109884E14    3.007566469591521        3.139565409489047        35.13003477531556        1.15014746744943808E18
0.08076410256410252       0.001928571428571427     8.133135399913171E14     3.118682022403886        25.47616427670846        117.38490766240999       9.475474522574967E18     8.167851398369642E14     3.117337420301366        24.913852505284442       117.2473218432645        9.45344254224553E18      8.211126495551271E14     3.1158080975799964       24.286072342757834       117.13523285374265       9.432505058167054E18     2.229823907617599E14     3.0478527729194815       3.923741665581164        46.8905048953164         1.8209676880515159E18
0.07463589743589741       0.002755102040816326     1.0150077709002664E15    3.150403531426885        26.170343820545213       178.1297913320662        1.373245869730174E19     1.0190153761953684E15    3.149093760456311        25.606582988151274       177.92042983323526       1.3701400116373434E19    1.0239922388415055E15    3.147597357615643        24.97701923502935        177.74791952529586       1.3670937674339445E19    2.8219152815343394E14    3.0999360080174068       4.694687258306204        68.81651648739556        2.9961599568072305E18
0.06929560439560437       0.0036734693877551084    1.1539068089783882E15    3.1965975521005303       26.578978656093383       290.3584896371784        1.93253619595385E19      1.158847833087619E15     3.1952789208686214       26.01596049774162        289.90294028493986       1.929204234415623E19     1.1648990560955442E15    3.193768039924193        25.38712422965639        289.49537508757703       1.9259789897631506E19    3.3520334056975206E14    3.1577871774487107       5.2848220356532          107.64999352932605       4.6993441313199647E18
0.06474322344322345       0.004683673469387743     1.2381830039076278E15    3.254688099798353        26.80939531557032        490.7161565482548        2.687204100597533E19     1.2444324692140682E15    3.2533010493586705       26.248602074416855       489.55935713304666       2.684499519631243E19     1.2519685971834595E15    3.2517093446122916       25.622191521091942       488.4413008038948        2.682079783971963E19     3.819493401554482E14     3.222511166670326        5.757955155055886        174.6659381536719        7.1979897249815388E18
0.06097875457875458       0.005785714285714287     1.2873300382832802E15    3.3202386929131507       26.940892650315213       831.6963779943286        3.7099467644059E19       1.2952145658364088E15    3.318701230732651        26.38344118698692        828.7577212659454        3.708656333602177E19     1.304604293188597E15     3.3169362071000963       25.760737409216492       825.7607761782454        3.70795743256572E19      4.2618280502773406E14    3.2909544069859873       6.174164396826818        284.2567858253219        1.0815646754266819E19
0.058002197802197814      0.006979591836734686     1.3381357929716708E15    3.383834137009617        27.072884041587685       1270.2214162741964       5.038811573361058E19     1.3477013631424938E15    3.38204522806855         26.518689615564938       1264.4343480149546       5.037838235145541E19     1.3590005224556605E15    3.3799937564850593       25.89959926393968        1258.4130199103197       5.037635261867302E19     4.7594045631072725E14    3.353625800057046        6.597456567083576        421.33007825395555       1.5667421044895457E19
0.05581355311355309       0.008265306122448983     1.4269926783944975E15    3.431962628912047        27.292351171939142       1660.3658048576358       6.523235996566275E19     1.437674145426583E15     3.4298838670955605       26.73909536877926        1651.5400205773333       6.517806083903926E19     1.4502589456965485E15    3.4275030452987254       26.121039465231597       1642.264642770279        6.512713317945464E19     5.341028440089812E14     3.3975114564626008       7.031585222866403        541.5590320429542        2.093985621584417E19
0.054412820512820516      0.00964285714285715      1.5480364281563035E15    3.4573961809699063       27.57202623506167        1897.8119504037686       7.77054281124599E19      1.5589784945167985E15    3.455078512560043        27.017091469929497       1886.3000178654038       7.75518554509254E19      1.5718943803687068E15    3.452425357094017        26.397162127794974       1874.1049185689371       7.739036652739658E19     5.906205394941172E14     3.4179789087517416       7.403356280820413        611.2316183560705        2.502996579885692E19
0.0538                    0.011112244897959185     1.6595530802414652E15    3.461942446519945        27.811165790939103       1992.177628509286        8.397128164109009E19     1.670101253395389E15     3.4594793241611095       27.253569342289886       1978.8104553585383       8.371197992491639E19     1.6825808600204395E15    3.4566590124739025       26.630620132007774       1964.5497388784895       8.34310085042591E19      6.296090641063266E14     3.41896018535558         7.634793386299645        633.3006663227451        2.67199292853031E19
0.05304999999999998       0.012673469387755097     1.7431514869403022E15    3.465935168990948        27.981368044855564       2029.742387676903        8.881814028232945E19     1.7534310170833605E15    3.463348119806372        27.42199670863588        2015.030458383212        8.847394849233448E19     1.7655952112571898E15    3.4603832972409077       26.796997595861235       1999.248549096476        8.809535924480888E19     6.602271972243475E14     3.419703625525931        7.813495890148256        639.7821654299858        2.806089777800186E19
0.052299999999999985      0.014326530612244898     1.7837539155101795E15    3.467376145741588        28.062159196063185       2039.5734773268914       9.081670061321871E19     1.7938440843785388E15    3.464703010148712        27.50181876200612        2023.9830644471717       9.042337066427906E19     1.805758852626447E15     3.4616347920422452       26.875653450031933       2007.1882168503887       8.998562535672919E19     6.746086362470811E14     3.4186697422856325       7.904606178515458        639.0750802666938        2.8566445075136487E19
0.051549999999999985      0.015887755102040806     1.7736253434647918E15    3.468166892402461        28.044384895041393       2020.9744596957942       9.028334305414075E19     1.7836493212376132E15    3.4654478509608726       27.483956302371958       2005.0993265719326       8.988297523809534E19     1.795431876351449E15     3.462320217038493        26.85759530099029        1987.937178671602        8.943196941810582E19     6.709012194139081E14     3.4179314341385907       7.904650991010829        631.9722409444602        2.8394910365933576E19
0.0508                    0.017357142857142856     1.7142115572281852E15    3.468766969405034        27.92889894251548        1965.3319595356675       8.741614750399088E19     1.7243287356980045E15    3.4660390621459274       27.369334809279117       1949.9815297758628       8.705127499964663E19     1.736138251783951E15     3.462892194951762        26.743821243619653       1933.3290913238477       8.66335284691388E19      6.503956627931459E14     3.417861645657028        7.819184572912837        616.7654755034696        2.764597274039332E19
0.04995333333333331       0.018734693877551015     1.6098194676739698E15    3.4703683443372912       27.7142478821966         1857.378531175491        8.274249608488663E19     1.6202894357945112E15    3.467663971300998        27.156825349771882       1843.6875374592294       8.245591165566609E19     1.6323951343147328E15    3.4645321475887108       26.533541324980437       1828.7647371475587       8.211799231507875E19     6.161668696871651E14     3.4196040672757877       7.659446082309891        590.0274903640698        2.6556070903000965E19
0.04892842105263157       0.0200204081632653       1.463077820994896E15     3.473337413931282        27.386013507390114       1673.650876809429        7.635172637880658E19     1.4742410871107242E15    3.470693226987072        26.83260726734057        1663.226894065777        7.618986022325805E19     1.4869937111419002E15    3.467614545415294        26.213547226981174       1651.7310752570463       7.598187382970823E19     5.70886641752626E14      3.423709546842463        7.430213364753561        544.9741459453213        2.5253926976234136E19
0.04772526315789473       0.021214285714285703     1.2754119315244655E15    3.47681846247355         26.912033885893614       1402.2795418581034       6.78628060055547E19      1.287684523886518E15     3.4742862715967826       26.365713160631476       1397.0181052121661       6.7878628619625005E19    1.3015205482957498E15    3.4713146178732512       25.754126551802045       1390.9414386283534       6.785831361695156E19     5.1493527238548344E14    3.429706199100992        7.115572696511422        474.82090689466827       2.3636338724122067E19
0.046343859649122784      0.02231632653061224      1.0451063420130346E15    3.479836575015992        26.220982837056713       1076.987286231742        5.671897272325216E19     1.0589552312851378E15    3.477489339864795        25.6874929956241         1078.696362380854        5.697145054416438E19     1.0743113123211748E15    3.4747006371175746       25.08922434689677        1079.6337842964613       5.720086088393622E19     4.50113923995867E14      3.4370038669026464       6.698320005922796        376.79367957300855       2.1609299179851882E19
0.04478421052631577       0.023326530612244885     7.809759620012228E14     3.481388864714216        25.20481315770302        734.0886918526451        4.28570130422591E19      7.970577777487679E14     3.4793283636398624       24.697223788082546       745.8239242802429        4.342096563270085E19     8.144762358298186E14     3.4768264942046154       24.124948007121024       757.934127223211         4.397441462554096E19     3.7821319637876806E14    3.4449196400031616       6.146936657960968        239.27799199793577       1.9011680746214654E19
0.04304631578947368       0.02424489795918367      4.82491585682852E14      3.4805098025570564       23.48117434147337        326.4293047188395        2.571188052161801E19     4.997361692497629E14     3.4788825856104335       23.030817486120256       352.0048840447795        2.654238158181061E19     5.1970399531162E14       3.4768184609204513       22.52582820370823        379.7017926781433        2.7470779104394826E19    3.032188622862408E14     3.4527059436594394       5.424444953505608        39.06604107153852        1.5760466112665629E19
0.04113017543859647       0.025071428571428567     2.0988927427376388E14    3.4759275259592695       20.184380797707604       -157.12420163555439      9.885696439865391E18     2.221448064223717E14     3.475010756252019        19.83891559923904        -117.78645222596437      1.0507878198213818E19    2.3666174858603388E14    3.4736590645427277       19.45013162567976        -75.56724877839754       1.1230901593524417E19    2.3118050331740006E14    3.459522819370868        4.4747210449815          -199.1911603767868       1.2055489012813148E19
0.0390357894736842        0.02580612244897959      6.4265891985887055E13    3.465430360303636        14.834122255646795       -647.9027342866717       2.413314972739734E18     7.008054586613769E13     3.4658876522358764       14.629572310918464       -596.5829203796117       2.6742403090180828E18    7.713847772282292E13     3.4658629126902363       14.398152686714248       -542.2971389969792       2.9879007416494152E18    1.7118419458398884E14    3.463672808349533        3.2428745156141505       -372.8144441623441       8.6015501945393316E18
0.09065677655677658       -7.049916206369744E-19   4.0709949779610606E14    3.1031944924627064       23.329857907293988       88.97807249188986        4.5353144451348347E18    4.108091841135428E14     3.101671157674566        22.781925824625777       88.46398490009813        4.5398347710244536E18    4.152689205645636E14     3.099981916520701        22.170867464981832       87.91776482589273        4.5479490565763727E18    1.3553033614452912E14    2.973853004256196        2.3529526451765004       28.479622703150305       7.4404751146589581E17
0.08610439560439559       -5.82812499999997E-4     5.82646695382363E14      3.1063088930919434       24.43933186497815        90.2828061050013         6.4466599183873485E18    5.863528667201454E14     3.104753483778078        23.8823441877724         90.06875695417176        6.4369905603630684E18    5.908395274722908E14     3.1030229348031058       23.26079787687772        89.8605749858086         6.4297471112927508E18    1.6921714843132612E14    3.0043403433966827       3.039966840883397        33.42921793489049        1.09832964568943014E18
0.08076410256410252       -0.0017484374999999993   7.395705974848024E14     3.117347363837807        25.17790351737684        111.33266465288749       8.5654282297061315E18    7.43524076849051E14      3.1158112098537996       24.617357537917314       111.16953577223443       8.5465468648494602E18    7.483213217058492E14     3.114097925847867        23.991646685085534       111.02089057566067       8.5295588134702971E18    2.056234096354373E14     3.0367719389914107       3.6566332025051986       41.07266677867381        1.58505331840301645E18
0.07463589743589744       -0.0034968749999999974   8.32629442183372E14      3.13930732022581         25.543491504910445       143.59436627588013       1.0691517914316591E19    8.372220540408939E14     3.1378359598575503       24.983246257731594       143.4456071569091        1.0675012234844817E19    8.427571201519154E14     3.136192884101802        24.357780318713697       143.3236213334927        1.0661253825327114E19    2.341728833561616E14     3.0726197995342144       4.082103137799502        50.84916933094969        2.1687804311083415E18
0.06929560439560438       -0.005828125             7.806661586491211E14     3.160890356491891        25.332985332451162       165.83460694455954       1.1092751928642556E19    7.860223350445126E14     3.1595481356375816       24.7770239735062         165.81326307995212       1.109865720547594E19     7.924032190055751E14     3.158050632763566        24.156350822974794       165.84511845865552       1.1110219901782663E19    2.2959681064266622E14    3.0967412879190443       4.03599961455404         57.273011757393476       2.3975341261100483E18
0.06474322344322345       -0.008742187500000005    5.904678579361845E14     3.168759191392973        24.441318941101354       147.66709946988715       8.7030944951283876E18    5.963035535402845E14     3.167664878884237        23.895178013263887       148.0187367671794        8.7443131247061484E18    6.031752741204758E14     3.1664492873909866       23.285545812471067       148.4643215331843        8.794972367882581E18     1.8944128715087147E14    3.0954417572699184       3.4406092843064213       51.87168442067218        1.96481603600072115E18
0.060978754578754575      -0.012239062500000003    3.3277117409121006E14    3.1548973946869134       22.630050511171437       83.23054870074341        4.599673246494313E18     3.386172597358902E14     3.154143673298825        22.10834148392915        84.26401217015027        4.6636740373867622E18    3.454131060835176E14     3.1533195866541077       21.525800249981298       85.45127552566291        4.7385914631712092E18    1.3566203664550202E14    3.0543237046345406       2.405109382689762        35.937927187644405       1.14310041164066765E18
0.058002197802197814      -0.016318750000000007    1.041545369537325E14     3.126533581322431        19.00572309005345        3.3287711614571016       1.26297965642947379E18   1.0855505461035188E14    3.1264128453167546       18.559621962012393       5.255659882760538        1.31527262657843379E18   1.1382417103811878E14    3.1262979544836207       18.06383556578662        7.394801835314969        1.37800709294771507E18   9.616215127122094E13     2.982527312020973        1.3546649246315008       23.94048352870882        5.5353903167756134E17
0.055813553113553106      -0.020981250000000007    9.410210098164805E12     3.0721102914346554       11.603527469426338       -50.432337914966666      8.9077256403904912E16    1.053175460479791E13     3.076093701778123        11.373086787514799       -48.84989064270256       1.0165270789571536E17    1.1947372461325416E13    3.0801891421397074       11.116269978914959       -47.02467365471434       1.17627977708561584E17   7.615356047631022E13     2.9051430562231872       0.6414438135972301       20.280554539228454       2.82507930420429248E17
0.0861043956043956        5.510204081632616E-4     5.986387878099014E14     3.105775814598584        24.523899121428784       90.19547841795621        6.6032567439921193E18    6.023418014663796E14     3.104244304376949        23.966324890166057       90.00526741355534        6.5930605654813911E18    6.068264050183942E14     3.1025369580347686       23.344096681834458       89.82633432646477        6.5851349496828744E18    1.726924387842934E14     3.0071926420660007       3.1047303935211263       34.58784952889083        1.13828455681213811E18
0.0807641025641025        0.0011938775510204095    7.995585976645459E14     3.1183847126536333       25.422373396180397       116.2987923877217        9.30248897967428E18      8.034814976497629E14     3.116891252220025        24.86034165100035        116.16235092116465       9.280051550033383E18     8.082496433159886E14     3.1152189704083266       24.232899157424143       116.05068245104619       9.258910238114994E18     2.2014928683103156E14    3.0463154765150713       3.874953173877892        45.86497627314924        1.78358523618550554E18
0.07463589743589744       0.0019285714285714242    9.931602907004505E14     3.149042478218383        26.100734226378155       173.74861584200804       1.3350950847286053E19    9.977247400781454E14     3.14758617694521         25.537332701073343       173.55584681903795       1.3320005505473124E19    1.0032444972708958E15    3.145949563209942        24.908198436333777       173.3997758120678        1.3290005893914706E19    2.7695891168791475E14    3.0972508505012564       4.625708962092839        66.66952850645819        2.9017352814091284E18
0.06929560439560438       0.0027551020408163205    1.120741842379253E15     3.193797796759337        26.484366545172975       277.8751044959019        1.8532401706642526E19    1.1263121135669038E15    3.192345846949372        25.921879262307336       277.49830585042696       1.8501605844172775E19    1.132976444776426E15     3.1907096929156045       25.293667483749246       277.1749840202019        1.847255823998793E19     3.2631926509627E14       3.1539024603384624       5.18752282968997         103.00432169659548       4.4917621649047752E18
0.06474322344322345       0.0036734693877551014    1.1884644381708608E15    3.2502309271480248       26.674829085387916       462.1542268289674        2.5299994884750852E19    1.1953977817445278E15    3.248741363870306        26.114926162731848       461.2381344665599        2.5282479306762654E19    1.2036014352952565E15    3.24705897839867         25.48954583678478        460.38506644930135       2.526931182662037E19     3.6753207725221744E14    3.217558338672236        5.620163132284852        165.4119467464592        6.7748494251541381E18
0.06097875457875458       0.004683673469387748     1.212655757018325E15     3.3148725515920847       26.742493864815938       788.0909321978144        3.421456495493615E19     1.2213343401676178E15    3.313278591310969        26.186789246376016       785.7467670726858        3.4228660733619864E19    1.2315113844538222E15    3.3114748777018868       25.56607734290486        783.3957417377351        3.4252224726181945E19    4.036847888316718E14     3.286170079741815        5.981677116307548        271.80641591502746       1.0042367852223162E19
0.058002197802197814      0.005785714285714283     1.22975546171892E15      3.3804152824288867       26.788923771404043       1245.5313025200078       4.589837510860603E19     1.2403931385888435E15    3.3786092543460504       26.238129211271072       1240.4074475165578       4.595187898797262E19     1.252789148062859E15     3.376563465117955        25.622878058768645       1235.1313610470922       4.602097346847269E19     4.439376275384305E14     3.352412781200741        6.351927096701986        416.5617392034045        1.4563001432938953E19
0.05581355311355309       0.006979591836734691     1.2914502743069202E15    3.4331799310987994       26.952651231118214       1668.546332323267        5.992658960034849E19     1.3036004703313232E15    3.431084762803603        26.404333127385662       1660.6433498291808       5.998106883194381E19     1.3177046620143492E15    3.4287111397958943       25.791782396286255       1652.402180975073        6.005145624804757E19     4.962689157422715E14     3.4019205508492134       6.772476882351486        549.3242655322837        1.985399388383116E19
0.054412820512820516      0.008265306122448987     1.4120643827660015E15    3.462944634009988        27.25663917544675        1936.6026322929833       7.335722066516659E19     1.4246753683579015E15    3.4605852267833113       26.706494815601907       1926.0928533626322       7.332779133031316E19     1.439345689467313E15     3.4579119648622667       26.091954311255705       1915.045120313558        7.330582262637702E19     5.548332713913395E14     3.42661806665896         7.181240607449073        630.8923940164094        2.439805646424925E19
0.0538                    0.009642857142857142     1.5508517271277815E15    3.469843372075597        27.578108473413838       2053.513942066968        8.182063449505255E19     1.5630461263817968E15    3.467305433083646        27.02406271500452        2040.836696472242        8.165986294750377E19     1.5772670434615155E15    3.4644289487841164       26.40515694560589        2027.3932105696495       8.14912543965925E19      6.033539083818722E14     3.429330958599265        7.480298699309825        659.241339645182         2.6720898148526174E19
0.05304999999999999       0.011112244897959181     1.6717131818576435E15    3.4756494599023857       27.83695796357862        2106.446652705999        8.920959818183464E19     1.6836004169893728E15    3.4729528361327415       27.280085412823443       2092.067316306995        8.89295014109457E19      1.6974740800618618E15    3.4698940639739435       26.65797415912658        2076.711264798888        8.862619003289923E19     6.473883919418941E14     3.4312003755823053       7.737000812579641        669.7935832473162        2.8795242278268047E19
0.05229999999999999       0.012673469387755097     1.7611742807408925E15    3.4781277646496664       28.017725983106285       2129.8890767026605       9.39712185836598E19      1.7727887821571042E15    3.475308860583982        27.458870482495314       2114.170626474321        9.359840144553122E19     1.786333612162656E15     3.472107610807827        26.834473281235738       2097.2956820080008       9.318861032422454E19     6.795315785095045E14     3.430424749932835        7.919104351238607        671.750935095688         3.0082016111152804E19
0.05155                   0.01432653061224489      1.8046679613447758E15    3.478161346767378        28.10324927005207        2118.6846601955826       9.563252565441172E19     1.8160793650308518E15    3.4752604995416507       27.543312921325487       2102.2070355780597       9.520844078760521E19     1.829352006552962E15     3.471960738437659        26.917618433383527       2084.4455043101025       9.473684639745458E19     6.943297887107778E14     3.428080140894412        8.01019284872272         664.8948022260815        3.0465953785549615E19
0.050799999999999984      0.015887755102040813     1.794925593007538E15     3.477748456727557        28.086213305573782       2078.793110878086        9.464108301066648E19     1.8062417588043205E15    3.4748076042644636       27.526142196488934       2062.2111937001555       9.42123758749895E19      1.8193458586493702E15    3.471455239007381        26.9001932575284         2044.2742957026958       9.372984432769516E19     6.900528867441258E14     3.4262942041856856       8.007894415109924        651.929188518656         3.0142960660997976E19
0.04995333333333333       0.017357142857142852     1.7366448597060792E15    3.4783541215964022       27.974227618596675       2000.352824103844        9.17293910107592E19      1.7480573548360838E15    3.475406188156311        27.41507042905785        1984.536103376572        9.13403688993978E19      1.7611920677871592E15    3.472036384254993        26.790015418203787       1967.3632009952819       9.089511829453675E19     6.703199852092634E14     3.426324697362584        7.931365502756549        631.5130109359856        2.942124030188896E19
0.04892842105263157       0.01873469387755101      1.633720330219026E15     3.480472680168125        27.76521088111417        1861.9949123822807       8.715750075652006E19     1.6455112363985075E15    3.4775507240673593       27.208332084740604       1848.1982057853938       8.685483298329379E19     1.6589731430455952E15    3.47419805935029         26.585644978094138       1833.1317968524122       8.649738181992166E19     6.375249934044209E14     3.428754412140467        7.788558480517274        598.5349694277102        2.844919081674037E19
0.04772526315789472       0.0200204081632653       1.4873278774374892E15    3.4833131232483048       27.4419410573505         1643.7022790564936       8.055981276080787E19     1.4998174111172708E15    3.48046116925742         26.8892556302954         1633.5922779910911       8.03951694844366E19      1.5139390193771995E15    3.477171814445416        26.270974766347635       1622.3958577034782       8.018143847726054E19     5.9250088002599E14       3.4331172153509737       7.572843533207559        546.199901703441         2.7166082430143394E19
0.046343859649122784      0.02121428571428571      1.2998250909619332E15    3.4859958625761123       26.975290310307177       1351.0555776855665       7.161863124534667E19     1.3133715963731488E15    3.4832724417121526       26.42979415411282        1346.3373677779898       7.1646298725691425E19    1.3285218921609948E15    3.4801077940468197       25.819067198843772       1340.781505172765        7.16353028536741E19      5.356670084280303E14     3.4388824210206845       7.267898109110127        472.03133350204814       2.5457364247237595E19
0.044784210526315774      0.02231632653061224      1.0691767425776486E15    3.487627470985963        26.295856764562497       1027.9272921199754       5.982265404480574E19     1.0841759543142571E15    3.485109728644211        25.763107295629347       1029.980149996241        6.0099831576372945E19    1.1007557564198992E15    3.4821503231845057       25.165691301269373       1031.3224593180776       6.035401580806585E19     4.692798783937692E14     3.445473770911038        6.858592115586825        373.4369246278236        2.3246457865724203E19
0.04304631578947368       0.023326530612244895     8.027912835095969E14     3.487350793451962        25.29506004254372        704.4155990727983        4.514728468762964E19     8.197645185764348E14     3.4851421140423477       24.78741163473087        716.0690387627124        4.57419178540503E19      8.382756471304092E14     3.4824940724969187       24.215743719384          728.0804803773017        4.633405063919889E19     3.940659683296921E14     3.452343044191786        6.304139053670969        235.5162561742217        2.0324282524139733E19
0.04113017543859647       0.02424489795918367      4.982080294433235E14     3.484341152383277        23.58716938951413        318.37074817564917       2.7000958507464524E19    5.1633251767497244E14    3.48258845770794         23.136998304323225       344.17204081238185       2.787921025233914E19     5.3713227076878594E14    3.480403458838126        22.631196199290663       371.9515955704054        2.88523757989673E19      3.153249084523315E14     3.459014818459311        5.573093675786267        45.51550171683944        1.6695551847124283E19
0.0390357894736842        0.02507142857142857      2.1730743287024816E14    3.4774696902304707       20.2933768375352         -162.06573209626748      1.0284730921993984E19    2.3010676747180116E14    3.476448957309372        19.94843474457239        -121.34558428677187      1.0936247616141496E19    2.4519759632626072E14    3.4749995046579474       19.559281617385963       -77.64362298199218       1.169055666305249E19     2.387464995526782E14     3.4649014248127163       4.594843049258337        -189.92823660876664      1.2581571868787745E19
0.03676315789473684       0.02580612244897959      6.673054923334851E13     3.4647778531193065       14.911443516818592       -671.977866930111        2.4750260229728589E18    7.27911768222947E13      3.46513689920652         14.708144198447146       -618.297297293618        2.7439200299012526E18    8.013520362404242E13     3.4650227933091378       14.477687468675848       -561.403179379009        3.0669303171891978E18    1.753199487648451E14     3.468729652412599        3.3200051029570834       -341.2544252460794       8.872716059653289E18
0.08610439560439562       0                        5.909062526505668E14     3.105854288800818        24.48363524271453        90.2100044377098         6.5219271983694469E18    5.942760172364756E14     3.104451138159719        23.926397055294494       90.00751732466537        6.5126443188457769E18    5.984313392140038E14     3.1028619872545673       23.30454932790901        89.81379270535697        6.5054769647167887E18    1.705599551808604E14     3.0026967234365123       3.0739399118358377       34.04579519774216        1.09720351005826227E18
0.08076410256410256       -5.828124999999983E-4    7.640083007567656E14     3.1175550351068697       25.28025538886833        113.31947718712593       8.8555357301117942E18    7.675230198318488E14     3.1161789649285168       24.719158148797273       113.17533546790145       8.8363546511663688E18    7.718890883587128E14     3.114614156604826        24.09279280852161        113.05034358276245       8.8185020547796111E18    2.1097219020243816E14    3.0373361983306135       3.747580503458283        42.980367100289904       1.63098482125957248E18
0.07463589743589742       -0.0017484375000000043   8.86271552164559E14      3.1423329706415166       25.741054241635638       153.04521216222153       1.154370211642845E19     8.903806974783652E14     3.1410188712320313       25.179784349684226       152.90042546214445       1.1524685734542838E19    8.954470814439372E14     3.139519614762495        24.553113969057424       152.78737500624987       1.150748788562976E19     2.4770497718432344E14    3.0780289044543574       4.272291820523208        55.979664649230706       2.3575826165875876E18
0.0692956043956044        -0.0034968749999999987   8.723630468922866E14     3.1700494113448903       25.685253861111736       192.08413076490584       1.2934348834355177E19    8.773723367245738E14     3.1688493085493334       25.127442514236225       192.03308359945402       1.2936127998566885E19    8.834428965389296E14     3.1674767657615805       24.50461580866036        192.04292131485687       1.2942553147322757E19    2.5437329430392888E14    3.111679760175471        4.377561937670798        68.47297621734063        2.858816303832212E18
0.06474322344322345       -0.005828125000000004    7.088047986980144E14     3.1875673809839924       25.01734458291655        193.45475082989537       1.1393672967023153E19    7.146797922774842E14     3.186611860527439        24.467817241760645       193.8092486194608        1.143791037581002E19     7.21670677093472E14      3.1855147698181496       23.854289074217867       194.28077673293092       1.14918166091657E19      2.2174908774189803E14    3.1267490767988875       3.9577396987312654       69.17174836893287        2.6804334584615306E18
0.06097875457875458       -0.008742187500000003    4.372418602024341E14     3.1801600998453106       23.476932451329528       127.12622992971464       6.7955464313182188E18    4.4351705231013306E14    3.179623189439489        22.946858600505585       128.3582233873892        6.876055853149269E18     4.508729901552414E14     3.178999957097497        22.35510653402149        129.77923285239945       6.9700630124501248E18    1.616700943041199E14     3.1034612073531944       2.9685426805663493       50.848236453912186       1.74451441846070426E18
0.0580021978021978        -0.012239062499999996    1.588698077957592E14     3.1486957412854055       20.29510123661267        16.141820910760202       2.13263763218866867E18   1.645472602920208E14     3.148809655998155        19.83105584617792        18.660414829679475       2.20996848594789939E18   1.7133586622223288E14    3.148913515250287        19.31516266498889        21.506917743740026       2.30219363864918426E18   1.0915003205022419E14    3.0379802539287617       1.757739859608217        29.947702887921665       8.4509264054172454E17
0.055813553113553106      -0.01631875              1.7836267751393836E13    3.0915732157599662       13.536101339979018       -71.97284060055429       1.82444306787552352E17   1.9772814280516645E13    3.0947571708318327       13.279475516876273       -69.47446182909154       2.05418812669309184E17   2.2156080127084395E13    3.0980397265381665       12.98784993317871        -66.65825204961678       2.33878412215175072E17   8.065963330374267E13     2.9557961611906847       0.8398323334298531       23.01964812484331        4.0030034524084365E17
0.08076410256410252       5.510204081632669E-4     7.869914150847385E14     3.118030233212912        25.372908149436586       115.23005420242828       9.1414696383025152E18    7.904865517832746E14     3.1166681957334124       24.811240575340317       115.07916516946295       9.1208964585422694E18    7.948359985785554E14     3.1151197855439814       24.18421125399415        114.94907672577219       9.1015703709826611E18    2.1655568174051138E14    3.0424854076095005       3.8305253613391903       44.856971284018684       1.71971530098743347E18
0.07463589743589742       0.0011938775510204117    9.727716182369498E14     3.147751490955109        26.035290964364442       169.65829069894536       1.299786823592736E19     9.768246154471874E14     3.1464394130085167       25.472334701929462       169.46951166107604       1.297092269092481E19     9.818461318576665E14     3.1449420242785044       24.843706090225787       169.31494512986075       1.2945078200835099E19    2.7084686438906453E14    3.09346255441762         4.561073315596512        64.59314169065964        2.7847839905080453E18
0.06929560439560438       0.001928571428571427     1.0893081755803771E15    3.1910389443193714       26.39362463958291        266.4553051880133        1.7787585346443807E19    1.0943204722044369E15    3.1897567222766763       25.831755170587158       266.13678083709203       1.7765002969846905E19    1.1004412672295618E15    3.1882882954976672       25.204243776632737       265.8756876590149        1.7744714650013047E19    3.165121828056085E14     3.1493805009200733       5.094470183463286        98.59736533861177        4.2645503412930867E18
0.06474322344322343       0.0027551020408163153    1.140882088234312E15     3.2455515848748364       26.542853091832075       434.8237257501088        2.3796337685395292E19    1.1472466065756778E15    3.2442678438413877       25.983936770558966       434.10883631776          2.3794697839065158E19    1.1548942878526748E15    3.2427937472199764       25.359670205932943       433.4757166321916        2.3798774697565794E19    3.5214936786543944E14    3.2118278191226186       5.484790549258362        156.18815612479943       6.3266316445442693E18
0.06097875457875458       0.0036734693877551014    1.140141198739075E15     3.3085484869518056       26.540575287210782       736.4422378275692        3.1353586952569315E19    1.1483188178200968E15    3.3072126522079324       25.98676900972295        734.7548689823034        3.1399774612377694E19    1.158007213949017E15     3.305675955096808        25.368181739003873       733.1165925721572        3.1458612451443302E19    3.7991289950255675E14    3.27986124927561         5.78442447387317         256.26061168448257       9.204345469140521E18
0.05800219780219782       0.004683673469387748     1.1195284999392106E15    3.374810049943834        26.47678833924221        1210.590541019218        4.102785666769633E19     1.1298993808695735E15    3.3733280292619106       25.929938824440633       1206.0219028308675       4.11508750459654E19      1.142063524249253E15     3.3716215321610226       25.31909583415286        1201.3810253551615       4.129704024066347E19     4.088225917435809E14     3.3487210707330894       6.08010257476371         407.344131539666         1.3234592848120254E19
0.055813553113553106      0.005785714285714283     1.1412861446528215E15    3.431898211268724        26.535491366347483       1671.1337845813568       5.325536047837043E19     1.1536103321426378E15    3.4301479659147396       25.993878340228928       1663.9620074361744       5.344180823382833E19     1.1679685247222555E15    3.4281368143208066       25.388767639286023       1656.5750555299396       5.365868922465846E19     4.51557442095655E14      3.4041798982085156       6.459312273072579        553.7918490850307        1.8293870734187225E19
0.05441282051282053       0.006979591836734691     1.246589620376326E15     3.466593528709491        26.832059423827605       1969.2057761032581       6.669398540293129E19     1.2595944749621862E15    3.464560356318854        26.289104987226885       1959.9622800803083       6.683821386536253E19     1.2747749028768918E15    3.4622289488436087       25.68255583613457        1950.2776935744319       6.700913262339558E19     5.077361194398252E14     3.434061990501519        6.887069749838344        647.7037249257088        2.309095064949533E19
0.0538                    0.008265306122448976     1.4031916689829878E15    3.476517280686412        27.23683096682681        2113.111979545532        7.71033681485379E19      1.4156702125855038E15    3.4742728882386786       26.688352899777723       2101.4559398340875       7.710342363605875E19     1.4303090339580415E15    3.4717024100982155       26.075681317685337       2089.182046666967        7.711431269962213E19     5.62358088314803E14      3.439241026963456        7.248643960577617        684.7658234144252        2.5986277257426805E19
0.05304999999999998       0.009642857142857139     1.5526029807360382E15    3.484819998443483        27.58505057437886        2181.848325940175        8.696522491657817E19     1.5646045770017978E15    3.482384173932065        27.032299398454544       2168.228887349244        8.68188985154395E19      1.578745782557813E15     3.479595313062295        26.414859451528983       2153.7714688902497       8.66664068578201E19      6.161136501857762E14     3.4429475763352113       7.57656398120447         700.7075973399693        2.8761372565491552E19
0.05229999999999999       0.011112244897959181     1.6826594120870432E15    3.48894738916271         27.863291239600997       2220.066233450648        9.453383577756225E19     1.6942060923189192E15    3.4863552252636447       27.30728397811112        2204.693142472115        9.42549737853975E19      1.7078440508180505E15    3.48338602650271         26.686154111744628       2188.2535591168084       9.395253167293581E19     6.62400345934004E14      3.4431096771831085       7.840582561507406        706.0972867648592        3.083008123882573E19
0.05155                   0.012673469387755097     1.7779968030368418E15    3.489836467706567        28.054797045034412       2221.816387791449        9.91415388689883E19      1.7891706394350588E15    3.4871264437341107       27.496573945743744       2205.1715223066512       9.876330519452916E19     1.8023742106612362E15    3.484019180034037        26.872894021969955       2187.283947950357        9.83464695445605E19      6.957679091841426E14     3.4408493300114684       8.025425684831282        701.306424992217         3.2031153686418973E19
0.05079999999999999       0.014326530612244896     1.8243300729880015E15    3.488430288471281        28.145045429717488       2189.5383054784174       1.0040555726742985E20    1.835243382027549E15     3.4856443660756473       27.58562375081236        2172.2610755438163       9.997493989849917E19     1.848110790985472E15     3.4824449614757746       26.96050861089236        2153.621954692012        9.949452097885028E19     7.107526978528465E14     3.4372666877840112       8.11599206840971         688.2546452186605        3.2270460534758994E19
0.0499533333333333        0.015887755102040803     1.8177507823345585E15    3.487915788525906        28.134391088205255       2129.4885989265367       9.946823858147402E19     1.828601951248596E15     3.4850912507379395       27.57483961747571        2112.272934395318        9.9033816091209E19       1.8413341713917425E15    3.4818401679686755       26.949469430370275       2093.6339705424134       9.854274831738885E19     7.080945012305685E14     3.4355149689201103       8.12429848364058         670.3178730702839        3.200365750530563E19
0.04892842105263157       0.017357142857142845     1.7630389619051488E15    3.4889854962371376       28.030898373760802       2024.3203849046254       9.680059625815892E19     1.774089615022087E15     3.486155253869057        27.47234844630894        2008.1501767309774       9.640978360878401E19     1.7869587283001775E15    3.482887381267799        26.847960714724856       1990.5698468147486       9.595950206898533E19     6.90856486613237E14      3.4361859467114075       8.066563672683229        644.0628421800227        3.144462599871405E19
0.04772526315789472       0.018734693877551018     1.66197219767149E15      3.490927115861462        27.82853818379015        1850.2707642228397       9.212668006934123E19     1.6735271085129435E15    3.4881314684338136       27.272388176684327       1836.5401264941456       9.183157318244511E19     1.686849732831387E15     3.4848894335549634       26.65049192320224        1821.5051710107048       9.14785753175282E19      6.593258618041436E14     3.438814495047003        7.938883557302606        603.1528449046448        3.0528594307313193E19
0.0463438596491228        0.0200204081632653       1.5163536135143235E15    3.4929260649996134       27.511856093406255       1599.7383838747687       8.511900207451308E19     1.5287414998606265E15    3.4902160320499984       26.960020270486396       1590.0721037768667       8.497479328693944E19     1.5428604780932422E15    3.4870537769144336       26.342662492339546       1579.301600273479        8.477931706494149E19     6.143126066497758E14     3.4429014497791997       7.73417790584023         543.3646696453615        2.9186981168328155E19
0.044784210526315774      0.02121428571428571      1.328787424987281E15     3.494172889445067        27.05335579748998        1293.6093623909962       7.55294693014686E19      1.3423518120313905E15    3.4916119103898415       26.50875389725524        1289.4368540390653       7.559028514517495E19     1.3576231857815162E15    3.488596426958939        25.899018531840134       1284.4313008363079       7.561192010137451E19     5.564104276962648E14     3.4479429253721214       7.436536843745492        466.83022358363235       2.731153678912969E19
0.04304631578947368       0.02231632653061224      1.0962827118419048E15    3.4939207045445406       26.383189239934126       977.2001025294483        6.288927891150176E19     1.1113739068743088E15    3.4915882474195516       25.85115912841056        979.4639091260096        6.320781551345622E19     1.1281948956039558E15    3.4888027777021193       25.25473466103105        981.1391308382755        6.3507279235215245E19    4.8739171301242625E14    3.4534894115803563       7.026500922917809        368.1524474290351        2.4812760377646817E19
0.04113017543859647       0.023326530612244885     8.253671099650325E14     3.491465643814263        25.39130595152887        673.3984273795115        4.725156980725891E19     8.424309855064716E14     3.489465557510941        24.88365354916798        684.8598339766457        4.788789026340578E19     8.612838979241098E14     3.487017673631595        24.312800918319017       696.6276424678734        4.853347947469374E19     4.078855857022075E14     3.45923232737141         6.459057937312324        236.74237823202665       2.148989985442435E19
0.039035789473684204      0.024244897959183675     5.127669378426373E14     3.4861128252013174       23.688267042640508       308.7249252425017        2.8057011702470345E19    5.313044769654301E14     3.48459283616735         23.238880398419425       334.654873120738         2.898923111996172E19     5.5243051310911206E14    3.4826349799207574       22.73276726271761        362.33913390505637       3.001232063244473E19     3.2524660855788094E14    3.4650002162104094       5.7141248981238055       53.57814442625608        1.7483962659149787E19
0.03676315789473684       0.025071428571428574     2.2336377989371216E14    3.4768715604791818       20.382940734174078       -167.4397125863471       1.0539225763765633E19    2.3643939131256703E14    3.476108552432851        20.03926708406534        -125.46311200077243      1.1217186221177852E19    2.518263067230471E14     3.474913396939362        19.65080024821075        -80.43657933645343       1.200029749688668E19     2.437361645999973E14     3.470590871296275        4.696045745145708        -164.6462794544915       1.2984742673611078E19
0.03431228070175438       0.025806122448979583     6.8661606494895805E13    3.462033678154506        14.960491338929817       -694.461094794247        2.4934096744023798E18    7.485697908342577E13     3.462662101408107        14.759014319365756       -638.6593672736936       2.7673353219976955E18    8.235837633058477E13     3.46281826226982         14.530251296146842       -579.4060303036689       3.09637398463857E18      1.757966279977799E14     3.4750092929801766       3.3440849193354887       -288.1408032382937       9.021571833867735E18
0.08076410256410256       1.4099832412739487E-18   7.760340934350931E14     3.117961778033375        25.32872659732273        114.39367285640802       9.0119528640693309E18    7.799784697856534E14     3.1164529960360423       24.767273531634604       114.25007921429767       8.9910886220417864E18    7.847689844173539E14     3.1147673229339765       24.14050517357237        114.12670929291878       8.9718307640496814E18    2.1445754975453538E14    3.0432481547555295       3.790743175196231        44.03825078116455        1.71014960172881971E18
0.07463589743589741       -5.828124999999936E-4    9.214932213219475E14     3.1446671916054663       25.863545037358488       159.4347067918484        1.213516996009217E19     9.261068713486301E14     3.143214315175424        25.301517240758386       159.26142719385354       1.2111855032299661E19    9.31676009193707E14      3.1415876617888605       24.673978680182174       159.12082079981167       1.2090553693634445E19    2.5776116944707553E14    3.08810614076848         4.391598448293346        59.33747676987532        2.5807977728044237E18
0.06929560439560435       -0.0017484374999999978   9.43113273894447E14      3.17728508087083         25.93240206109334        214.35015020578862       1.4458693488596654E19    9.486925067101181E14     3.1759207475088527       25.373146433526465       214.22763307499548       1.4452716385264335E19    9.553478818085165E14     3.1743918781861478       24.74866267028242        214.16709139574738       1.4451395461045916E19    2.750942313558355E14     3.1290706897819534       4.623935745568775        77.65013248318964        3.3640512966398285E18
0.06474322344322345       -0.0034968749999999974   8.164807765995139E14     3.2043445494668625       25.465543872671457       243.46842120090184       1.4168757500164841E19    8.230863678355046E14     3.203188945913907        24.91334362839965        243.7422021155778        1.420897141704673E19     8.308647702374778E14     3.2018941655951445       24.296750153218756       244.1441862792432        1.4259474102270884E19    2.537833885315566E14     3.158079987991619        4.38896521276706         87.78220454127653        3.5618022325535959E18
0.06097875457875458       -0.005828125             5.5015652875876925E14    3.2086977396317793       24.194713347233147       193.0164960476584        9.750134205876259E18     5.5745320300519006E14    3.2079912905515395       23.65924123512521        194.30186843636335       9.848174209559298E18     5.659208218604882E14     3.20719910036566         23.061173984469768       195.81082402099165       9.96227355997789E18      1.937190037649861E14     3.1558259675798324       3.540482948268786        73.03465145715946        2.6917478897474637E18
0.058002197802197814      -0.008742187500000003    2.2642947797848406E14    3.1803325678216035       21.374871347983028       48.35621230372451        3.5266196213617853E18    2.3376996168599688E14    3.180322019152082        20.899146144151494       51.55490825537626        3.6408228600826511E18    2.423609592740959E14     3.1803030671260104       20.36811847996484        55.19036192510357        3.7743556513797084E18    1.2718890014247E14       3.1035483327169437       2.2260811921562986       40.5555104719577         1.37418444768250214E18
0.055813553113553106      -0.0122390625            2.98695639019822E13      3.121090529846835        15.063957916596914       -93.21212587206321       3.5169716897960634E17    3.2941632778713207E13    3.123644903743319        14.791671870192921       -89.47361134694754       3.926572419821063E17     3.672974028303166E13     3.1263024068678766       14.485321599146609       -85.26296939467085       4.4342188656201696E17    8.705625308272206E13     3.0198853208852747       1.0703299221326088       25.61547197485036        6.1315600795733978E17
0.07463589743589742       5.510204081632646E-4     9.545741353606648E14     3.1466958906733176       25.975305624765863       166.23047963030086       1.269140240174452E19     9.591746481377668E14     3.1452445962564304       25.412639435392087       166.0704804472579        1.2664935613855148E19    9.647312555303065E14     3.1436162569485653       24.784358829223592       165.94791098228347       1.2639994532866159E19    2.6661507315946984E14    3.092344019540621        4.50160305983624         62.90359391268268        2.7263745145566428E18
0.06929560439560438       0.001193877551020408     1.0609114136067736E15    3.1884797270642307       26.308648309133073       256.4661889756836        1.712248455815444E19     1.0665214530678894E15    3.1870684873805          25.747234110986323       256.20795613644054       1.710211595658498E19     1.0732238047638699E15    3.185479838674797        25.12025813543139        256.01283143557475       1.708464826649691E19     3.090142994300364E14     3.146208502044242        5.0071049945093655       94.74109873864964        4.1015143659376686E18
0.06474322344322345       0.0019285714285714201    1.0976075609587909E15    3.2409783188828287       26.416791610525408       409.1224578546347        2.243947089840505E19     1.1045766377870092E15    3.239583335257343        25.85866299624272        408.5922083462773        2.244373469878334E19     1.1128091628762941E15    3.238009450049744        25.235307118000396       408.1572835636022        2.245477521471792E19     3.395660187881625E14     3.2066124330748518       5.354784730650024        147.36888911563693       5.9590895143375575E18
0.060978754578754596      0.0027551020408163244    1.0736420863911766E15    3.3017781835402302       26.342422373147485       679.1756897052817        2.8709254171500868E19    1.082421065630541E15     3.300377921831109        25.79021900454406        678.1673360000135        2.8771814486766465E19    1.0926873518566032E15    3.2987937393470235       25.17344883707339        677.2720382023023        2.8849133872689947E19    3.594315822379349E14     3.2730996207814305       5.588882325197267        238.57516481523385       8.4618615365618012E18
0.058002197802197814      0.0036734693877551084    1.0147591730457331E15    3.3672568138330536       26.149168583409093       1163.2903776167655       3.618843848157956E19     1.0259396036817942E15    3.365791481009611        25.60646326071574        1159.1757098131777       3.63608469056038E19      1.0389258898088949E15    3.364126771251018        25.00029358196348        1155.0469535719608       3.6562449260242665E19    3.764283456875221E14     3.3429197743677546       5.791475580332373        392.68441227084065       1.1916306197921167E19
0.05581355311355309       0.0046836734693877485    9.855086818945844E14     3.427816546175622        26.03861921616207        1677.2203980683823       4.569085829972354E19     9.992751544548891E14     3.4261189544493114       25.506096032955117       1669.8500649590828       4.600175721089905E19     1.0151616403173715E15    3.4241903101125297       24.911090031271367       1662.2306611083166       4.635768670918609E19     4.069082297147817E14     3.404045760271679        6.0966003230932175       555.2124111756253        1.6531359686087662E19
0.054412820512820516      0.0057857142857142855    1.0599949049251202E15    3.467863900819753        26.27651916621977        1994.067944807438        5.790953451259219E19     1.0749611443561945E15    3.4658648795971643       25.744625970493026       1986.2331075616648       5.82499252115878E19      1.0921503664034791E15    3.463596190974686        25.150070324823314       1978.146866441023        5.863463995236955E19     4.5727908532908444E14    3.4399414971770637       6.521593065609911        662.7329160838965        2.13827378111628E19
0.0538                    0.00697959183673469      1.2245411309108958E15    3.481474525379199        26.768013187082804       2173.8714500490023       6.9818947649041916E19    1.2388985862072148E15    3.479229081453471        26.22773257646957        2163.524465949609        7.000530851151988E19     1.255513814954158E15     3.4766827330602306       25.624161450722383       2152.685262510559        7.02230890891267E19      5.148218145579988E14     3.448280752030161        6.9382255011409155       710.3956828540014        2.4765184556674114E19
0.05304999999999996       0.008265306122448975     1.392705349554988E15     3.492991067553545        27.209419105634773       2259.5928705618903       8.192309597369927E19     1.4066473983798092E15    3.490517502091851        26.662983718091237       2247.020036192063        8.194738892076043E19     1.4228515910286145E15    3.4877128648960607       26.052638795470223       2233.7611277163273       8.198619450985118E19     5.751179286928315E14     3.4544787229239784       7.332091198878928        732.8032082425082        2.8204049394715697E19
0.052299999999999985      0.009642857142857142     1.5558169897233038E15    3.499418189348305        27.59171999249178        2310.491147874447        9.237015734492E19        1.569225917470298E15     3.4967496866764756       27.040186273670635       2295.897993471601        9.222197722885428E19     1.5848530305129372E15    3.4937230074467203       26.424144441722387       2280.3862854913573       9.206828612475532E19     6.325854395644368E14     3.4561006616305936       7.67371278140594         742.8881579271211        3.1062921384544186E19
0.05155                   0.011112244897959181     1.6956848731203382E15    3.5017098215801057       27.890175432065895       2324.7160097398564       1.0006663855266365E20    1.7086160327804582E15    3.4988857410848997       27.33493147942302        2308.4057851285584       9.976877492805766E19     1.7237024731676435E15    3.4956799594648267       26.714690399127377       2290.9411373207336       9.94460707472191E19      6.813722199727784E14     3.454388800440335        7.9441588828780105       740.4223714843786        3.309910199221094E19
0.05079999999999999       0.012673469387755099     1.79714257999634E15      3.500909046197934        28.092400198523343       2304.6866714260673       1.0444699793908426E20    1.8096879045627538E15    3.497970823514574        27.534693987974112       2287.168264402583        1.0404092471771306E20    1.8243158034214888E15    3.4946315243345483       26.911624662458422       2268.3221498195308       1.0359391955353633E20    7.1610255464344E14       3.4505119861981766       8.130911861898115        728.512227574693         3.4182985108179984E19
0.04995333333333333       0.01432653061224489      1.8491702349481038E15    3.499188074281758        28.192714767189617       2253.660430696482        1.0586203298711793E20    1.8614948789838195E15    3.496173568448081        27.6337456833829         2235.6179707962506       1.0539976983228485E20    1.8758253383909592E15    3.4927416285772908       27.009164803125305       2216.133082495109        1.0488458047514037E20    7.337241646434048E14     3.4466288601650157       8.2337395507393          710.1292785193891        3.4492433392241877E19
0.04892842105263156       0.01588775510204081      1.8484186071364412E15    3.4990069232543117       28.193414236388104       2170.1494745088967       1.0529120397945073E20    1.8607455235131455E15    3.495953099090505        27.634348061415114       2152.3849205080446       1.0482583933400177E20    1.875011778094342E15     3.4924681705549503       27.0095445083246         2133.1254276943328       1.0430010301720694E20    7.345414949196278E14     3.4452659137264643       8.26231852467656         686.4389273308726        3.4415377771941323E19
0.047725263157894736      0.017357142857142856     1.7974282447987742E15    3.4997809932138115       28.09870189622239        2030.6121515135314       1.0261407340942356E20    1.8099936734296272E15    3.4967278958820907       27.5406999701739         2014.2802411281107       1.021996641890135E20     1.8244422478022608E15    3.493232692703723        26.916943722593093       1996.4844733485215       1.0172199983368362E20    7.193619699802339E14     3.4459135704304273       8.220744129044611        651.8610032485353        3.3930946117151138E19
0.04634385964912279       0.018734693877551015     1.6981437373133825E15    3.5007780644378808       27.903358252233048       1818.5516944404558       9.75664180159346E19      1.7112231136361008E15    3.497773272250738        27.34783626821028        1805.1193479597086       9.726072061066274E19     1.7261435662200922E15    3.4943184476761093       26.72666027191781        1790.351611669448        9.689401367864572E19     6.883385364765185E14     3.448098195972039        8.104601345026959        601.6635937292342        3.296481601581047E19
0.04478421052631578       0.0200204081632653       1.5526677166082695E15    3.501243699131858        27.59307636550204        1541.5017822056584       8.988201481456063E19     1.5665443838558585E15    3.498344086916626        27.04192193729107        1532.437189260888        8.974272568035321E19     1.582239593601348E15     3.494990105962647        26.42536083721028        1522.2564949184202       8.955061086107607E19     6.421170675576806E14     3.4513584564551922       7.905410767194449        535.1986735289862        3.144169266850019E19
0.04304631578947368       0.021214285714285706     1.3633012207868125E15    3.5005128723655443       27.1403847388761         1228.880551051002        7.93908003673531E19      1.3782549062303455E15    3.4977850910756993       26.596428858890377       1225.2960538641166       7.9470514440627E19       1.3950392634947925E15    3.49460255925315         25.987541610798832       1220.9136517544239       7.951270076718273E19     5.816620264344632E14     3.4553110554663493       7.608263654781153        456.09211854316266       2.9282263372631933E19
0.04113017543859646       0.02231632653061224      1.1261639273408508E15    3.498006651299373        26.473853317255447       922.1457475937643        6.569112056410932E19     1.1424597047659622E15    3.495531234154934        25.942255609501782       924.6209018962008        6.603708609784594E19     1.160669662443117E15     3.4926049143594833       25.346667584575048       926.6506399166074        6.637049065547903E19     5.081938659043906E14     3.4597287536212753       7.18838355028783         358.0521991969374        2.6390777854957847E19
0.0390357894736842        0.023326530612244885     8.478113007852001E14     3.493161665825349        25.481959284378743       638.6644569894313        4.8967562032308085E19    8.657964172158938E14     3.4910425156477087       24.974124692677186       649.9813906779422        4.963141300228266E19     8.858438931567074E14     3.4884811584500466       24.403957862872918       661.5297746845145        5.031741957408951E19     4.236716160234109E14     3.46459573281153         6.60625266312435         236.43327692462293       2.2655899659311026E19
0.03676315789473684       0.02424489795918367      5.2531389062540556E14    3.485396689018644        23.77138349103807        296.07405817119934       2.8751033087299244E19    5.447522042347161E14     3.4837824897436955       23.32283528166447        322.1287597234206        2.9721965112397533E19    5.667396426148415E14     3.481739288121526        22.81674631166522        349.7472158653847        3.0780273482667626E19    3.348914592830308E14     3.4700418947493494       5.829492016310464        62.30819896989176        1.821228852218799E19
0.03431228070175438       0.025071428571428567     2.27735985400602E14      3.473843360413908        20.440433546915365       -173.92489978880747      1.0609219433394495E19    2.4125476930485975E14    3.4730113972511734       20.098612952479137       -130.85563609940954      1.1301438722711312E19    2.571297204024428E14     3.4717595208027237       19.711734171509505       -84.67565054553974       1.2100420320739445E19    2.4744723307848238E14    3.476204563411419        4.758452475514375        -147.03905096424455      1.3352322496122192E19
0.03168315789473683       0.02580612244897959      7.003993803410846E13     3.457031049190393        14.973013206560823       -714.9440497065723       2.4646110047386691E18    7.64057840790592E13      3.457602425492656        14.774024982035073       -657.4094714357694       2.7384587587325256E18    8.411033814943766E13     3.457718722753188        14.548016345350169       -596.2047433194617       3.0677759650633139E18    1.768332920199818E14     3.4823077281570103       3.3611342346304918       -232.26694536679437      9.318573831217689E18
0.07463589743589744       2.8199664825478975E-18   9.385353388444906E14     3.145544888787256        25.92193716776345        163.044151193128         1.2410760544829417E19    9.426130513980808E14     3.1442347725270547       25.359638362602638       162.87473397448164       1.2387165016961153E19    9.476552845079044E14     3.142738506160169        24.731773045825438       162.74072869280428       1.236490748048755E19     2.6162246849775853E14    3.087055988846959        4.449128259788402        61.21400673860366        2.6051841225628088E18
0.06929560439560438       -5.828125000000003E-4    9.90057506482234E14      3.181698933104435        26.087929679990825       230.46150273952932       1.5490036796197601E19    9.951030875458159E14     3.180461577747217        25.527861969764817       230.3160973128309        1.5480451206257383E19    1.001240792259241E15     3.179043435339258        24.90242893204391        230.234742150021         1.5474350375951378E19    2.8779541633870425E14    3.13269350959257         4.781691861382792        84.27970960243704        3.580670964125076E18
0.06474322344322345       -0.0017484375000000015   9.036237112476895E14     3.2167686327155534       25.790475339672316       290.2838880640314        1.6586385102693433E19    9.099062391575892E14     3.2157001806791845       25.23639916386367        290.4429460985559        1.6621986293075497E19    9.174053242161611E14     3.2144695100432648       24.617655267677666       290.73744883382244       1.6666797080672653E19    2.7923505935935306E14    3.172150494454278        4.713319017980056        105.2704935729549        4.1846581107103857E18
0.06097875457875458       -0.003496875             6.635451985906069E14     3.2350068273661083       24.788515494198908       277.64879038599514       1.3251002893909215E19    6.709859663456331E14     3.23434747124441         24.248335821854468       278.80992853184443       1.3360591114595824E19    6.796991854732538E14     3.2335718544662027       23.645041572126924       280.2577972709668        1.3487740050567397E19    2.2739566335091284E14    3.189764341470519        4.072360258164698        102.1505730486723        3.6998983506341033E18
0.058002197802197814      -0.005828124999999997    3.091931753205003E14     3.2171362120683566       22.33298559760553        112.36275334653213       5.7145746069119457E18    3.178760993156441E14     3.217202982510733        21.8461971444395         116.37730752446873       5.8769345437470843E18    3.279573750462434E14     3.2172345604073196       21.302029661223          121.04892116246222       6.064315237649023E18     1.5035031033686778E14    3.159003197982263        2.762611326028307        60.845194189541516       2.12336110419492659E18
0.055813553113553106      -0.0087421875            4.7439589216449484E13    3.1599269651636925       16.42331218230743        -108.74160559562297      6.7425717404974259E17    5.191111902104633E13     3.1621981247816113       16.13147309405965        -103.11862886890749      7.4561883630789606E17    5.733337504114057E13     3.1645282727925124       15.800521694372883       -96.76995481156065       8.324225814323296E17     9.54196134941569E13      3.0799702508426967       1.3581051779321116       28.74790739164524        9.1712032943918694E17
0.06929560439560438       5.510204081632669E-4     1.0355004345894199E15    3.186046345148462        26.231190293824078       247.4417530942061        1.6527374409957007E19    1.0405382508401212E15    3.1847888693798954       25.670295111180838       247.18962926328243       1.6512181471255658E19    1.046677913805379E15     3.183348813870854        25.043907946217875       246.9955495498363        1.6500034162381093E19    3.009190027073636E14     3.1408254487448364       4.927912427763783        91.00446392223618        3.8925754226930258E18
0.06474322344322345       0.0011938775510204045    1.0585316947924209E15    3.2365921128133817       26.299684190471904       385.3659385444827        2.1225891103914013E19    1.0649069277169668E15    3.2353813385032155       25.742360543666347       384.9773262157477        2.12398630540756E19      1.0725507788457265E15    3.2339910059552084       25.119916517489145       384.6900774731082        2.1261277931540357E19    3.267391666588343E14     3.200329953090481        5.23422963114706         138.9409383983           5.5729840288891648E18
0.06097875457875458       0.0019285714285714258    1.0133511162473259E15    3.294741976126244        26.153923737940367       622.2336325581939        2.6305774939751014E19    1.021568868203678E15     3.293589894639676        25.603353257175762       621.7999155602547        2.6388352230774985E19    1.0312683146227751E15    3.292260147207234        24.98840554208049        621.5446542249535        2.6487332436305584E19    3.392562262688632E14     3.265234077757933        5.402266494035569        220.41238640559618       7.7230822826929357E18
0.058002197802197814      0.002755102040816322     9.17668707372562E14      3.3579715719376604       25.817352254960706       1099.1333786997295       3.1578756521653096E19    9.285970560045751E14     3.356848593877413        25.27944264950031        1095.399813734063        3.1799863335286907E19    9.413407722679198E14     3.3555431511281957       24.678572565280923       1091.6445926696795       3.2054994626674168E19    3.444847529212601E14     3.3345123197241153       5.4993870960858615       370.4546636420929        1.0550457483885775E19
0.055813553113553106      0.0036734693877551027    8.294179300353832E14     3.4205683213003066       25.459359133969024       1698.240145006993        3.763518754471201E19     8.43553843100582E14      3.419287210722705        24.939107730936676       1689.8845021577995       3.80695760961336E19      8.598267096716752E14     3.417798876776157        24.357351195293877       1680.9892644198515       3.8560064353722786E19    3.6032615903559056E14    3.4006007786229238       5.691987165833366        552.9540810911982        1.4494516155802075E19
0.054412820512820516      0.004683673469387753     8.549339768640975E14     3.466147614978468        25.543130376240207       2015.5354305201379       4.7003731416706695E19    8.708639580153144E14     3.46455436246018         25.02878313158182        2009.049821000142        4.757370171936271E19     8.892613907527349E14     3.4627150353245764       24.453782762380957       2002.3007256567084       4.821841602764528E19     4.011451672160855E14     3.4434432832970496       6.084056504321375        673.4604716690695        1.912028634306373E19
0.0538                    0.005785714285714283     1.0159362858898894E15    3.4841306146510287       26.128144878212048       2243.918479146163        5.962430896488237E19     1.0314850017445538E15    3.482254242219615        25.602278382387677       2234.278343105173        6.007497765353311E19     1.0494519595531719E15    3.480097162502671        25.01450409093462        2224.3162032025384       6.058442126425242E19     4.5808417966688125E14    3.4558674309603234       6.548485203089313        734.3591144792014        2.2834696621030855E19
0.05304999999999999       0.006979591836734687     1.1936914829269158E15    3.4996374076277417       26.679242196379413       2345.252157853564        7.3583186940124004E19    1.2084878400707945E15    3.4975002288823607       26.143159933132758       2333.8156305629886       7.385839308221661E19     1.2256918575340432E15    3.49504871496608         25.54424363570303        2321.8378191074876       7.417465178523622E19     5.2097107062769375E14    3.465466358469258        7.002920418183965        765.6934180739634        2.6829158185779896E19
0.05229999999999999       0.008265306122448975     1.3803330551131188E15    3.5091327534478074       27.179797399174173       2409.1413371478716       8.681695077139851E19     1.3943342993771328E15    3.5067668885488694       26.63563718354121        2395.639983990074        8.688987074575478E19     1.4107433552016305E15    3.504055736806055        26.02789137385944        2381.369991042537        8.698379959724581E19     5.855218509642018E14     3.469336479113955        7.418118420693822        782.0406323795758        3.0432075697281647E19
0.051549999999999985      0.009642857142857139     1.5578339246211968E15    3.513525214573091        27.59892774888525        2430.85424743386         9.78442669887845E19      1.5710920293101728E15    3.5109661932493146       27.048782094098332       2415.3449899732786       9.77191811658536E19      1.5866908652015835E15    3.5080337605679333       26.434316708307925       2398.8213980160426       9.759080223323673E19     6.462746423221398E14     3.4688438319217263       7.772229689930235        782.9020484732382        3.33283543135463E19
0.05079999999999999       0.011112244897959185     1.7075720016309338E15    3.5139160852578755       27.918040607404244       2420.6673794634207       1.0560925384533474E20    1.7201829679376852E15    3.511205042854355        27.363688953170346       2403.5154081233954       1.0531811186150626E20    1.7350625659914632E15    3.508096827625197        26.744465948398645       2385.1184126064027       1.0500191213197689E20    6.971690857715432E14     3.4653267817547926       8.048250786539013        772.3892010715858        3.5294322062884635E19
0.049953333333333315      0.012673469387755097     1.8174416764816855E15    3.51271035147123         28.135746834068375       2382.0741151498305       1.1037474607128148E20    1.8296082177231962E15    3.509883707804666        27.578741334885287       2363.7460088790162       1.0996585948826175E20    1.8439744943030645E15    3.5066396423733073       26.95647601279101        2344.000776025884        1.0951426712004406E20    7.3531391141879E14       3.4611037179777595       8.249482070356398        754.7866718838151        3.6508435476138672E19
0.04892842105263156       0.01432653061224489      1.8778933662536678E15    3.5111881176440662       28.251189826274913       2309.457052300635        1.1230769530939579E20    1.8898696012981785E15    3.5082832544404576       27.692883680613043       2290.7446699014463       1.1183837816341542E20    1.9039786617181205E15    3.5049435451583966       27.06906362706668        2270.5055972300647       1.11313236996346E20      7.573773856448588E14     3.4575326463835503       8.374138056534989        730.5073725638927        3.705532305871139E19
0.04772526315789472       0.015887755102040806     1.8832287988708748E15    3.510576520676713        28.263312486102524       2193.1964066753612       1.1183225694234711E20    1.8952701542271222E15    3.5076375928606915       27.704927654165616       2175.0832653570437       1.1136286019809303E20    1.909384083686613E15     3.504249932867353        27.080901587120884       2155.405651069598        1.1082974967288662E20    7.612552257673635E14     3.456076123211467        8.419812711199214        698.0394856282165        3.709028859234124E19
0.046343859649122805      0.017357142857142852     1.835880871860345E15     3.5102850646851236       28.17698817357074        2013.166038386104        1.0883770236005641E20    1.8482482362737388E15    3.5073595737081296       27.61972247485129        1996.950763004901        1.0842896735792443E20    1.8626364519686538E15    3.5039749701903884       26.996802742076838       1979.225224366135        1.079539683607147E20     7.47500483804413E14      3.4562312933688673       8.390037780903615        652.6484868898998        3.6582417500005945E19
0.044784210526315774      0.01873469387755102      1.7378656191271025E15    3.509637283602134        27.987673647817385       1765.2984166104216       1.0310685523113258E20    1.7508485852442168E15    3.506779098219485        27.43295785740215        1752.4102209021082       1.0282100575982757E20    1.7658162826215632E15    3.503455238657514        26.812704299237893       1738.1655396108217       1.0247239386558857E20    7.161577406199109E14     3.457576102940014        8.279871374284774        592.3609730844108        3.545736724901425E19
0.04304631578947368       0.0200204081632653       1.5912229622127398E15    3.508018277016875        27.68130999379938        1469.1733012253103       9.445963480943354E19     1.6051024329596258E15    3.505288014784479        27.131015072701892       1460.838588171948        9.435497810862742E19     1.6209583446793955E15    3.502089679069864        26.51547497191685        1451.3982335394867       9.419819509226996E19     6.677591386297344E14     3.459774133185048        8.079527017454819        519.8578183731918        3.364922262498203E19
0.04113017543859647       0.021214285714285706     1.3978281943544635E15    3.5049429054473125       27.229466206058305       1155.92950166247         8.282478472586135E19     1.4128628857924735E15    3.502408286371134        26.686371174467478       1152.9567380297894       8.295034663547493E19     1.42991735842695E15      3.499407586070562        26.078615830725187       1149.2538070459525       8.304301275272102E19     6.033313110151454E14     3.462649484423875        7.772814348469657        438.15895909452          3.1105529983542505E19
0.03903578947368419       0.02231632653061224      1.1534989396921238E15    3.4999909310251383       26.55906146363111        861.3688108369383        6.79094947299335E19      1.1699285158766342E15    3.4977320553749407       26.028263575905783       864.0477822370581        6.830548340884639E19     1.1884901339052642E15    3.4950139916435705       25.433909288612522       866.4196817660759        6.869763070060299E19     5.241656818451975E14     3.4662487834391653       7.332088872892613        343.63638968516005       2.7757643658843628E19
0.03676315789473684       0.023326530612244895     8.657543488566514E14     3.4927179616533492       25.5573744476979         599.4698945970828        5.00712753345557E19      8.838985252410738E14     3.4908383456086          25.050201970319932       610.6134221692168        5.078046641982525E19     9.043486331912624E14     3.48851224592189         24.481413048418588       621.9181340762208        5.1524232069933105E19    4.3415755421397075E14    3.4708383537146665       6.725992706731486        227.40881505846906       2.361321636513945E19
0.03431228070175438       0.024244897959183664     5.3307309523609306E14    3.4826359542478373       23.826863337820892       280.0533457818649        2.896854449741135E19     5.528641036426253E14     3.481286344955558        23.380306419001233       306.123505608081         2.998136598932223E19     5.75228756847556E14      3.479507218026237        22.87598264208339        333.6294969679857        3.108350361412367E19     3.389086668953318E14     3.4768564758682015       5.9044044186920335       63.64343105697767        1.8756040991353516E19
0.03168315789473683       0.02507142857142857      2.2932496081312566E14    3.4689754773909205       20.45706734897185        -181.8480263014076       1.046716727253785E19     2.429487788302957E14     3.4684372520241085       20.11832849394396        -137.89010600309524      1.1167395670196093E19    2.5897595191196328E14    3.467483022894961        19.734916372158786       -90.77765709599157       1.197728633179457E19     2.4547720881663866E14    3.4846677233440433       4.759821995250865        -116.52353167009856      1.3575230412969124E19
0.02887578947368419       0.025806122448979583     7.059245914673966E13     3.450478178423102        14.943967723470003       -733.106724081001        2.3876738045962772E18    7.699348112768311E13     3.4513634328857945       14.748251535990262       -674.2774162183413       2.6579862564252206E18    8.474475935567394E13     3.4518041048140113       14.525990929991412       -611.5872750771249       2.9836997462848527E18    1.753642897425956E14     3.4930326191812          3.349022747111054        -176.588236994118        9.657364037602746E18
0.06929560439560438       0                        1.0136079975366024E15    3.1841343436947933       26.16259039536771        239.71461693780535       1.603666340895951E19     1.0192236711680766E15    3.182743550689432        25.602029110269786       239.51799763108815       1.6022722945964468E19    1.0259286002315269E15    3.1811819825453718       24.976039334322913       239.38204066526998       1.6012594283172327E19    2.9537571364922025E14    3.1403155671387952       4.857620530481278        87.99479618141106        3.8123398364411336E18
0.06474322344322345       -5.828124999999986E-4    9.643829899741268E14     3.2251242177949226       25.99884072161198        325.48556244404216       1.8377415365069021E19    9.712743293310149E14     3.223859527953212        25.4434034599785         325.453939184364         1.840481370511532E19     9.793996529048321E14     3.2224377207158694       24.82311433181413        325.5521204898479        1.8441566691927425E19    2.9857398145932544E14    3.1878959199957113       4.9250756821867085       118.00684744013351       4.8128140949474222E18
0.06097875457875458       -0.0017484375000000006   7.640182035305819E14     3.2557855257546096       25.238344388002137       366.7853142872308        1.6743345858854801E19    7.722309793722281E14     3.2548444947415187       24.694706177927262       367.61876734258675       1.6853812555724298E19    7.817879153352705E14     3.25378299199967         24.087531651802795       368.7284735269758        1.6983328457392497E19    2.597060337853561E14     3.2216546028808235       4.500422784766611        133.07367898946222       4.884631229772886E18
0.058002197802197814      -0.0034968749999999974   4.081712844562976E14     3.254532304811485        23.19907815216063        220.11919957931366       8.9495194901362678E18    4.183840588930043E14     3.2543186092788225       22.701238441122424       225.17362888375416       9.1653684000860559E18    4.298514242371601E14     3.254066797857489        22.142223065179063       230.91624783681067       9.40670812387152E18      1.8047449123000272E14    3.217780906751029        3.340181558455755        95.17796090709095        3.3471141731977549E18
0.055813553113553106      -0.005828125000000006    7.3300630326509E13       3.205727210756414        17.70619082017349        -106.55394491399079      1.2966706328735808E18    7.952044192686606E13     3.2073798949420382       17.388593800392698       -98.10721152904236       1.41705384808576691E18   8.70051328489539E13      3.2090756734450583       17.029729159769605       -88.7158823794961        1.56209083366625894E18   1.074799199095046E14     3.151812153772748        1.711092850170051        35.98639845590362        1.47117567210617062E18
0.06474322344322345       5.510204081632584E-4     1.0243752664089815E15    3.2326391669832955       26.193535248869363       364.962007313889         2.0184934579240006E19    1.0313156559848759E15    3.2313185280434875       25.636836197374052       364.75823862216123       2.020315265624473E19     1.0395038502093612E15    3.229830527087148        25.01510740909444        364.67549786025063       2.0229641421729513E19    3.1698768156261894E14    3.1968090406086063       5.124701695314192        131.97994088359673       5.3216211964286863E18
0.06097875457875458       0.0011938775510204071    9.604533784081766E14     3.287831034685917        25.978806708822482       570.8071519491305        2.420968932884866E19     9.692111849771614E14     3.2866108194984855       25.42975581636494        570.7887437250699        2.4302703468245303E19    9.794238712365182E14     3.2852294371525788       24.816502602361428       571.0100670325385        2.4413338122134446E19    3.229659733888708E14     3.258348545888033        5.228693781067036        203.72240808906662       7.1376248654296842E18
0.058002197802197814      0.001928571428571425     8.32101641554578E14      3.3477925815597147       25.49429844018616        1010.1095583308551       2.7489777810875662E19    8.435923285297609E14     3.346672853247479        24.960875666773667       1007.1782683505992       2.7734288751572845E19    8.568676271009785E14     3.34539622150931         24.36492144639419        1004.179420638298        2.8015066653360427E19    3.1752620061965194E14    3.325051907693307        5.216028065514765        338.9721164003641        9.35866198243536E18
0.05581355311355309       0.002755102040816322     6.82688220435329E14      3.4102105381474876       24.805911299402123       1709.4915845320106       2.981821464087371E19     6.979264692551011E14     3.4090677456021368       24.30156278461027        1703.8705767150836       3.0344137195246146E19    7.153622043349178E14     3.4077520140864372       23.73710094097469        1697.3639807340173       3.0936449916738335E19    3.175332388984885E14     3.3940182912198096       5.255165146220578        545.0941843925921        1.2474108222800742E19
0.054412820512820516      0.0036734693877551114    6.462404933912735E14     3.4610170940564173       24.580334662761473       2030.310226112498        3.4914539033515078E19    6.63840522381295E14      3.4595524643655984       24.094908585218704       2027.657137354265        3.569273440475339E19     6.840611530299275E14     3.4578777709291266       23.55118240687414        2024.1938104497074       3.6570783645504954E19    3.461323607847349E14     3.444305869922032        5.573889677954469        681.6061091991253        1.6619321491860058E19
0.0538                    0.004683673469387751     7.865204781727408E14     3.4840712449378026       25.245420903230915       2350.1269492246347       4.673848833856059E19     8.040535657102049E14     3.482278188802706        24.742370671038827       2339.5621303413345       4.745999158956733E19     8.243256897787532E14     3.48023545053253         24.180157550626795       2328.590884341755        4.827954486985379E19     3.9954904580466544E14    3.461682154979725        6.073707180273356        757.2059086830994        2.047916615279721E19
0.05304999999999999       0.00578571428571428      9.573515439703604E14     3.504342915452774        25.9149207937873         2453.8253057390984       6.138784462038341E19     9.747029920308841E14     3.5022478758822446       25.397199204160835       2442.8242708237235       6.198482796998547E19     9.946752900071598E14     3.499866568590304        24.818504389716175       2431.443064791081        6.2658024102914064E19    4.616908456664212E14     3.4755685396396747       6.581093770198518        798.0580833800051        2.4887309940077216E19
0.052299999999999985      0.00697959183673469      1.1610888030831082E15    3.517636468146674        26.578328602761907       2527.284359161914        7.733809265936764E19     1.1776958270671645E15    3.515273454031153        26.047122322673594       2514.6891650887947       7.771343025475636E19     1.1968479764286305E15    3.5125906261265905       25.453566562953398       2501.450271046567        7.813931089243034E19     5.302362773029532E14     3.4824051303976087       7.069223569624771        823.9477719094474        2.9192817696527438E19
0.05155                   0.008265306122448975     1.3692957024356568E15    3.524796580705263        27.149206916618812       2551.541446935545        9.19115993122741E19      1.384789116952851E15     3.5221994091732034       26.607307319232497       2536.9928392634497       9.202202156482226E19     1.4027951818584455E15    3.5192519374697184       26.002116637325052       2521.623067017417        9.215832362940106E19     5.995445542686968E14     3.4836520602012917       7.505419784627645        830.0755681363876        3.2948371345598108E19
0.0508                    0.009642857142857142     1.5619969876111732E15    3.526970022297166        27.60700297489544        2541.6789919340217       1.0350964603076172E20    1.576710717223924E15     3.5241799706732277       27.058163059223695       2525.2424747088153       1.0338933089731017E20    1.5938539649136365E15    3.5210118834534354       26.44519800829368        2507.686166764673        1.0326718236218556E20    6.638890217550665E14     3.4808533710013316       7.870794021130062        820.932692444813         3.5849776485193515E19
0.049953333333333315      0.011112244897959181     1.723694673769895E15     3.526789128388858        27.950596793515714       2510.3064067282994       1.1200103609686799E20    1.7377969607905972E15    3.5238436692941026       27.397120247832575       2492.3162165535505       1.1169330906781971E20    1.7542583126056502E15    3.5204959665894746       26.778934345298413       2472.9770239558525       1.1136007233570331E20    7.194296671211872E14     3.476666768842776        8.16447012381266         803.6397848198264        3.801093494607362E19
0.04892842105263157       0.012673469387755097     1.8450994608573228E15    3.525676937794909        28.18905962082652        2451.14535357825         1.1757362511675494E20    1.8588498788462875E15    3.522611669162581        27.632757727712104       2432.0452591319336       1.1713510154392425E20    1.8748927171097652E15    3.5191228679142696       27.011332961300276       2411.4297054477224       1.1665146119427944E20    7.632873437015794E14     3.472513246856923        8.389575651936868        779.7235398292598        3.953379317806059E19
0.047725263157894715      0.014326530612244898     1.9147330455430045E15    3.523479883606158        28.32002443668952        2347.0948927367663       1.1971621257815923E20    1.9283706551364742E15    3.5203397241976795       27.76234502004109        2327.880136220595        1.1921402209303734E20    1.944238669602686E15     3.5167584020762934       27.139277672259567       2307.052521813539        1.1865257872675024E20    7.896102562944495E14     3.468524789895947        8.53236612439523         746.256097415116         4.021396533002492E19
0.046343859649122784      0.015887755102040806     1.9260706331020895E15    3.5215928485485963       28.342777801860237       2189.5414152622093       1.1896438456927584E20    1.939834215351703E15     3.518429594192272        27.78502208273875        2171.3752780578425       1.1846874295654914E20    1.9557741602825302E15    3.5148119074944786       27.16174947336074        2151.5802764496925       1.1790590993076037E20    7.958058520289038E14     3.466332147342725        8.58993870096485         702.0281774997525        4.0232027227284914E19
0.04478421052631578       0.017357142857142845     1.881551623504467E15     3.5194784938198267       28.263161699849356       1967.8370178122361       1.1526338171730615E20    1.8956698153618358E15    3.5163464517955094       27.706564009442797       1952.0652547167715       1.148423283484889E20     1.9119214140777018E15    3.5127509803649715       27.084445495465697       1934.7470001973816       1.1435246602458243E20    7.821976340631555E14     3.4654891449306398       8.56523551404266         644.5265373592234        3.9556309386719584E19
0.04304631578947368       0.018734693877551015     1.7831452605318462E15    3.516590482668023        28.07699093988331        1690.3098196683827       1.0848430151321285E20    1.7978664614756435E15    3.513548117315537        27.522998686049398       1678.2111422651624       1.0820377312318703E20    1.8147002975976838E15    3.510037740798463        26.90362951103134        1664.751254857184        1.0785995830560378E20    7.487629380552035E14     3.4656955141710637       8.452691143404662        574.5505092096946        3.812663819711085E19
0.04113017543859647       0.0200204081632653       1.6327081981257392E15    3.512496312346935        27.769785409730762       1383.015238385041        9.856248819642317E19     1.6482594209521858E15    3.5096059876845347       27.22026821137361        1375.5354816970412       9.847997167896199E19     1.6659428096691375E15    3.5062476477545093       26.605730879977315       1366.9900191201336       9.834802665837216E19     6.962468771694724E14     3.4668032213181115       8.242322930057837        496.18532016945767       3.591337321902328E19
0.0390357894736842        0.02121428571428571      1.432053991387023E15     3.50688403214418         27.311966969191637       1074.2722948164296       8.55590575579862E19      1.4486291095463218E15    3.5042131018860587       26.769696528477894       1071.9728410281498       8.5718621788078E19       1.46741466252619E15      3.501079016644001        26.16309636232106        1069.0284959423361       8.585180984550887E19     6.258074123678579E14     3.4688798385966964       7.916320096361684        411.5568447471737        3.2897245057367454E19
0.03676315789473684       0.022316326530612243     1.1775398902153178E15    3.4994628198224094       26.629265540761466       794.610783696356         6.93335725807876E19      1.195311874115921E15     3.497090411629216        26.099372540935207       797.5720239077798        6.976765784381906E19     1.2154254539168252E15    3.4942652726768193       25.506368707628756       800.3307642875102        7.020715922004208E19     5.399503560485032E14     3.472231954844477        7.4501511596321155       320.02943505346514       2.9089538711519646E19
0.03431228070175438       0.02332653061224489      8.784868101532138E14     3.4898771451455874       25.607898584881035       556.1127661419955        5.043439953466147E19     8.977135961175736E14     3.487906895924915        25.101842583781483       567.1776714383592        5.117707279374439E19     9.194625741912875E14     3.485500883691471        24.534777694265014       578.3621242372485        5.196490623812308E19     4.424225126047367E14     3.4773502582440337       6.805355716906761        206.09085135501726       2.4492505036678636E19
0.03168315789473683       0.02424489795918367      5.357424797612995E14     3.477702622989707        23.845691459906124       260.8161958984151        2.8664686268235497E19    5.56323330378029E14      3.4762879747218474       23.401570136815646       286.91796628877887       2.9699382291829395E19    5.796199518764985E14     3.474459103682205        22.900162965846313       314.42899291976505       3.0830085012882715E19    3.4011907374097744E14    3.484817343726934        5.929812887344377        45.29242726002974        1.9249668926593106E19
0.02887578947368419       0.02507142857142857      2.282851897191996E14     3.462236167772085        20.426522416667627       -191.49159705323123      1.0121419055509725E19    2.4213773973557225E14    3.4616620661417343       20.091779613629264       -146.84394712279374      1.0815438055885087E19    2.584694477091281E14     3.4606937068226515       19.713223771944424       -99.0186036557003        1.1621471950736744E19    2.4448145357460744E14    3.495024881444334        4.75534413459906         -96.04699223921041       1.4009820249892045E19
0.025890175438596487      0.025806122448979583     7.046034396855519E13     3.442415366071229        14.872340356379354       -748.8234203989042       2.2710021287623063E18    7.6922925978612E13       3.4432844894923313       14.68060930823097        -689.2170464772429       2.5330691074385705E18    8.475105932243369E13     3.443736320672746        14.463004075909488       -625.598274476047        2.8496911523493914E18    1.7273254199600747E14    3.505938584580114        3.2920721123255534       -132.81214097102225      1.0115382717952109E19
0.06474322344322345       -2.8199664825478975E-18  9.950269112187231E14     3.228865818113968        26.100018038445842       346.6728271781748        1.928049743141826E19     1.0013873575934104E15    3.2277186304766405       25.5440029344833         346.5510856274436        1.930519376409919E19     1.008994748367696E15     3.226397979148392        24.9230382772581         346.5563390054387        1.9338064692477837E19    3.0714235082937756E14    3.189162728113968        5.0288613048099595       125.35814559562829       4.9783971763118152E18
0.06097875457875458       -5.828124999999975E-4    8.380439526097289E14     3.2689390633974957       25.536816030276775       439.7959648317907        1.9460627353878393E19    8.460189217362774E14     3.268039145733954        24.99105596009818        440.351158353821         1.956909298078366E19     8.553962951461402E14     3.266992009391237        24.381528921020006       441.17798034120796       1.9696079246298788E19    2.8268304292471206E14    3.2336280429598054       4.792328723164685        158.95307256043444       5.6052059214037514E18
0.058002197802197814      -0.0017484374999999978   5.135327026927517E14     3.285937768766027        23.929389095862955       375.3984592196235        1.2973071369655861E19    5.2411188889875175E14    3.285690237437476        23.41965864744096        381.1270765644812        1.3226490987237011E19    5.3621979659576306E14    3.2853656797632813       22.84912093114514        387.4417490261865        1.3513183511487476E19    2.129010823568165E14     3.2537059515425444       3.8911607604750733       144.37550452572646       4.631874048778368E18
0.055813553113553106      -0.0034968749999999974   1.1192860894364319E14    3.2546714809132093       18.97784184216732        -57.02597519979177       2.4814630440466611E18    1.202482481900091E14     3.2558894099830638       18.634465809631973       -44.42566422158047       2.6807802868286945E18    1.3026065927170752E14    3.25711202253314         18.2492923726529         -30.249204291052415      2.9201165934643041E18    1.2400636369136162E14    3.2132914204107714       2.162248297847103        57.48890179037272        2.26155349369341517E18
0.06097875457875458       5.510204081632644E-4     9.15007061360747E14      3.2812446772642256       25.821253621328328       525.1805676215497        2.2417896566615577E19    9.231785800693065E14     3.2802354131726155       25.27351161416917        525.2991298809407        2.251982462649596E19     9.328033417799634E14     3.2790664878871745       24.66175860052479        525.6692045200564        2.264010358970575E19     3.075605746343936E14     3.2492864225675597       5.073291156130292        187.78042807703926       6.5336907459324867E18
0.058002197802197814      0.001193877551020409     7.594960362867715E14     3.3373657195844055       25.195102711183594       896.1517863044633        2.4029954613897535E19    7.703608188880894E14     3.336546571651943        24.66515631786119        895.0869185340622        2.428501006997517E19     7.829639275964074E14     3.3355825993462784       24.073023138390955       893.9557378650934        2.4576934208406385E19    2.929748549063234E14     3.3137899669343946       4.953092703546047        299.90898317767017       8.2451989235753994E18
0.055813553113553106      0.001928571428571425     5.526271666224643E14     3.3966506815641297       24.101482612992864       1608.9415000146753       2.282615660680661E19     5.676229622514479E14     3.396029768492632        23.615124197695494       1617.8087875236129       2.3398966488814658E19    5.848867943142172E14     3.3952640583581752       23.07050817162154        1626.2375935659434       2.404751116134333E19     2.7693758206735847E14    3.3830536686209958       4.801136453255731        524.14432017412          1.0440309229344608E19
0.05441282051282053       0.0027551020408163253    4.461570016125677E14     3.451805891142765        23.26249652766397        1912.164837484671        2.2910402637407257E19    4.6377551680363744E14    3.4508512758989855       22.830021873817333       1928.622038346687        2.3801891937448264E19    4.841324777961231E14     3.4497193272284963       22.34249442081571        1945.560207873686        2.481714977507621E19     2.904913133173748E14     3.4412104897317257       4.986926829340039        683.4228909418828        1.3833163327545448E19
0.0538                    0.003673469387755103     5.483363515915729E14     3.480684731224424        23.970384651598575       2479.9352697627146       3.1968113910880997E19    5.667180044256838E14     3.4793366425058867       23.51436163013005        2477.871571093447        3.294456783480656E19     5.881917960598176E14     3.4777655540877506       23.003458027995208       2474.0429700086297       3.406484980952191E19     3.3751819588615325E14    3.4648101341933515       5.507678225246879        779.2925377684064        1.7593481388542282E19
0.05304999999999999       0.0046836734693877485    6.916128636898306E14     3.5066965998223463       24.779466346832443       2643.324113768956        4.515544076506016E19     7.10512201139651E14      3.505005328419663        24.297846085912557       2629.4671735538077       4.614002574007718E19     7.323924435276504E14     3.5030493220563197       23.758679653023613       2614.773800655368        4.725439875561664E19     3.9510245230298456E14    3.4841676638863506       6.057950512101875        828.2259923614843        2.215408750599241E19
0.052299999999999985      0.005785714285714283     8.926347426643726E14     3.5245615659624083       25.664378521433505       2692.8181870374538       6.248482668384377E19     9.109701870464368E14     3.522575702859557        25.157277807614904       2678.7179407247904       6.32879747941407E19      9.322094197693684E14     3.520289542515013        24.590513360237207       2663.9917122019997       6.419539975920553E19     4.631913818785193E14     3.4949803685175764       6.615221095122476        865.7284741494713        2.698275821494117E19
0.051549999999999985      0.00697959183673469      1.1250733694826721E15    3.5352045425358245       26.466177689051356       2709.4398043764877       8.084410224655568E19     1.1423270869836508E15    3.5329573861739405       25.940507972957654       2695.679303570525        8.135820200185686E19     1.1624020685490268E15    3.5303760996954607       25.353375241961647       2681.1065376670235       8.19441051316205E19      5.372369358592636E14     3.4988093800471094       7.138043474379689        881.5497875593292        3.157226437525543E19
0.05079999999999999       0.008265306122448976     1.3572704707097308E15    3.5398493210035182       27.11896162567415        2688.1638955175404       9.700122847863977E19     1.3729405909916745E15    3.537368604928279        26.579696449204675       2672.353126740454        9.718308903530378E19     1.391265767064344E15     3.5345217726950637       25.977457433242176       2655.558432184924        9.739792218618811E19     6.109492449522586E14     3.4974150887024704       7.594721157859866        876.3854338925497        3.543706628963516E19
0.04995333333333332       0.009642857142857139     1.565896322202696E15     3.5413359695203286       27.61805194419952        2647.998225801162        1.0989584703195552E20    1.580613584579765E15     3.5386574927796963       27.07090098362103        2630.6132777902567       1.0981417832423776E20    1.5978939824119082E15    3.535583373870977        26.45982255986668        2611.971563644418        1.0973280247719341E20    6.804935490739991E14     3.493849575951614        7.982761684601108        859.1957072493884        3.8628829876539695E19
0.04892842105263156       0.011112244897959185     1.742459539198345E15     3.541183063470744        27.992159766171834       2592.670230738387        1.1964174847425644E20    1.7564448996670302E15    3.538343301994172        27.43984489167393        2573.9045066952945       1.1934710366163123E20    1.772950033470158E15     3.5350818996549336       26.82300830359073        2553.676478189044        1.190271277938953E20     7.424360280486709E14     3.4897128862093982       8.303594287981353        834.7894996470858        4.119978888223161E19
0.04772526315789472       0.012673469387755095     1.8765787144583768E15    3.539252534083765        28.25283630178763        2501.894526479215        1.257375578932814E20     1.8901646739290382E15    3.5362941470226628       27.697449700056016       2482.2197025501714       1.2529932500265334E20    1.906214717157957E15     3.532892220082769        27.07710255359604        2460.9277728031916       1.248142378672917E20     7.915324801515015E14     3.485065547949933        8.548757854746713        800.9117353310214        4.293807157679734E19
0.046343859649122784      0.014326530612244898     1.9554398587421395E15    3.535508907278096        28.39855225625361        2356.0617022515744       1.2767747000095377E20    1.9689134447604E15       3.532484975788582        27.84168814884036        2336.6758891642394       1.2717515973127197E20    1.984794866028218E15     3.5290003376866212       27.21958180259672        2315.59886433788         1.2661100612705318E20    8.211354620691845E14     3.4801798774112456       8.703854359298619        754.8517491382954        4.362075430974709E19
0.044784210526315774      0.015887755102040806     1.9719341117808148E15    3.5315774666384914       28.429790705586367       2153.212566805684        1.262026079586781E20     1.9855838864438452E15    3.528547025359268        27.872860520518614       2135.3851432410606       1.2571713171141375E20    2.0015943631702602E15    3.5250439043936703       27.25055963061517        2115.8797841737473       1.2516231234537303E20    8.282744218594641E14     3.4768938722877154       8.765983683210678        697.1968892953297        4.347711451113684E19
0.04304631578947368       0.017357142857142845     1.9286092598694092E15    3.527039418888665        28.353570869048514       1893.8363073830956       1.2137383822711742E20    1.942682408117031E15     3.524061853893507        27.79785160039258        1878.846363582889        1.2097905912790727E20    1.9590789806627735E15    3.520604606577177        27.176769402002087       1862.2955275020852       1.2051480677515487E20    8.131463510601279E14     3.474878768941372        8.737751380157324        627.870734782445         4.249287091818448E19
0.04113017543859647       0.01873469387755101      1.8273728798288248E15    3.521525110616003        28.16579559670339        1595.2518079539705       1.131933814035395E20     1.8421332298023982E15    3.5186609622347755       27.612778526167304       1584.1483710653295       1.1295697529044473E20    1.859207493072499E15     3.5153150726615014       26.994578593067633       1571.7103228706242       1.1265929037148234E20    7.759719286830591E14     3.4740121783159794       8.613938225166635        549.3865149104279        4.06497203809743E19
0.0390357894736842        0.0200204081632653       1.6701435801657488E15    3.514782959277937        27.85141264530154        1284.4658526446076       1.017446629456056E20     1.6858157313067095E15    3.512094067109967        27.30300160169979        1277.9270847150617       1.0172077075500035E20    1.7038364291181188E15    3.508926430482139        26.689828571061742       1270.3965019075001       1.0165287256230666E20    7.177978667987086E14     3.474365301655202        8.38421351583459         465.6211067302076        3.7962162563375686E19
0.03676315789473684       0.021214285714285706     1.4593692819330665E15    3.506640272248874        27.38009614635361        984.9998368780276        8.725422235259788E19     1.4761366419029468E15    3.50419218480673         26.83912355692754        983.4062540229904        8.74798024774351E19      1.49533652980582E15      3.5012738145453617       26.23415498849225        981.2640033361547        8.768742548419342E19     6.401780268338956E14     3.4762345115684776       8.029606199929356        378.88920726251365       3.444711294866486E19
0.03431228070175438       0.022316326530612246     1.1928346928449032E15    3.496898079602172        26.67701676761385        723.2511042301744        6.975873769020647E19     1.2108628063472168E15    3.494768516691754        26.148769349630722       726.519025840888         7.025688369801305E19     1.2314314333208232E15    3.492183362115228        25.557792657033442       729.6669385428779        7.07699080885325E19      5.472397660813803E14     3.4801067241240258       7.529848328845146        285.80302093859234       3.019903449995556E19
0.03168315789473683       0.023326530612244895     8.822361963226905E14     3.485256285739943        25.627298422054782       510.04120574834093       4.997744133113009E19     9.017954415594661E14     3.4835498443854624       25.123740506183214       521.0031369176161        5.077445344645902E19     9.240049025618735E14     3.4814095686969746       24.559472340126923       532.1032533546717        5.162375735230016E19     4.425311580945083E14     3.486602932617794        6.8386807481004555       170.94688623400728       2.5189099841210335E19
0.02887578947368419       0.02424489795918367      5.314813914051006E14     3.471324220978543        23.823689020267217       239.1335485245334        2.7845763977975448E19    5.522367323752235E14     3.4701992210759967       23.383498570525948       265.1695924177292        2.8903474635686638E19    5.759492954229558E14     3.4686671839663936       22.88733436401282        292.6737796702538        3.007144577692129E19     3.346937184481732E14     3.4963810347407414       5.905626963601468        34.90665241458879        1.9641806119838343E19
0.025890175438596487      0.025071428571428574     2.2415170082233188E14    3.4544386736286605       20.347831222251727       -202.7302540955943       9.59949900687232E18      2.378657931499092E14     3.454188412044305        20.018435523527565       -157.60682910344963      1.0281380782134155E19    2.5411638243851106E14    3.453557722896803        19.646560801134207       -109.33546832119204      1.1078037492042828E19    2.384053424138073E14     3.509222564461379        4.694819318967305        -104.87987051903491      1.438160358534152E19
0.02272631578947368       0.025806122448979583     6.954901963737004E13     3.433717087703942        14.761480336977131       -761.9637045357468       2.12492248316145408E18   7.593730715864716E13     3.4349374666649686       14.574320301618219       -702.0638825454189       2.3765598604028477E18    8.370343439733206E13     3.4357630544054367       14.362930400452546       -638.0011566409795       2.6822193545144832E18    1.6957884209964044E14    3.522513814619303        3.2427253051455236       -93.94478050235642       1.0753414548714574E19
0.06097875457875458       2.8199664825478975E-18   8.771652937845288E14     3.2755704265615173       25.68398530510482        485.61164543870296       2.096840506346986E19     8.85737812112827E14      3.274467237043279        25.137116143017444       485.89913460105527       2.1072494408300343E19    8.95742297415182E14      3.273222050216404        24.526376638744335       486.44442822285066       2.11959286966315E19      2.9611968032599244E14    3.2454524359523327       4.937227434242904        174.44157665708374       6.1881546209137111E18
0.058002197802197814      -5.828124999999936E-4    6.00823065651683E14      3.307630060588394        24.433284339157215       542.5414907432144        1.6724162966634377E19    6.12021822918474E14      3.3070432201250752       23.9154317490916         547.7562568424512        1.6992242050282054E19    6.248402286125509E14     3.3063658737503134       23.33621770535539        553.5403384841882        1.7296610210472528E19    2.4160122522691134E14    3.28402938133778         4.299131293334065        196.1706671266333        6.0000559340991345E18
0.055813553113553106      -0.0017484375000000063   1.706502335785067E14     3.3002322121638756       20.27573871412949        61.97682726405185        4.606895487214634E18     1.814956592493731E14     3.3007894780891482       19.901724846254638       80.13235301551296        4.9180460924338647E18    1.9430040376090862E14    3.301346452389683        19.48044624632791        100.69187132560032       5.2848217098805494E18    1.489092855897112E14     3.2791521164448336       2.733942910282298        99.68688513790389        3.6485132339627607E18
0.058002197802197814      5.510204081632599E-4     6.990998084447172E14     3.3273206092113443       24.924636714043437       779.53096409481          2.119900839863951E19     7.103025800454341E14     3.3264949033014686       24.398386482979124       781.2656062664835        2.1460214688401764E19    7.231840720361249E14     3.3255475122471347       23.810179126935086       783.0905873866459        2.175794681703926E19     2.736269060730813E14     3.304702716359995        4.715458978356718        264.11570258623965       7.4157460110415677E18
0.055813553113553106      0.0011938775510204078    4.4429488220559456E14    3.380862229066483        23.376380901645          1313.819276125378        1.7128588128018608E19    4.5977827592999756E14    3.380437316409885        22.91392114427022        1342.681852101967        1.7716953524056371E19    4.775900120905052E14     3.3799087739278866       22.395065758690738       1373.166411109229        1.8385968467140323E19    2.4296871179844334E14    3.369265278443461        4.353317323738935        475.96270640190096       8.6740369142623539E18
0.054412820512820516      0.001928571428571427     2.7778685270907706E14    3.4384370671335214       21.454193990973685       1482.1385678430847       1.3122118132938185E19    2.9356100284209525E14    3.4377199158713574       21.104515633208702       1529.7606341412873       1.391773529871992E19     3.1214873322054925E14    3.4368695255341937       20.706747588430837       1582.6690276034276       1.4848921015823206E19    2.3870365456537403E14    3.4339440930420446       4.313072331029526        678.2766074435582        1.1067413455775242E19
0.0538                    0.0027551020408163236    3.3582588978328006E14    3.4737043105592766       22.02101891439448        2293.9559819139727       1.8364444822140944E19    3.52455309044642E14      3.472495521588285        21.654655394348204       2329.4858502853344       1.931430569042421E19     3.721354471651406E14     3.4711003292062115       21.239885034917485       2366.2974781525295       2.0426223153210778E19    2.7807306471040134E14    3.464927337995179        4.839330431623676        802.0206197983642        1.4527221243486245E19
0.05304999999999998       0.0036734693877551027    4.243047351823081E14     3.5068682394729627       22.883274436781676       2802.658390629929        2.6956131149609353E19    4.4263030210243906E14    3.5052354372696013       22.485582486243434       2811.6647421330185       2.8100207847150342E19    4.642484985357191E14     3.5033646544626293       22.0370597408356         2819.0504417402667       2.9429846573416088E19    3.2811736125741756E14    3.491152218750055        5.414205932482084        859.241601775419         1.8946208111670366E19
0.05229999999999999       0.004683673469387749     5.88668154715158E14      3.530057907134068        24.155918135143875       3014.1245559592          4.203489470912937E19     6.092218986853059E14     3.52812061883257         23.70702878208557        2998.7011837137197       4.330340855681671E19     6.329491996610302E14     3.525910101885869        23.202105511550254       2980.550273367883        4.473755558900535E19     3.9250953405217256E14    3.5069799810377797       6.038542545595805        904.4042819874605        2.4068506701997875E19
0.051549999999999985      0.005785714285714281     8.254625286147268E14     3.5446238809406614       25.37597737738246        2960.3863944424284       6.29101249049709E19      8.457281852492646E14     3.5424085702195534       24.881885386743235       2941.4923656357546       6.395407959806789E19     8.69045727044383E14      3.5398849879513725       24.328980559043654       2921.4088073927696       6.5124278856869175E19    4.675644884381136E14     3.5141043180684575       6.651226212821531        934.5469731783975        2.93847844775462E19
0.0508                    0.00697959183673469      1.0898166673681121E15    3.5521491152422886       26.347612363004565       2895.9395651994137       8.425339504959198E19     1.1087817235074645E15    3.5496705179243078       25.827473524875444       2880.1319883731326       8.490224101892596E19     1.1307489740414952E15    3.546853252176379        25.24654879053769        2863.4770108899947       8.563984285791081E19     5.4768195501247325E14    3.5145534886912686       7.208704683903102        938.9124267428967        3.426143079693791E19
0.04995333333333333       0.008265306122448975     1.3461074977021765E15    3.5558276605301766       27.085979136599505       2825.7135458945836       1.0284957153385903E20    1.363527394651224E15     3.5531106322273356       26.549792064435348       2808.3018711676855       1.031033120560531E20     1.3837694911529858E15    3.5500215337483123       25.95106503768312        2789.610935845295        1.0339995621142284E20    6.279909684366994E14     3.5119024077408603       7.696281710689093        924.0628914264378        3.855535983249637E19
0.04892842105263158       0.009642857142857142     1.5740845277031715E15    3.557185976998146        27.634352106912555       2748.466650208163        1.177086540559361E20     1.5905975592126215E15    3.5542640512173507       27.08914443466903        2729.999639189795        1.1765410144897683E20    1.609855670711835E15     3.5509388162413535       26.480370686632003       2710.0804310451394       1.17605995400494E20      7.052963007733901E14     3.508014092823842        8.116692950579104        898.1706678810277        4.227970444317191E19
0.04772526315789473       0.011112244897959181     1.768425216623566E15     3.555986361598019        28.04357665618335        2655.479892003221        1.2851949771885386E20    1.784201686101737E15     3.552902132772054        27.49245156853979        2636.01601059363         1.2821513432653801E20    1.8026468811267025E15    3.5493876763467718       26.877033017307745       2614.963155944278        1.2788566309040968E20    7.740332987941491E14     3.502993713347183        8.461079605079432        862.2174559315571        4.5155626686183555E19
0.0463438596491228        0.0126734693877551       1.9161770882539858E15    3.5522515725353085       28.326472684474332       2521.186490092721        1.3471080798884664E20    1.9316051342016812E15    3.5490557762706847       27.771940491159572       2501.230727932606        1.342470990988298E20     1.9496482674654775E15    3.5454081234855495       27.152642711581827       2479.562118650214        1.3373478265260492E20    8.279056166144691E14     3.4971113660855253       8.719956116173215        814.5693117582397        4.695007745254381E19
0.04478421052631577       0.014326530612244898     2.0036075580653022E15    3.546125248339522        28.484456592232476       2327.979652036495        1.3591552607000956E20    2.0189983072661498E15    3.5428790338479574       27.928348570475404       2308.818131203556        1.3539077414203417E20    2.0369479649054968E15    3.5391651617138327       27.307173285827833       2287.8996219550622       1.3480190579281412E20    8.595395613881848E14     3.490801464487923        8.879271187703218        754.2004697386474        4.744849699584105E19
0.04304631578947367       0.01588775510204081      2.0234363281357535E15    3.5395101356288516       28.52033085930537        2081.8403526077545       1.3320221206748402E20    2.039061739039001E15     3.5362783068400216       27.96417558773546        2064.7395767848843       1.327092506284687E20     2.0572031166072005E15    3.5325689549303325       27.3428241749422         2045.9331948976048       1.3214564448634965E20    8.65797350307524E14      3.4861248072822595       8.936949099551185        683.4956632457335        4.696302207910369E19
0.04113017543859648       0.01735714285714285      1.9785101514594468E15    3.5321447712230682       28.442475549743037       1793.066247315375        1.2680834607745434E20    1.9945808631330232E15    3.528989604046375        27.887616757453614       1779.136167449034        1.2642643372730468E20    2.0131403466420205E15    3.525352554854247        27.267589721879197       1763.66100041402         1.2597602135823062E20    8.470919408973339E14     3.4829116519716274       8.896275945615065        604.2329856828603        4.552579119262962E19
0.0390357894736842        0.018734693877551018     1.870924402693855E15     3.523835446181532        28.24686489307741        1482.965130151049        1.1690464217149293E20    1.8876535733627435E15    3.52081748052881         27.69484486318115        1473.000357182465        1.1670098707005437E20    1.906877110093247E15     3.5173186321159116       27.077877578561413       1461.764675643841        1.1644013284168868E20    8.040023563376634E14     3.481229606163081        8.752271018257696        518.8463434871642        4.31677761832784E19
0.03676315789473684       0.0200204081632653       1.703266977574558E15     3.514472542799435        27.918198208921854       1175.7803925203134       1.0375192313871042E20    1.7208189769855898E15    3.511651830932273        27.370982324358753       1170.2429836400195       1.037753209283707E20     1.740912741344119E15     3.5083567620264735       26.759293782062596       1163.8138980249755       1.0376186777532437E20    7.382055073214949E14     3.481344651501061        8.494943801705315        430.1391237523602        3.995337372678791E19
0.03431228070175438       0.021214285714285706     1.479461536281423E15     3.5039745334424772       27.42604160493572        890.0763184494365        8.776152500722578E19     1.4979569561894345E15    3.5014145396684806       26.88656976239866        889.2279822004205        8.804052472985007E19     1.519073562935287E15     3.4983927529235133       26.2834321907051         887.9306137588118        8.83104501988616E19      6.523458190466106E14     3.48370704297739         8.106864930132115        340.1611714797209        3.5950668269725843E19
0.03168315789473683       0.022316326530612243     1.1994698346237672E15    3.492193295126303        26.69554549377244        649.2944976239221        6.914442327365387E19     1.2190148379522078E15    3.489971000735112        26.169348636909483       652.9322381457597        6.969288670464504E19     1.2412510300529212E15    3.4873062942835786       25.580731952080207       656.5049756516821        7.026417817861324E19     5.514390792040189E14     3.4888916485971646       7.56736068703203         242.12261022991754       3.1276754590467793E19
0.02887578947368419       0.023326530612244885     8.776391925601459E14     3.478849102188403        25.610494390837484       462.9690491112601        4.873985904883528E19     8.984743966543541E14     3.4770715887038186       25.110248018688342       473.9017435977709        4.95778571821509E19      9.220159533121416E14     3.4748783882962706       24.549350424729038       485.0679733325177        5.047113520872352E19     4.391884541211571E14     3.4974678217680983       6.823242514294432        124.27946217640815       2.586451870931941E19
0.025890175438596476      0.024244897959183675     5.2134640494694806E14    3.4635564433359045       23.758369020826223       215.9016705799594        2.658845926137443E19     5.426574289058123E14     3.462387569953332        23.32270949003123        241.90657540869177       2.7647528769823363E19    5.672791894264858E14     3.46083583185242         22.833124579763272       269.5579829310691        2.883471195550392E19     3.288210174220291E14     3.5098765540137085       5.854730518353366        1.3086395671158346       2.018279772473693E19
0.02272631578947368       0.02507142857142856      2.1780887498769766E14    3.44567264132405         20.22380363199698        -215.37190925708268      8.9571879064598456E18    2.314947082024429E14     3.445411502432355        19.90047153594839        -169.96284525484924      9.614966109633157E18     2.4780788108064062E14    3.4448020545973166       19.53659936180299        -121.23922098485883      1.0389756430328144E19    2.3226175300205506E14    3.5254336049082102       4.609608691425561        -107.92625655375227      1.493428806172143E19
0.01938421052631579       0.025806122448979583     6.818000459197517E13     3.4245143652538323       14.619584446977349       -772.501973778776        1.96559730579069594E18   7.453823719371197E13     3.4257471978087035       14.4377246765452         -712.7891900071131       2.20439326854713062E18   8.228550081986747E13     3.4266220364028133       14.232967886430396       -648.7274894124955       2.49584476194127E18      1.667243103764642E14     3.5404566554632244       3.1782035930707884       -74.11367572676218       1.1613979202324627E19
0.05800219780219782       2.8199664825478975E-18   6.497245181422488E14     3.3177873462265044       24.68688123655856        671.0535762225154        1.890757928998548E19     6.605991483814289E14     3.317231679075519        24.164835404256          674.9933869494965        1.9176105980559327E19    6.730994039264676E14     3.3165575859293956       23.581010962123035       679.2943193175947        1.9479918649224196E19    2.5679177775322206E14    3.2913930462923977       4.51250857022859         231.93590888295267       6.5763170690064476E18
0.055813553113553106      -5.82812500000004E-4     2.474918423262442E14     3.333022735044146        21.45659278696306        277.196932898099         7.6840079414074409E18    2.603998010465093E14     3.333386891688414        21.05187679442915        302.33873975974944       8.114015521993343E18     2.7551045949169844E14    3.3337141783626403       20.59660586173693        330.66699409954697       8.614845042233986E18     1.7655619719943328E14    3.3149100811713836       3.300970933754493        177.924251162359         5.0377418993377004E18
0.055813553113553106      5.510204081632587E-4     3.613905158982982E14     3.3646115611747414       22.69307394938438        891.5752738313064        1.2946782224782864E19    3.7629094210304456E14    3.364604661919286        22.253778195792542       928.8080693257556        1.3504349022475012E19    3.935700425638064E14     3.364520198634413        21.760403994749286       969.4186464188252        1.4144712260692787E19    2.1561574191196122E14    3.3515986648533675       3.9620120680047517       375.99404313786323       7.1686274001540844E18
0.054412820512820516      0.0011938775510204089    1.5183822241973434E14    3.419872897830191        19.123243542356974       822.3931289266146        6.4632900473813166E18    1.637596332710437E14     3.4199144283759546       18.87515323847141        896.6487710811801        7.0362001859297966E18    1.7812758826826553E14    3.4198530556111524       18.589079032023268       980.4174351925776        7.7257628134532669E18    1.905973721378559E14     3.420213913827679        3.5611674825153847       671.3344660745283        8.3957108635230628E18
0.0538                    0.0019285714285714247    1.825220636853248E14     3.4633723270937637       19.217750592591997       1604.711561440969        8.9855134669717074E18    1.941695011205802E14     3.4624031868831513       18.97073138588742        1677.4063349740395       9.650956994557485E18     2.0827079108780934E14    3.4613005466336975       18.688435506307258       1758.3865922317163       1.0453205085503142E19    2.203843878217704E14     3.460633394382818        4.056132579961139        828.0134356099808        1.1343332253765503E19
0.05304999999999999       0.0027551020408163227    2.3091949441930156E14    3.5068059972704773       19.737992635236427       2391.0786523578495       1.3405808971395779E19    2.4282730873337175E14    3.5050270516245896       19.475595669361756       2451.5066030427934       1.4212709165197375E19    2.5728191784333347E14    3.503056111920434        19.177384911964293       2517.225931017072        1.5182953839151712E19    2.606972550746723E14     3.4956523613297827       4.634702342484812        909.5576615201214        1.5310971357562194E19
0.052299999999999985      0.0036734693877551036    3.187689787812707E14     3.5357686437597313       21.280913949516794       3087.0685224281374       2.1750258389929636E19    3.334739003243381E14     3.5339389399852363       20.96278589825884        3124.1353843348525       2.284382968228846E19     3.512130616816429E14     3.5318614342678103       20.60204388838985        3161.7570722884484       2.4144030145698787E19    3.1650650350009356E14    3.5179025286390866       5.307679213536085        948.941762993848         2.0243544065947103E19
0.05155                   0.0046836734693877485    4.8604125840733406E14    3.553690005333545        23.31988898203982        3391.367376243124        3.764915605042388E19     5.0587785255735644E14    3.551801340410481        22.916851862862543       3384.977591404258        3.911204244156996E19     5.294143158262395E14     3.549624726854463        22.46312134325217        3374.3862527304623       4.0814630253707354E19    3.8797419529749E14       3.5293159086876456       6.017945614982838        983.1151649490276        2.597223496038467E19
0.05079999999999999       0.005785714285714283     7.558055538925484E14     3.564098251493499        25.046881241262874       3265.4012371836534       6.2411323418697425E19    7.773451130187046E14     3.562008137565126        24.57065323679889        3244.098223531999        6.377277680899958E19     8.022344696825086E14     3.559594624250046        24.037045291964247       3219.851817080904        6.530160381238413E19     4.6999801772787056E14    3.532409880088232        6.690485839136121        1004.4924692816942       3.1791733524609552E19
0.04995333333333332       0.00697959183673469      1.0500292816974381E15    3.5703203355736814       26.21185709480878        3106.3404162243487       8.779742900394323E19     1.0699259650455648E15    3.56795657709665         25.69916628122295        3086.6402500951967       8.86603262504767E19      1.0930141976469854E15    3.5652361633652347       25.12637712942385        3065.91815361735         8.963257704955616E19     5.570899322655017E14     3.5313501405060954       7.292006656208345        1000.1000009106804       3.728785736363976E19
0.04892842105263157       0.008265306122448975     1.3332748360216395E15    3.5736902482371833       27.051158945756924       2970.5850891109803       1.0981037290647367E20    1.3513158310043898E15    3.5710793074379685       26.518894507485587       2950.783046160678        1.1019240053933541E20    1.3724103794081702E15    3.5680741352277607       25.924618593313237       2929.203949890735        1.1063138485644098E20    6.456635442208108E14     3.5282393974432376       7.82092717318986         975.0896596489639        4.229538367915409E19
0.04772526315789473       0.009642857142857139     1.58482071547162E15      3.573740190906468        27.65979513851237        2831.5898111403603       1.2667591956028975E20    1.6016070653818292E15    3.57092254099649         27.116693178989117       2812.097990827663        1.2668386545122936E20    1.6213933706532948E15    3.5676782295735383       26.510445593696772       2790.9412186435607       1.2670708619883086E20    7.306564862117679E14     3.5232386248369014       8.271194480921837        934.8364976748318        4.6463659667173835E19
0.04634385964912279       0.011112244897959181     1.7984492181866392E15    3.5704402615821667       28.106056260467263       2685.4642817724143       1.3819192577494893E20    1.8143242912639258E15    3.5674649182616656       27.556274479200646       2665.5866581949344       1.3791289871957407E20    1.8331080932851552E15    3.5640364203025743       26.942487607108784       2643.996077138607        1.3761151566625482E20    8.051989375973492E14     3.5167433776298442       8.632611151502694        882.6737096742745        4.9479398925708706E19
0.04478421052631578       0.012673469387755097     1.9593004878334412E15    3.5640365497272617       28.408797121463778       2499.9335460133934       1.4391096604587278E20    1.9747291651481128E15    3.560962128499511        27.855272393675858       2480.132816555871        1.4345979896919302E20    1.9930021887008038E15    3.557414264024664        27.23719740353829        2458.5410215576285       1.4295966061246688E20    8.620823146075364E14     3.509249324580347        8.896380916548003        819.164392635833         5.11278583786128E19
0.04304631578947368       0.014326530612244898     2.053206781624031E15     3.5549002055720704       28.57448049875351        2259.7868946948765       1.4377959366595831E20    2.0685854695220372E15    3.5517944664336722       28.019306919829884       2241.306824680868        1.4327491392896308E20    2.0867509578819922E15    3.5482016804473093       27.39925608495957        2221.0290897008135       1.4270550330802838E20    8.935671768544004E14     3.50135672261868         9.050370359176162        744.9074960290438        5.124629044886897E19
0.04113017543859647       0.015887755102040813     2.0733565544248708E15    3.545221228344967        28.609457262017152       1977.888775083045        1.393221655553183E20     2.0890198508202438E15    3.54215239895219         28.054314163781598       1961.8742006576006       1.3886810939506991E20    2.1074313207339805E15    3.5385894446426542       27.434169829866843       1944.1605264223344       1.3834446354559931E20    8.967410799725392E14     3.4953522475936314       9.094368207231403        663.5953482989786        5.026681584424237E19
0.0390357894736842        0.017357142857142852     2.0232144596586935E15    3.534892181171344        28.52362483606716        1670.3271769886637       1.3099966801147761E20    2.0393929255164718E15    3.531922844051835        27.96992727659482        1657.6656994076216       1.3067736674054213E20    2.0582958500546168E15    3.5284582898651555       27.35127799349476        1643.517104764486        1.3029032234054233E20    8.726322233763145E14     3.4912428245956186       9.03331687747751         577.043792563974         4.829228082504254E19
0.036763157894736824      0.018734693877551015     1.9056096591005862E15    3.523854481393049        28.313312248903646       1357.9351397709179       1.1917604243983999E20    1.9225260007449272E15    3.5210432371674854       27.76267687008276        1349.194032212151        1.1904899689110399E20    1.942172564884162E15     3.5177415172179956       27.14734584403225        1339.2859772923339       1.1887156946632036E20    8.222292788429221E14     3.489267564611082        8.862064881917032        486.48917040729697       4.539360222295944E19
0.03431228070175438       0.0200204081632653       1.7245958455710602E15    3.512085022092294        27.963540137022665       1060.5869128361853       1.043021090913761E20     1.7424111592753815E15    3.5094891795972236       27.418026994625706       1056.0745526620376       1.044110279326162E20     1.762989491110306E15     3.5064137035964484       26.808322744556985       1050.7946054007195       1.044921316578062E20     7.4827544731755E14       3.4898237407675983       8.572208690427582        393.425639439493         4.168503924918944E19
0.03168315789473683       0.021214285714285706     1.4863363199035955E15    3.4995461090649385       27.444417644332468       792.6040743507571        8.696511569119281E19     1.5051643167776732E15    3.497227027375148        26.90713147443722        792.5008399231195        8.732859199547715E19     1.5267913373571368E15    3.494445843084029        26.306451744596778       792.0601950162363        8.769214464029866E19     6.543883020415554E14     3.4934131460209477       8.146823844973898        298.39891853135384       3.725194476297696E19
0.02887578947368419       0.022316326530612236     1.1934437830203718E15    3.48610463314573         26.681502082266924       575.4161041470851        6.751383551233802E19     1.213385850053854E15     3.484139395407069        26.158320009617587       579.4083539491573        6.813614570555678E19     1.236112690708379E15     3.4817370006253414       25.572876418857426       583.3909378997045        6.878748509825317E19     5.4631893076589744E14    3.5005538414257162       7.563896817432991        191.66867188231097       3.2199924257041035E19
0.025890175438596487      0.023326530612244892     8.627649940270468E14     3.471473933603894        25.55696898703877        416.83143240991427       4.682887490693976E19     8.841005415089921E14     3.469973863649569        25.06164284927975        427.67417579104097       4.7726241994805264E19    9.08041918950018E14      3.468068851798918        24.505183172499002       438.9477370185716        4.867564784455543E19     4.2928207615741806E14    3.5116611055245763       6.773368111480588        77.01776910862645        2.6493211118931268E19
0.02272631578947368       0.024244897959183664     5.051039346354697E14     3.4552603614987003       23.653276798028223       192.15912724743615       2.5014043919395082E19    5.263235895467814E14     3.4543969556748757       23.22358138877335        218.03782475639787       2.6075202142613996E19    5.5102529371030656E14    3.4531670737037645       22.741246464927915       245.90506723532582       2.727515896169561E19     3.189673515307524E14     3.526796547721065        5.777684698954369        -41.31688527195729       2.0757065111715697E19
0.01938421052631579       0.025071428571428567     2.0950876702347784E14    3.436847009253291        20.063672822359518       -228.76580453475827      8.256723373522006E18     2.228543060307801E14     3.436928021507531        19.747664410946815       -183.24564551660737      8.8893526716512113E18    2.3884701960626378E14    3.436683413284588        19.39265643730027        -134.19788239160033      9.639302667237145E18     2.2504773747964103E14    3.5448395132610564       4.522883741155284        -106.68916192586525      1.5642391733143173E19
0.015863859649122805      0.02580612244897959      6.6414442753387766E13    3.415757985575846        14.459531344919315       -780.4652638576944       1.8072059635288192E18    7.26588561395681E13      3.417362046034153        14.284433258076245       -721.3280669703822       2.03416672993465472E18   8.023885851291489E13     3.41863053413788         14.08523099633152        -657.5775718915506       2.3110114708116526E18    1.6192713161674122E14    3.5608521519632963       3.0873686466718135       -54.831040946356524      1.2515519196681738E19
0.055813553113553106      0                        3.0090713581560794E14    3.3498002127567563       22.090842703355612       535.0584001791531        1.0073421699991312E19    3.151301275458674E14     3.3498359561828814       21.669171314577863       567.1383170836102        1.0573712946973546E19    3.31686902751782E14      3.349829959015656        21.19519402965962        602.8907908299225        1.1152972585051191E19    1.95655119155529E14      3.3386625823719043       3.629600621003458        268.6125936491401        6.1718423947544709E18
0.054412820512820516      5.510204081632661E-4     7.22561545243917E13      3.3948996934317885       16.52460505331539        91.25360548552896        2.7610882859470464E18    8.017480328667033E13     3.395788982202611        16.375332490900977       185.12263560930458       3.1051557134686756E18    8.989595540629517E13     3.3965905391839635       16.196307067441687       290.2082564679156        3.5291154623252577E18    1.4950507305944772E14    3.399004128657246        2.7419820601644895       621.3551990762674        6.0653726603056742E18
0.0538                    0.0011938775510204065    8.270712480062098E13     3.4535329056707202       15.65960320169929        663.6662088920386        3.6122078830860027E18    9.029054769869488E13     3.4517559993856954       15.551935026777139       752.6326651155025        4.005356496799595E18     9.955847313293394E13     3.4499052328519655       15.422746578671472       854.2356624418826        4.4888374595982464E18    1.6935651790356247E14    3.450238157305348        3.154661361557359        823.2837406314743        8.3732622898193807E18
0.05304999999999999       0.0019285714285714238    1.151460838381675E14     3.523496737057472        15.332142936206834       1487.008327489751        5.8562564096984883E18    1.2279422204381652E14    3.5177857268334645       15.232528542505147       1576.0474999434086       6.3437161366703544E18    1.3207031484633652E14    3.5120753936312985       15.116879790795172       1676.3371720616872       6.9379405825832407E18    2.006804938804498E14     3.496938791208414        3.7246241841970313       977.7149603337432        1.1795513161117778E19
0.05229999999999999       0.0027551020408163227    1.68120518022222E14      3.562504890442937        16.474721706150227       2415.0117922060517       1.013470255408183E19     1.764856794294464E14     3.5566588506701575       16.335925660989787       2501.4753601617635       1.0780809089672346E19    1.8647527343788528E14    3.5507710475085994       16.17491195071026        2597.9573751298994       1.1553735430645074E19    2.4523769161987822E14    3.52814727685758         4.411595779800094        1030.3055301778468       1.6173915331087348E19
0.051549999999999985      0.0036734693877551036    2.481628807288071E14     3.570012205061796        19.134125425298144       3192.2467286725696       1.789101128212882E19     2.589384971237104E14     3.566942113234847        18.904978751989347       3257.992537806251        1.8816458143254008E19    2.7212316047784322E14    3.5636541312537298       18.645869357627852       3330.288352422292        1.993504481812464E19     3.0688410843577056E14    3.5451031487239866       5.193795070588085        1043.7300238392654       2.168918040410792E19
0.05079999999999999       0.004683673469387751     3.9904984052274206E14    3.577663451314726        22.25467789949981        3685.42230539086         3.3224994233412678E19    4.1660194598101206E14    3.5754098227240507       21.90624342691202        3704.942988230395        3.4693342635077075E19    4.379072068902915E14     3.5728485609898977       21.513805063522724       3721.0442096345987       3.6445251059737133E19    3.8611460673732956E14    3.5512911769231628       5.9991340480768915       1067.0250985202474       2.814047047253499E19
0.049953333333333315      0.005785714285714284     6.776714124311681E14     3.5850612974436644       24.61532273461984        3599.8424351951526       6.082196410844005E19     7.009936792742011E14     3.5827157216248584       24.16398561468204        3580.5036259955978       6.252868259878379E19     7.283902195239204E14     3.5800422909632723       23.658853982255764       3557.3897253552886       6.449007629120121E19     4.763878468989182E14     3.5520235290636344       6.739147266255699        1081.1911954171142       3.4862194502916768E19
0.048928421052631565      0.006979591836734687     1.006945814799073E15     3.590428587613688        26.051799904990734       3352.572656246789        9.181444078491066E19     1.0291148982618035E15    3.587816692167163        25.548369196397115       3329.098144176815        9.294782079593341E19     1.0546942775813982E15    3.5848394915211204       24.985633261331962       3303.692940939072        9.421695069882322E19     5.729571330726509E14     3.5498251697169096       7.395873026393405        1068.2372603496774       4.132988332714475E19
0.04772526315789472       0.008265306122448978     1.3238098534932162E15    3.5920292277552477       27.01949460167315        3111.7660033173975       1.1784862187664443E20    1.3442986876811135E15    3.589168133140612        26.492276804956855       3089.139872516347        1.1839184065441335E20    1.3681231773793078E15    3.5859010715244506       25.903705028706216       3064.021156490629        1.19011432575076E20      6.712114691288609E14     3.5448663394526667       7.966110951297057        1025.2713014960939       4.699479872132235E19
0.046343859649122805      0.009642857142857139     1.603612243066359E15     3.5895374914978353       27.69817426498382        2882.17574452586         1.3668297633293736E20    1.6223593499227982E15    3.5864738653138666       27.157018952859787       2861.5873146167787       1.3673167511702774E20    1.644335671049091E15     3.582971406534858        26.55311616200554        2839.1245030582395       1.3680351719268901E20    7.640732149014985E14     3.537738784641966        8.43993158969936         964.1399967342713        5.142097714828781E19
0.044784210526315774      0.011112244897959181     1.8369243010912452E15    3.583175846268781        28.179344035034386       2671.791323711579        1.4834258078269705E20    1.8547764071420122E15    3.579964674650209        27.63070686414634        2651.8305217388406       1.480595368397526E20     1.8757577054674315E15    3.576289644730792        27.018365453093285       2630.049002413579        1.4775674991987088E20    8.43474107605607E14      3.5291251256428575       8.808933147819998        892.8735210690004        5.432845860971142E19
0.043046315789473676      0.012673469387755097     2.009025326579856E15     3.573438016541448        28.496447142556562       2434.0555336931952       1.5289328507024192E20    2.0265229074579908E15    3.5701448207012203       27.94383227802725        2414.8162234393594       1.5242987932582835E20    2.0470700714637032E15    3.566369867051121        27.326904666536322       2393.7254817358535       1.5191767545529595E20    9.015904008773444E14     3.5196964327581552       9.067253289909454        813.9351242794661        5.558167758245276E19
0.041130175438596484      0.01432653061224489      2.1061144743896845E15    3.5609261022752254       28.663253554127067       2153.9119711977023       1.508074070431412E20     2.1236623089157702E15    3.557623741846204        28.109001524952177       2136.4603745068634       1.5030462990901294E20    2.1441950432817662E15    3.553829096918975        27.490088367697687       2117.2010952110954       1.4973780636395477E20    9.307907986412614E14     3.510175257851394        9.206390414876891        728.6797385570233        5.511832334758148E19
0.0390357894736842        0.015887755102040813     2.122559982069064E15     3.548074052031772        28.69053269588942        1847.2557688023621       1.441606674940781E20     2.1404571540506638E15    3.5448319324277913       28.13643734973507        1832.5445744237768       1.4373139526036095E20    2.1612994131595905E15    3.541093913780053        27.517561771154654       1816.1824723649047       1.4323544194274578E20    9.288924473378896E14     3.503036205961166        9.229159912623961        640.2252738188581        5.352097254044878E19
0.03676315789473684       0.017357142857142852     2.062914235166017E15     3.534884453460036        28.589764058116835       1531.7137187385867       1.3365423092049327E20    2.0813364623072265E15    3.5317637053623523       28.037319948953446       1520.4110094868165       1.3337903393859505E20    2.1026810620273265E15    3.5281497904325105       27.42016749607117        1507.723932358226        1.330450134140952E20     8.976307428757102E14     3.4984461677209655       9.141720523079877        548.9358709211331        5.09565023153659E19
0.03431228070175438       0.01873469387755101      1.9315297978659345E15    3.5213718361033695       28.358110861343615       1224.992600403259        1.1985116847780982E20    1.9506339846119042E15    3.518428345345744        27.80901555715021        1217.4921092667482       1.1978722127758094E20    1.9726601139804855E15    3.5150007188382904       27.195492188688927       1208.9628191468864       1.1968143406769398E20    8.386864243379406E14     3.496759633542105        8.939258836827227        454.5063810501179        4.752645254383944E19
0.03168315789473683       0.0200204081632653       1.734733146512612E15     3.507544320433195        27.98150685167039        942.558895461313         1.0338054988605288E20    1.754611256069649E15     3.5048328106943045       27.43793545762354        939.0693016329211        1.035590857822227E20     1.7774182850038622E15    3.5016528800877387       26.830442062421955       934.9555374218385        1.037193536420123E20     7.558946167213909E14     3.4984115208810205       8.614494103172044        356.6426708996614        4.336666709278892E19
0.028875789473684202      0.021214285714285713     1.4814641117863485E15    3.4933685761513655       27.431138764872973       695.4713855038297        8.496818215027592E19     1.5021640010712692E15    3.4909491936003807       26.896389979405242       696.1091650963222        8.539783578974398E19     1.525769840493798E15     3.488084417728107        26.298450890307105       696.5381973530712        8.583540611889686E19     6.537076074846505E14     3.5038395551248014       8.149993249208           254.74852285644317       3.854495078858917E19
0.025890175438596487      0.022316326530612236     1.177089304783327E15     3.4786992713426925       26.63327783045651        503.8731882099893        6.504063541093389E19     1.1986529885202748E15    3.476650635257479        26.1136318201485         508.23310110604194       6.5717743246567965E19    1.2229984345346862E15    3.4741874953687897       25.531681178422218       512.6379631237792        6.642621772087646E19     5.3933244671909206E14    3.5133933803391435       7.526563156255045        139.0429148083027        3.318278080463791E19
0.02272631578947368       0.02332653061224488      8.404443655299776E14     3.4632263738135953       25.468268177537155       373.1788121853201        4.4434137330477375E19    8.631475572213894E14     3.461665426624442        24.97869482147977        383.962651615485         4.537334690521047E19     8.881882262980285E14     3.4597274188966214       24.42683940371021        395.390297695212         4.635288921241489E19     4.194421467623735E14     3.5272458546076715       6.700862443312958        30.153338551305648       2.7287419168152044E19
0.01938421052631579       0.02424489795918367      4.853619654756638E14     3.4465494485366692       23.514630939765016       168.89574658311153       2.32770057814142E19      5.06849699352538E14      3.4456530426883045       23.09133345758812        194.75498193624264       2.4321842182026093E19    5.3190916602806044E14    3.4444236088288847       22.616205517385374       222.90722306057978       2.550981545837888E19     3.081776897266521E14     3.545139230194521        5.664127077782674        -69.8025071749484        2.1429537660397048E19
0.015863859649122805      0.02507142857142857      2.0067020931502753E14    3.4280954726574375       19.88123951383117        -242.23001913223885      7.5678835723082004E18    2.1391794557366594E14    3.428174902606263        19.574194457644616       -196.66922177228346      8.1730692256036301E18    2.296738483292433E14     3.427965417917315        19.226776030845482       -147.47641686152042      8.8878131451231078E18    2.1822714950946853E14    3.564723245463479        4.415781542044584        -125.46052776478228      1.6506782039542321E19
0.012165263157894738      0.025806122448979583     6.4670448010575E13       3.4076524703288555       14.298548926662928       -785.9621833027037       1.66540703987959424E18   7.086751179338705E13     3.4092677617483025       14.12993393117974        -727.6005565863402       1.88055371219171251E18   7.835674155167472E13     3.410576507573164        13.935805337480431       -664.3728638288403       2.14276295880199219E18   1.5847023229898603E14    3.5802841942192094       3.003093310673912        -36.270077971185955      1.3604295647604507E19
0.05304999999999999       0.001193877551020406     4.471020017409557E13     3.631600384814079        10.09296051453204        447.4893729193929        1.99468905428207514E18   4.911417839729183E13     3.602890206007485        10.157712966062396       533.4630512601325        2.24166177439852237E18   5.45007719764756E13      3.5760670338018157       10.223871995844666       632.6853746417864        2.5503146067488297E18    1.4654686339100466E14    3.493674113930562        2.649506736069737        994.7486742819397        8.4930554837336576E18
0.05229999999999999       0.0019285714285714238    8.14410195114317E13      3.8219345493018793       10.089711803712072       1364.8088717849662       4.2184081240215532E18    8.675742967203172E13     3.7670190421136565       10.136551726661304       1466.7578768896828       4.5821603211752494E18    9.312237901906862E13     3.7155971826208125       10.186521945571128       1584.3232429395764       5.0290998762333952E18    1.810073371574264E14     3.5365373517457646       3.3438243958659366       1163.569341292061        1.2183100141632418E19
0.05154999999999997       0.0027551020408163227    1.324894692000318E14     3.736393318371331        12.320772128862966       2331.8306773164145       8.1700713276636948E18    1.3864615612945919E14    3.7036577389359535       12.302873018760748       2435.2176223921188       8.7076144360671324E18    1.4600096294553844E14    3.673052263483186        12.281531470466968       2552.520673570189        9.356129818672577E18     2.291765329332444E14     3.5610679551198055       4.160303665555619        1130.0453555394206       1.6896008507699855E19
0.05079999999999999       0.003673469387755103     2.0614529851140922E14    3.618687084341481        16.59553972624566        3185.607624337872        1.5515134814407514E19    2.1455730201240312E14    3.6115776426478146       16.462967794908078       3264.3304778453194       1.6351606877564457E19    2.24740413652877E14      3.6046260966701427       16.312312540173995       3352.9556647170107       1.735689137337486E19     2.9683561144645144E14    3.571360839331673        5.082133996218799        1136.2925130335893       2.306000384809747E19
0.049953333333333315      0.004683673469387749     3.311702980053779E14     3.604453967294419        20.890386204284816       3826.5067973575933       2.9578445543305703E19    3.453434990057322E14     3.60209152943334         20.609237094688766       3875.851951402367        3.0968487619821416E19    3.627580141707368E14     3.599398255190106        20.29161061534661        3927.4010465948636       3.2644939202132115E19    3.8258799833933256E14    3.5745119577450892       5.9821844095874965       1160.8830937645357       3.053036121064999E19
0.04892842105263157       0.005785714285714281     5.909747770840972E14     3.608709193645697        24.03237809987992        3941.1014809279422       5.806424357929913E19     6.147983864714378E14     3.606418657717085        23.618284456310363       3928.829122706759        6.014973502485354E19     6.434022936029219E14     3.6037728674897087       23.155029405812755       3912.61815576488         6.260115722467109E19     4.826936219770223E14     3.5736520611416216       6.806891984607724        1169.9850572217042       3.86028384901365E19
0.04772526315789472       0.00697959183673469      9.635566810256405E14     3.611294723117134        25.884316836048548       3614.440176777515        9.611184204658095E19     9.871468009368768E14     3.608779987491751        25.39195410406705        3588.690044587368        9.761247532122735E19     1.0143836775604022E15    3.605870712103502        24.841100440889775       3559.6640433338002       9.928209232521729E19     5.896382831558549E14     3.569025570775816        7.52313960247702         1139.4229326468117       4.60613273204226E19
0.04634385964912279       0.008265306122448975     1.3190566785233628E15    3.6097253092036445       27.003377468232703       3229.590923652776        1.2670092855759978E20    1.3404317971081335E15    3.606969972182467        26.48059531560947        3204.0941576353243       1.274326922615744E20     1.3655019242937922E15    3.6037793624662444       25.897260484185484       3175.619345561056        1.2826753067799744E20    6.971410692937394E14     3.561363756060359        8.129409160591608        1069.0529313213174       5.220948780007314E19
0.044784210526315774      0.009642857142857142     1.6283520237072748E15    3.603680447227453        27.75276737695674        2888.9534508307192       1.4716030752796038E20    1.6474643873689948E15    3.6007307910774635       27.21349513116156        2867.3430174007426       1.472829412504745E20     1.6700944615994938E15    3.59731602454579         26.61189050845932        2843.7236880791925       1.4743877329359435E20    7.961380041260452E14     3.551670655941218        8.616571407536487        982.4711581743318        5.6614189845626675E19
0.04304631578947367       0.011112244897959181     1.8789569718744755E15    3.593609806899564        28.26153622275264        2611.2428854492246       1.5820547598894173E20    1.8969952946971968E15    3.59052649287013         27.71412590173047        2591.580667410109        1.5795728715409995E20    1.918446193857514E15     3.5869556548424057       27.103316505781518       2570.0133195918143       1.5769372042216348E20    8.777957677118008E14     3.5408186440136906       8.981696583978605        892.2922949421177        5.912562916475522E19
0.04113017543859647       0.012673469387755097     2.058237390060692E15     3.580222444516502        28.584606430867797       2327.3920912048507       1.6085392506567298E20    2.0758582882306818E15    3.5770759293112127       28.033083391738064       2309.085468159963        1.6042488556896548E20    2.096799928919128E15     3.5734270961936794       27.417490899937114       2288.8871806203174       1.5994924686620626E20    9.343805261634815E14     3.529558072024762        9.224457171081717        801.0385764852732        5.975608443239534E19
0.0390357894736842        0.01432653061224489      2.1537998632090902E15    3.56430384083582         28.74463108504552        2018.069114777124        1.562935238047502E20     2.1714934689815498E15    3.5611695946994075       28.19157771434488        2001.911862901589        1.5584487752907152E20    2.1924380316947028E15    3.557526251912896        27.57409212987433        1983.9779964072113       1.553355030780069E20     9.590664077724744E14     3.518692123609009        9.341444885597951        708.6996527732026        5.858434918273249E19
0.036763157894736824      0.015887755102040806     2.1618642673054152E15    3.548449100888986        28.756936355834508       1698.4476091860574       1.4717435007782609E20    2.179950266030601E15     3.545395539861525        28.204226807431954       1685.173390644837        1.4682178965447087E20    2.2012386156640885E15    3.541833384755322        27.58696962667054        1670.3456735352643       1.4640832790171922E20    9.507084010921518E14     3.5108574321018784       9.338540025043384        616.3689808571226        5.6341987253856264E19
0.03431228070175438       0.017357142857142852     2.0886932400128932E15    3.5327087305567586       28.634634238709634       1384.306165487388        1.3442279595834624E20    2.1073683534286005E15    3.529794228826951        28.083858493997774       1374.4013255750936       1.3424261999358853E20    2.1292096881671235E15    3.5263784312862345       27.46862304812769        1363.2590972480114       1.3401225208372709E20    9.115986809893116E14     3.506353246214321        9.221946377464478        522.2888895036172        5.322819516748776E19
0.03168315789473683       0.01873469387755101      1.9409774488695112E15    3.5171117858924785       28.37620384026021        1089.4461493934248       1.1878107827308975E20    1.9604011512233265E15    3.514389184841965        27.82915741457448        1083.1825066602316       1.1882126865472489E20    1.9829591659021388E15    3.5111794800072498       27.21793495018251        1076.0593375048154       1.188300014822384E20     8.441903634827268E14     3.50558339646151         8.987072541344356        424.67724763861884       4.935038140675349E19
0.02887578947368419       0.020020408163265304     1.727903113818096E15     3.501656797995674        27.96898250946899        825.6722760511236        1.0101565206332554E20    1.7481596023913738E15    3.4991786732824424       27.427977330399333       823.1894045828594        1.012965720407945E20     1.7714964720783332E15    3.496235010771344        26.82326184796642        820.2498849890321        1.0156911600299323E20    7.531146199464068E14     3.5089272230099398       8.626204737358766        320.59273774103724       4.482035774121132E19
0.025890175438596487      0.021214285714285713     1.4613487497352352E15    3.48629068829179         27.38569484099222        601.6923631770379        8.192841042714288E19     1.4824722025861332E15    3.4841169323577206       26.854252160131914       603.0353461906423        8.244877559258977E19     1.5065488598459645E15    3.4815071096099426       26.259681945329163       604.3268109514657        8.298324926072101E19     6.443401176435275E14     3.5166730988185124       8.124730525338672        212.03013034871418       3.971062721783252E19
0.022726315789473674      0.022316326530612236     1.1491063441654438E15    3.4708438585298813       26.553643924786996       436.86808171534125       6.194821206083848E19     1.171115720849639E15     3.4690558257824          26.038465262030062       441.53692689851795       6.269693471204345E19     1.1957974764922625E15    3.4668689775545887       25.46065202138246        446.3173661858275        6.347590628430532E19     5.254628177278695E14     3.5289313965123337       7.461585013091518        91.71934490504076        3.4096185509808685E19
0.01938421052631579       0.023326530612244895     8.110926570298778E14     3.454985153672363        25.351425340767317       333.4031407153179        4.178220950645596E19     8.34227156360608E14      3.4537059882903716       24.86855924676205        344.0761123563209        4.27705855551164E19      8.594698067465758E14     3.452069709419697        24.322426498000052       355.5970356803006        4.379279167206531E19     4.04670622888939E14      3.545467600967624        6.601559297355441        -23.378721143471694      2.8040550446641607E19
0.015863859649122805      0.024244897959183675     4.6329801194703525E14    3.438331845314439        23.355603698533166       147.12882964625118       2.154350792821464E19     4.845871875840314E14     3.4377428871605957       22.940507924310573       173.193805883789         2.2581883734054785E19    5.0927007017980094E14    3.4368442839087217       22.472773543197103       201.336802966685         2.3757374697492484E19    2.96231576555518E14      3.565374102636969        5.5497040899720025       -103.33423989681175      2.218642513853642E19
0.012165263157894738      0.02507142857142857      1.9190574073554103E14    3.4203969117754505       19.69653715742779        -254.5895980226501       6.9508570458904218E18    2.0481081720384512E14    3.4208122619921015       19.39830985359844        -209.0520744113974       7.53222107906099E18      2.2005273825310256E14    3.4209594772219885       19.0580562781932         -159.8969870874012       8.2159297086143099E18    2.109481931788794E14     3.585259608113033        4.314900055264539        -137.1688923590722       1.7405834859568968E19
0.008288421052631579      0.02580612244897959      6.306066565972108E13     3.401199493189679        14.156852632199598       -789.4776432478217       1.55125722828226253E18   6.913998454334922E13     3.4031540481304483       13.993780084615835       -731.8961819927886       1.75721530696233882E18   7.646296758116772E13     3.4048180496851206       13.803994775540895       -669.2298109741539       2.00815814794215245E18   1.5473952822129806E14    3.598447510012598        2.9290707819372916       -13.39145568644479       1.457525890099423E19
0.05229999999999999       0.0011938775510204065    2.983155582128643E13     5.2964320442937245       3.066619500930594        385.4752964253095        1.85979330660262912E18   3.2779421034522258E13    5.026970387106834        3.28292016000864         468.191877940884         1.9444156135291177E18    3.637090253026699E13     4.751322262984528        3.5231455089640664       565.5820381951404        2.06337891096318259E18   1.2923375064251019E14    3.5404056479325767       2.120268210539979        1364.7695424540364       8.7430473509362872E18
0.05155                   0.0019285714285714238    6.463464760243897E13     5.745744808796405        3.5371026821763483       1305.9763196111257       3.9981431702051021E18    6.862563714684337E13     5.433242061347272        3.713812837527491        1411.241809229425        4.1916570159403366E18    7.335852823607773E13     5.11038048356153         3.9128328266349364       1534.049920207268        4.4373354307521393E18    1.6342120528452344E14    3.5783135568657976       2.863779873856771        1279.459266220532        1.2515356243179092E19
0.05079999999999999       0.0027551020408163236    1.0982225880503467E14    4.514909103670572        7.5481691894067495       2265.896033786459        7.1185094019328983E18    1.1459244610787603E14    4.354719588453036        7.635830803879309        2375.936897460156        7.5203502254544189E18    1.2028853866401719E14    4.198830847496221        7.737066489666786        2502.9732280087724       8.0246061680261366E18    2.1502965523899747E14    3.5946604220941403       3.865978504914412        1204.8463899493706       1.7620952516591143E19
0.049953333333333315      0.0036734693877551036    1.7396030772770216E14    3.7477551628196446       13.455598818751445       3183.0258025697044       1.3714222436769212E19    1.8074652229682122E14    3.719613068877002        13.418495130826432       3273.628821237397        1.4471261487914588E19    1.889377471383095E14     3.6933715688677156       13.37778871796295        3375.191982631489        1.5384711753601737E19    2.8892881386724944E14    3.6002875949656663       4.9605176964002595       1234.9889201651904       2.4828364880203854E19
0.048928421052631565      0.004683673469387751     2.839347960182067E14     3.6370628844585275       19.20764674808145        3892.64424911096         2.730136537774273E19     2.953502285008589E14     3.6333892725523143       19.001767476687196       3956.0223558425882       2.859295273940638E19     3.092779004296304E14     3.62951624383122         18.767599952208904       4027.3741874595703       3.014535335994101E19     3.8302808351483694E14    3.600357081251352        5.9779584196135005       1266.971253131501        3.3813404174117147E19
0.047725263157894736      0.005785714285714283     5.178395458732031E14     3.632969674795562        23.375303034651072       4213.675708068195        5.57090777197875E19      5.4070633857791394E14    3.63035301155019         22.99942901776967        4218.015169505051        5.798540083991219E19     5.686704331804236E14     3.6273649458791004       22.578946683090383       4219.712846162905        6.071683828783745E19     4.954348053573774E14     3.5955343364730905       6.899233193266853        1264.4601898580845       4.341472758595096E19
0.04634385964912279       0.006979591836734689     9.297664583346171E14     3.630941035600238        25.73851504010924        3852.1221068293867       1.0100236474242372E20    9.556891967249205E14     3.6281682698307733       25.257149372202004       3825.282275976493        1.0288498727866697E20    9.856630766451262E14     3.624982300189969        24.71857803548772        3794.201704054355        1.0498912670635173E20    6.140805108516971E14     3.586892892515773        7.672336783064502        1204.4730084693765       5.174438522941305E19
0.04478421052631577       0.008265306122448975     1.3265821776546805E15    3.6250729657938967       27.0153419935867         3304.7948556047013       1.3633515235069439E20    1.3499713800041428E15    3.622073012783512        26.495759138045038       3275.886517453645        1.372080159584044E20     1.377354373964968E15     3.6186198778547345       25.916244394655493       3243.384125726324        1.3820511142399754E20    7.302506885288085E14     3.575700872656175        8.302246387087706        1100.0135874361297       5.803924863523151E19
0.04304631578947367       0.009642857142857142     1.662861617439091E15     3.6148190123064006       27.822876629755854       2847.1797333445597       1.5763656892800185E20    1.6839958191764212E15    3.611634193972305        27.285062599117765       2824.5796621544123       1.5779246992942547E20    1.708950822819372E15     3.6079707334575497       26.68537152881517        2799.732836739553        1.579930035824032E20     8.338141193071094E14     3.5631573703038875       8.789888083387577        987.3124916716711        6.207400257001102E19
0.04113017543859648       0.011112244897959181     1.9264277578518808E15    3.6007645065994565       28.34723859985826        2508.125555069172        1.671839471479882E20     1.9466215679821375E15    3.5974627151072185       27.800913579582307       2488.9428102964357       1.6693815540821403E20    1.9704934201872262E15    3.593663682991597        27.191507099971318       2467.7570868925095       1.666818150989035E20     9.156197709755506E14     3.550098682966562        9.139995233948259        881.5492243331644        6.390962393312193E19
0.03903578947368419       0.012673469387755099     2.1076955452257368E15    3.5837548880528582       28.66621545488551        2188.8741901649446       1.6726743513428555E20    2.127617708677964E15     3.5804107207147027       28.115794206585615       2171.658072784536        1.66849357646662E20      2.1510972574682248E15    3.576558525582205        27.501560457684082       2152.541048630114        1.6638791954987044E20    9.687980379070144E14     3.537204120437472        9.359701388568462        782.4500968437786        6.374662618396805E19
0.03676315789473684       0.014326530612244898     2.1965124592757632E15    3.56467638993136         28.81126072229561        1862.3732152536863       1.598796360035787E20     2.2166191104234572E15    3.5613665658544673       28.259483242531747       1847.5807797244447       1.59466704397237E20      2.24019514297168E15      3.5575463489180272       27.643515209513193       1831.0920095067643       1.5899795720851482E20    9.878304506677901E14     3.5253317412320184       9.451162273584487        686.922898927389         6.181843623582503E19
0.03431228070175438       0.015887755102040806     2.1915590260435742E15    3.546190206554865        28.801794265425784       1539.9041701209132       1.481939311650225E20     2.2120983316430728E15    3.542980705878144        28.250609899034604       1528.0604024418674       1.4790121254491514E20    2.236044576709679E15     3.5392659846676864       27.635127147975457       1514.808656247183        1.4755543026056256E20    9.722814320033931E14     3.5172616874922467       9.421256651339663        593.0058558241384        5.895838638869802E19
0.03168315789473684       0.017357142857142852     2.101528898342132E15     3.528337136983785        28.652622578178907       1234.1830090354615       1.3332072389870441E20    2.1226234782821985E15    3.525283192511486        28.10370262140006        1225.636344576484        1.3321702365284304E20    2.1470652111441838E15    3.521736499803317        27.4905761498698         1216.0350250282827       1.3307334641859525E20    9.24793884949411E14      3.513380375777397        9.274970496774671        497.0057201664557        5.535923389753271E19
0.02887578947368419       0.01873469387755101      1.9360709799973965E15    3.511118996434392        28.36384357142245        955.4780801638101        1.1613423062913822E20    1.9578080338925225E15    3.5082708383418333       27.819091093337644       950.412601587761         1.1625723999737966E20    1.9828173192048732E15    3.5049499290881863       27.210393733170264       944.6804628528816        1.1635962946015635E20    8.491027200732942E14     3.514071134532474        9.009587155379343        395.94189607685485       5.113779477407981E19
0.025890175438596476      0.0200204081632653       1.7075507208117338E15    3.4945019085703324       27.924675835949216       712.8530366108287        9.74803404027321E19      1.7299357034113828E15    3.491910951013358        27.386535220538484       711.3505797450434        9.783959232711973E19     1.7554653669644555E15    3.4888751386938295       26.784828536923783       709.5743216294511        9.819922032525879E19     7.495944637569808E14     3.519589098382006        8.612365484540456        286.908926404872         4.629763346381691E19
0.022726315789473685      0.021214285714285706     1.4305479067706842E15    3.4784046067343364       27.30979070861294        513.3817498177584        7.816336475994376E19     1.4535341874010405E15    3.4761317256795845       26.781968032217918       515.4013401477632        7.874854542922277E19     1.479436298149362E15     3.4734496215421866       26.19096668572449        517.5257907712037        7.935194303713904E19     6.344143805330548E14     3.5299583957799765       8.073829327536393        171.30870277802978       4.094003283648997E19
0.019384210526315792      0.02231632653061224      1.1145598956213822E15    3.462636432775309        26.4478632511972         375.9232697451799        5.853914659753768E19     1.1380435214739275E15    3.4607666214303574       25.93727458543258        380.87927523051246       5.9331497042708414E19    1.164136194966111E15     3.458529099326637        25.363892471908105       386.01428187742874       6.015641215087605E19     5.122162890464839E14     3.5449365771870593       7.376211927939257        44.41076426397389        3.513641668872895E19
0.015863859649122805      0.02332653061224489      7.794862961429039E14     3.4468633893653386       25.216166914537546       298.5312855363386        3.911959265705411E19     8.034366719264198E14     3.4455238029609854       24.738811887859544       309.30081976870827       4.01194807443409E19      8.298968491648325E14     3.4438605957029744       24.19981021303472        320.8404364892024        4.117738458499182E19     3.916370730045197E14     3.5637140947302877       6.4906717662813875       -66.64659133091259       2.8956132123499626E19
0.012165263157894738      0.024244897959183675     4.42356587253381E14      3.4307542707443024       23.192351531514383       127.98341254332331       1.997111378933442E19     4.637842816167471E14     3.4301241400386115       22.784719067850762       154.34623271687022       2.098891402900008E19     4.885146215245246E14     3.429219732479552        22.324053068094827       182.48417809437098       2.213959304645305E19     2.8669193258314144E14    3.584474049048034        5.436338966338482        -123.45385709970887      2.3104527244644205E19
0.008288421052631579      0.025071428571428567     1.8468473643310706E14    3.4139280927998743       19.532705346269367       -264.965839755971        6.4589827092892262E18    1.9746959959445678E14    3.4143114519930715       19.24191954519887        -219.50397318869616      7.0172165750043238E18    2.1246344095675972E14    3.414457190092521        18.907591459255453       -170.43539451937488      7.6714290189473874E18    2.0562891877117378E14    3.6025597902071054       4.220810489289007        -144.79362225412407      1.8330897407616813E19
0.05155                   0.0011938775510204065    2.4669618389589305E13    9.453399156598909        -5.823164227846089       452.36357104183213       2.5794254428235474E18    2.6985577922276734E13    9.13970424717986         -5.466114991418689       536.0913470244718        2.7014602556576481E18    2.978694492697447E13     8.761814119534199        -5.063608172451767       635.1519551866338        2.8384976959709379E18    1.141457314692133E14     3.5924903496341507       1.411738205390027        1601.2107679561711       9.0753331111359437E18
0.05079999999999999       0.0019285714285714247    5.857032745008524E13     9.387543525941156        -3.751015791344426       1313.58203068723         4.4733075318714803E18    6.188155321616083E13     9.023609066455593        -3.4564635617790396      1423.6220913576835       4.6997648325674844E18    6.580745746339214E13     8.591523456149652        -3.120386709460208       1551.8657332743492       4.9633171245056532E18    1.486732432687624E14     3.6205241179705525       2.2883100660914963       1254.0496491184372       1.2837498127090741E19
0.049953333333333315      0.0027551020408163227    9.721607637615772E13     6.612799885950425        2.2495472359707134       2277.7935975779706       7.2105085873918689E18    1.0110367960686233E14    6.261601256427999        2.440556524678408        2389.28343705191         7.5328951069854996E18    1.0572480060099464E14    5.880943788036262        2.6602142922127574       2518.1419503052157       7.9208457921199882E18    2.0157257343428666E14    3.6305102587524765       3.5363783135884477       1229.101752646364        1.8357627253542406E19
0.04892842105263156       0.003673469387755102     1.4916885228047206E14    4.1506625498507335       9.86879769285096         3176.5206094875894       1.2522974335297737E19    1.545279266458702E14     4.059378574159914        9.923067029636185        3278.5811709577497       1.3198418990256415E19    1.610077646096953E14     3.97074414537068         9.987514851417377        3394.7892145136          1.4024104670419214E19    2.803303898522163E14     3.631656085740211        4.833781371179652        1326.371557076424        2.6864036685705126E19
0.04772526315789473       0.004683673469387751     2.4930720473536778E14    3.68254176796            17.3823629232018         3970.2764286562215       2.593747904841279E19     2.5945127721969428E14    3.675031201727028        17.26392833736099        4041.8019611347363       2.7266208825710944E19    2.7188739305101297E14    3.6676991990514223       17.129644189083038       4122.493288041394        2.8872740653422375E19    3.849568000584529E14     3.62610707390604         6.005208880165159        1371.537334932719        3.773102016051423E19
0.0463438596491228        0.005785714285714282     4.689684171991031E14     3.656023957717645        22.777284459061732       4397.309891604049        5.5034572971318034E19    4.9006654413169775E14    3.6533980763426186       22.439083159597637       4417.244982803794        5.745003531651477E19     5.157344395874816E14     3.65037137368943         22.056230380928792       4436.339222088438        6.032663784619878E19     5.0959703520027675E14    3.615917367479257        7.019402055081971        1352.9952020051323       4.8827626460497125E19
0.044784210526315774      0.00697959183673469      9.093049542743139E14     3.6480492075659297       25.643547252275837       4036.301394297431        1.0663119144665191E20    9.375590944238374E14     3.6453755882479606       25.176361845337937       4008.790153087864        1.0903821305305173E20    9.695837399237442E14     3.6422556694581676       24.650328896980504       3975.6257026171843       1.116447707518727E20     6.388561927729935E14     3.6027741784844824       7.8382982874043545       1254.6475906399362       5.772528912295379E19
0.04304631578947367       0.008265306122448975     1.3442893982550215E15    3.637313398334566        27.05871498407274        3328.5923898404867       1.4613770019602576E20    1.368528802917088E15     3.634428117628041        26.542349814079014       3295.386080795935        1.4718660939947577E20    1.3970864693746372E15    3.6310607018802625       25.96661457600282        3257.9409222669647       1.4838272400943786E20    7.60995351818891E14      3.5881863378265377       8.476484217845016        1114.1569238231186       6.375811135315723E19
0.04113017543859649       0.009642857142857144     1.7011468486178215E15    3.6226983560612576       27.903487285575174       2762.546814783094        1.671875731213575E20     1.7226934427377528E15    3.619641371344602        27.367188891868686       2739.1182046747103       1.6740961398664118E20    1.7484053483890965E15    3.616079785418274        26.769450609007155       2713.051590844821        1.6769001264214524E20    8.657119954434615E14     3.5732028586358204       8.950891134276128        979.3079234953094        6.709362915423822E19
0.0390357894736842        0.011112244897959181     1.9709301749507005E15    3.604805056917251        28.429156685871185       2374.037109874991        1.743922213036013E20     1.9914156512471125E15    3.601648711246049        27.884145663410266       2355.4989168653965       1.7419533183443147E20    2.0158822115472465E15    3.597973276743776        27.276348757969547       2334.8513513641437       1.7399414646557724E20    9.448323549070419E14     3.5583979642290555       9.277582102418263        863.4587537684081        6.807715708802684E19
0.036763157894736824      0.012673469387755099     2.1478029625918882E15    3.584519813631917        28.733925948986823       2031.1061082406452       1.714594737152465E20     2.1679756793085128E15    3.581340208836189        28.18491695422097        2015.0714275223943       1.7110625129573945E20    2.191986587987794E15     3.5776353392743334       27.572347950181634       1997.177687998487        1.707150490355374E20     9.930126700789795E14     3.5443037788543204       9.47120613831929         761.0425347747955        6.708440008707074E19
0.03431228070175438       0.014326530612244898     2.2245247302213485E15    3.562742009777049        28.856638101076168       1697.3117666575413       1.6114907526606314E20    2.2448775430319182E15    3.5596151969667673       28.30647972328986        1683.9134108392784       1.6082483840470178E20    2.2689546003878355E15    3.5559658453611513       27.69236533125074        1668.9524004416025       1.6045185950946194E20    1.0059184865305475E15    3.531890500279539        9.537457411377593        664.9517734134732        6.446703914118083E19
0.03168315789473684       0.015887755102040813     2.202810758904954E15     3.542121469961092        28.82006038639025        1379.414835381766        1.4704729564114108E20    2.2236348526060812E15    3.5391100817809553       28.2708145213117         1368.9927822022526       1.4686295022145918E20    2.2481002978711612E15    3.535586860528897        27.65751468714726        1357.3496574302155       1.4663577943086785E20    9.835947138876441E14     3.5241008466803754       9.482940989307671        570.8223664616328        6.111992662037149E19
0.028875789473684202      0.017357142857142845     2.0943275951276078E15    3.522652977296304        28.640647163224553       1086.753553484341        1.3038434201168919E20    2.1157566406338638E15    3.5198092153804854       28.094075940076337       1079.5453831638727       1.3039840089065005E20    2.1407229705816685E15    3.5164722844599883       27.483528658930883       1071.490796635906        1.3038434383954859E20    9.280913395436161E14     3.5213656171771754       9.307816765396769        474.34718453114425       5.7149251396239E19
0.025890175438596476      0.01873469387755101      1.91204752676608E15      3.504292805974429        28.32047388562319        826.8767522983491        1.1210681798405593E20    1.9341610196466342E15    3.501665060783445        27.778579039433165       822.9928319529129        1.1234511290342955E20    1.9596657566864188E15    3.498570869400133        27.17291335250413        818.6463439499508        1.1257394964939948E20    8.44192251435354E14      3.5239851873833006       9.009690422401368        370.10489587498984       5.264858261291466E19
0.02272631578947367       0.0200204081632653       1.6713856708291645E15    3.486972232419012        27.851082445643737       606.8834496007855        9.306944018978172E19     1.694158584384114E15     3.4846118719715564       27.31641085690117        606.3435753013837        9.35305811941912E19      1.7201037613211718E15    3.4818195167792574       26.7182318480931         605.7035358308458        9.400030339042565E19     7.37833132688106E14      3.531995394985555        8.57802028803792         256.3436145343726        4.75997996050314E19
0.019384210526315785      0.021214285714285706     1.3889211274259732E15    3.4705910579711503       27.20948661178333        432.69224760080533       7.400199883260287E19     1.4122383010717168E15    3.4685608791816667       26.685810086928377       435.3418195528874        7.466647519246274E19     1.4384563877377195E15    3.4661391516997604       26.098954395775632       438.2299162809937        7.535569895870675E19     6.182115545801782E14     3.545056914962097        8.004864594111345        135.37220956140476       4.206300697629349E19
0.015863859649122798      0.02231632653061224      1.0748001957293759E15    3.454957495633882        26.326168381130724       322.6189374270382        5.5119135143297155E19    1.0984110450486649E15    3.4533453684294075       25.82027956089723        327.73911906163744       5.5959492171436835E19    1.1248065984266399E15    3.451385122961267        25.252198049295526       333.2063699726001        5.684753463534598E19     4.951239422501547E14     3.5623796286751355       7.279157556635406        0.8962526267595736       3.61145712574547E19
0.012165263157894738      0.023326530612244885     7.476658607004975E14     3.4397666783769214       25.07797731756307        269.6082987675203        3.669082678379586E19     7.71542607836189E14      3.4386995103912343       24.606373769445742       280.45520550603135       3.771062886109408E19     7.983296934490018E14     3.4373297774158873       24.074924464304583       291.929270584916         3.881263507939912E19     3.7647781112036675E14    3.582305047078622        6.373118835358802        -99.52162959210362       2.9757375082187534E19
0.008288421052631579      0.024244897959183675     4.2415480872321775E14    3.424771446887991        23.047005074114907       112.59132579813587       1.8701958537628496E19    4.452506191656872E14     3.4244222435429794       22.646383442622184       139.20228783579512       1.970854358932188E19     4.695428897614242E14     3.423816848570099        22.192345561596934       167.2803185752523        2.084533702486763E19     2.7725578039270047E14    3.60188552460345         5.33686733134978         -148.3609044881503       2.3877399074186117E19
0.05079999999999999       0.0011938775510204065    2.406292732626114E13     14.088633455605711       -16.79629859403582       516.5805228391928        2.5751759096290458E18    2.616848658449202E13     13.681548401526456       -16.30540773407658       610.6618078203537        2.7135548111485988E18    2.869729333130784E13     13.244315543041795       -15.747345329772298      722.0086601943462        2.8838770019006111E18    1.049025573089135E14     3.6507135609203814       0.3605456768639176       1507.4273277772727       9.872117519075336E18
0.04995333333333332       0.0019285714285714247    5.555654452282311E13     12.895932504195978       -11.900242531666171      1400.0141336860495       4.4540971770939894E18    5.841806588570764E13     12.512974748431576       -11.494238987693915      1520.225794725103        4.7046170435598561E18    6.178003246645838E13     12.08573512686468        -11.03011430224957       1660.799302097749        5.0071898863250801E18    1.3831302107301784E14    3.670777991169873        1.5741544141424268       1133.1805725115203       1.3570446652316131E19
0.04892842105263157       0.0027551020408163227    8.902348693698319E13     9.43967453327269         -3.253668729044459       2300.8706525223247       7.3892130601551053E18    9.244853317323972E13     8.992465482774836        -2.9626207363194874      2415.4427304409646       7.7532607597567775E18    9.647373875433061E13     8.484009676704064        -2.6294540161525854      2547.9170782966003       8.183621188688126E18     1.9228422457274938E14    3.671918804817441        3.195413616416153        1194.4807879655991       1.9623669191757808E19
0.04772526315789472       0.003673469387755102     1.3522139023825838E14    4.898244911065336        6.6103814723865515       3168.4015916454814       1.2399598839608736E19    1.3990243341778861E14    4.707671073436652        6.7462152469096335       3273.2408788502826       1.3011846674462505E19    1.4545721852510122E14    4.517716168171508        6.90162998600681         3393.9943601975456       1.3763835779930706E19    2.7682592477012778E14    3.6631718173598706       4.740229373783305        1373.1141181242385       2.964623506130271E19
0.04634385964912278       0.00468367346938775      2.2640421737625284E14    3.7450184510408917       15.783295082771328       4044.964672498567        2.550117988400119E19     2.3595961117530206E14    3.7295044270519266       15.737654862016088       4127.691747910786        2.68889641538708E19      2.4761777922970347E14    3.714824466984206        15.68559793453435        4221.720411990566        2.8567468796626756E19    3.942604911951768E14     3.649117241371908        6.077193433977442        1461.6587418458812       4.2626002338958795E19
0.04478421052631577       0.005785714285714283     4.424713269711928E14     3.675726171501609        22.335329458267925       4541.76180953729         5.610760277590856E19     4.633372818722047E14     3.672648258962627        22.032477329228044       4569.15810309398         5.8718918062703755E19    4.890091036262228E14     3.669167560009235        21.688748343929646       4596.862696958429        6.18626946207696E19      5.311579905725064E14     3.632458962280035        7.165482992011422        1423.9965482726884       5.490988716369336E19
0.04304631578947367       0.006979591836734689     9.076938716328728E14     3.6611074942709165       25.619111756542758       4159.102427594229        1.1324517457444608E20    9.380951943812301E14     3.658165701115844        25.159493020197363       4130.2157649502815       1.1600621032106967E20    9.738004441770834E14     3.6547485105837985       24.646161252844834       4093.8185341828357       1.1914165721810262E20    6.696360125877005E14     3.614810231976636        8.009341376890724        1283.9782939068675       6.38910080872891E19
0.04113017543859647       0.008265306122448975     1.3732858344559422E15    3.645487522224088        27.127175963305532       3302.6721856311337       1.5551244174067755E20    1.399619174793967E15     3.6423532963165757       26.61291116122447        3265.224641158956        1.566601050765164E20     1.4307679097830212E15    3.638719998662078        26.040206512401316       3222.7475529965322       1.579930102097385E20     7.952816893069819E14     3.597311502164257        8.638098365347949        1110.9402665501293       6.925903947545358E19
0.03903578947368421       0.009642857142857142     1.742816679050997E15     3.626782923248585        27.98480266655727        2646.870698104685        1.751227642379766E20     1.76654359926789E15      3.6234958660471936       27.449830703841723       2622.702542307839        1.753630225975608E20     1.7947526456072585E15    3.6196928387186045       26.853814487697527       2595.5833007289557       1.7567284599680968E20    8.991505321539791E14     3.5804450779639465       9.089509190669135        960.8842913443838        7.171110720607394E19
0.03676315789473682       0.011112244897959181     2.0118427917956638E15    3.60549964575568         28.49810504821092        2221.946726418459        1.7934929779463088E20    2.0346749861615848E15    3.602134249833832        27.954429240232177       2204.010314087943        1.791675176934693E20     2.0617418896861708E15    3.5982434554424856       27.34824374181373        2183.9288191763635       1.7898643486537328E20    9.744846287172309E14     3.5643405348841157       9.389232504208204        840.5203094251574        7.180669527390701E19
0.03431228070175437       0.012673469387755097     2.1784665857250012E15    3.582478665069774        28.78010077466525        1865.040643374116        1.7322593441725425E20    2.2011159825922602E15    3.579110711490258        28.23261217486385        1850.1080094261333       1.7291127287970352E20    2.2278212203052252E15    3.575216337461172        27.6218092628519         1833.418444349698        1.7256420326739902E20    1.0177088491751051E15    3.5493994903377826       9.558185807547389        738.0579018093059        7.0047669664099795E19
0.03168315789473683       0.014326530612244898     2.238846247299997E15     3.5585622652274855       28.875008433894543       1531.122607637591        1.6014599019701518E20    2.2617277236261605E15    3.5552660881351836       28.32662126094187        1519.02689952419         1.5988603473791196E20    2.2885257910543345E15    3.55145188614326         27.71452572511626        1505.545144746578        1.595861944286352E20     1.024987526648632E15     3.5368175200406236       9.60239637439307         643.5470942667896        6.685369396709812E19
0.02887578947368419       0.015887755102040806     2.1980947435798815E15    3.5363441203435735       28.808045677023525       1222.3563429704193       1.4396797582857032E20    2.2214523800115045E15    3.5331785461207916       28.26094572095662        1213.278813021046        1.4386706811947619E20    2.2486077773753118E15    3.5295119680736033       27.65003099250681        1203.1911432052336       1.437348177423239E20     9.957205510494305E14     3.529727233409194        9.524133070971894        550.2262970537448        6.310599628079856E19
0.025890175438596487      0.017357142857142852     2.0712931414919512E15    3.515760293552225        28.597489525238885       945.4546705097536        1.2597905944204403E20    2.0951711928085338E15    3.5127749741858643       28.053505772025765       939.5333069578903        1.2608348374060019E20    2.122688317627996E15     3.5093141551514515       27.445747691398292       932.9783669608461        1.2617188476443461E20    9.321350761660246E14     3.528541598884925        9.32114882267448         453.4100498072946        5.885505993735162E19
0.022726315789473674      0.01873469387755101      1.8747834730166458E15    3.4967237916058          28.247820711016118       705.9786804131535        1.0713480996866345E20    1.8991695612173948E15    3.4939663015379763       27.70902065821586        703.2467882320984        1.0745848169535966E20    1.9269785374368075E15    3.4907666429247572       27.10657236791678        700.2391483458854        1.0778297927461226E20    8.399849358424091E14     3.533406491312794        8.990647732616425        346.8150109872347        5.4145746709074035E19
0.019384210526315785      0.0200204081632653       1.626469468374907E15     3.4791450876425873       27.753282598945137       509.576051377006         8.822615846649586E19     1.6512255530105538E15    3.4766677008597826       27.22222045447122        509.97294273506486       8.875719385971206E19     1.6791484508182418E15    3.4737874819461796       26.627723772348688       510.40947060785277       8.930532235984704E19     7.270575170361551E14     3.544011807300523        8.5254428084698          228.10528345700982       4.8935222001405624E19
0.0158638596491228        0.021214285714285713     1.3439069218892208E15    3.4629275681610956       27.093563062117852       361.22086502914374       6.984057907195018E19     1.368773375967476E15     3.46079464303718         26.573868210794288       364.45615566865797       7.055078934484992E19     1.3966361473941135E15    3.4583010760521526       25.991318900459994       368.03791646851687       7.129775407887634E19     6.046455669305024E14     3.559509502838805        7.9262832862532635       100.6993891027008        4.3306817607541285E19
0.012165263157894736      0.02231632653061224      1.0366820296555054E15    3.447906571058599        26.201332950120193       278.24093721803536       5.200022892812882E19     1.0613297643648232E15    3.4462054171582435       25.699675909050573       283.54735162147625       5.2860714304880026E19    1.0890238147800196E15    3.4441865607783666       25.136741861675837       289.28125445408193       5.378616000837024E19     4.809144427098406E14     3.5782103611672595       7.176167573351783        -44.49812114763537       3.713088943495598E19
0.008288421052631579      0.02332653061224489      7.210589494797996E14     3.433833124583125        24.95409750065671        247.55926854641953       3.471316880674967E19     7.454968524122681E14     3.4326843399923885       24.48722470378155        258.5641239799939        3.5733931485695283E19    7.732062880458522E14     3.431261789763822        23.962173707668374       270.025993431825         3.6855796129023365E19    3.665734300654801E14     3.5975745484711155       6.277411739592648        -131.55007978224737      3.066014542525961E19
0.049953333333333315      0.0011938775510204067    2.7954897905653293E13    15.810151337692204       -28.923731344101526      712.4390044831765        2.7543843184362532E18    3.021041760652516E13     15.54194903381447        -28.29884321475665       833.7276371623295        2.9207322046844867E18    3.2908717278791504E13    15.213742177634918       -27.584751295404768      977.161494659089         3.1274051584003958E18    1.0236320140318406E14    3.721304941771967        -1.0073559619164698      1331.4985514886941       1.1420837093634437E19
0.04892842105263156       0.0019285714285714247    5.359676734863449E13     14.688897712010021       -19.622540671416985      1426.0623790551779       4.5286668214911898E18    5.614616111038083E13     14.360780793885358       -19.114834911816423      1551.0185364842491       4.7828140120495954E18    5.9145261422593695E13    13.9769344673626         -18.533145202571465      1696.9566117233678       5.0903835756967977E18    1.3131800391542269E14    3.727003729238677        0.8657678258454102       947.4387913126552        1.4435265440420166E19
0.047725263157894715      0.0027551020408163227    8.21634367504328E13      11.380088512354451       -7.800910645921839       2237.1821163523286       7.420482533377022E18     8.502074583942927E13     11.001654140070091       -7.436161133871442       2355.2632548681772       7.7958397638464123E18    8.838070886855495E13     10.547674959512374       -7.018350112221744       2492.267542706135        8.242038734697087E18     1.8494464134870847E14    3.711736138432835        2.9165048011282098       1097.58251308327         2.0963949484441334E19
0.0463438596491228        0.0036734693877551036    1.263160503019575E14     5.77858197108986         4.156670801510357        3162.7880963218886       1.2787262224565387E19    1.3077063926966086E14    5.482037492886556        4.365999460376251        3273.4120585246933       1.3412478819584467E19    1.3610240085452203E14    5.179201041622459        4.606426336561927        3401.854953110816        1.4177412456784982E19    2.775742654919864E14     3.6898808554412144       4.730004496292103        1376.0794558793998       3.293623188736407E19
0.044784210526315774      0.00468367346938775      2.1452171079898788E14    3.8098126207622576       14.700535083224585       4119.968652928759        2.6001276369690108E19    2.2333539875386875E14    3.7855921986331387       14.701874570512945       4211.234370945826        2.744603953752219E19     2.3428223670117375E14    3.762831245428826        14.705638215135933       4315.315575833478        2.921692262375899E19     4.0631316282484575E14    3.6670868479915333       6.194816307111886        1531.4407671313108       4.782709809728219E19
0.04304631578947366       0.005785714285714283     4.323881765646242E14     3.690881153610852        22.102512867332653       4669.25462059547         5.845420729757085E19     4.539157413133146E14     3.6877016472541415       21.8310170728166         4700.1802277873285       6.139438343072241E19     4.796110570442058E14     3.6840862215650594       21.512921307037523       4731.126111201824        6.483221382345649E19     5.530931713415349E14     3.644885356696997        7.329557256914242        1471.466240065378        6.0803337642623885E19
0.04113017543859648       0.00697959183673469      9.207588336304081E14     3.6699378574066746       25.660963137384204       4224.801650144313        1.2032742712279517E20    9.522526972200065E14     3.6670864806128907       25.20608138105944        4191.891155475204        1.2339358480049129E20    9.896152532292876E14     3.66371713448526         24.698957480344784       4151.469624767657        1.2690943966293788E20    6.962871352993714E14     3.624046785083107        8.171473433001744        1290.950858708139        6.932942909151772E19
0.0390357894736842        0.008265306122448976     1.4055771273319478E15    3.649946760141582        27.20775113327036        3237.4620649439785       1.634524817044236E20     1.4326347010502158E15    3.646924245718785        26.695443101430754       3196.1921626753247       1.6470536886907303E20    1.4648553479842288E15    3.643372421427615        26.12517167079705        3149.536878337905        1.661670130447194E20     8.219408846060311E14     3.60479404427599         8.77849283688342         1093.3802830595632       7.38425622390208E19
0.03676315789473684       0.009642857142857139     1.778286886430002E15     3.6277591296862015       28.055973320193313       2514.316556118625        1.8060394071964257E20    1.8024920694283152E15    3.6246033775170057       27.52263092108378        2489.539133075118        1.8090321030274328E20    1.8314645897210958E15    3.620908108255763        26.928527626300095       2461.708421378044        1.8128008923678153E20    9.224213228911595E14     3.5868597821667207       9.201680599311166        935.9456228387988        7.540763217627973E19
0.03431228070175438       0.011112244897959181     2.0392110502503432E15    3.60373212502374         28.54586493025058        2064.153028661347        1.815490602427176E20     2.062388909340512E15     3.600517235039555        28.003886204543367       2046.8232392129669       1.8143548728999654E20    2.0900588996627832E15    3.596758965553739        27.399641385712776       2027.4030059429624       1.8132778410834045E20    9.932557357965774E14     3.5699581751888716       9.4762097746102          815.6891172333925        7.47341108501479E19
0.03168315789473684       0.012673469387755099     2.190369005217647E15     3.5786073040005144       28.799008245382993       1700.0113974644037       1.7237561130888266E20    2.2132977418530982E15    3.5754068337311584       28.2534228718562         1686.1539889375579       1.7215359148553024E20    2.240515973761293E15     3.5716678337176053       27.64476074068126        1670.690688753849        1.719063913703222E20     1.0319717575496571E15    3.5545128772050982       9.625017803411938        715.5952331513741        7.236094067042127E19
0.02887578947368419       0.01432653061224489      2.2316381340545908E15    3.5531304839614632       28.863034239226852       1369.9484356335447       1.5692494693627642E20    2.254790486112522E15     3.550016143286819        28.316863591788326       1359.1351609967646       1.5677903658948755E20    2.2820628465074525E15    3.5463785788591045       27.70722056802663        1347.13823693531         1.5660410836560898E20    1.0340996312208796E15    3.542094724698779        9.650306572885404        623.6447434113595        6.872068813427221E19
0.025890175438596487      0.015887755102040806     2.171778686247843E15     3.52982965117424         28.76505785851151        1072.868536308269        1.3919215862168183E20    2.1954308461285192E15    3.5268569386619015       28.220577259767165       1065.1303769881665       1.3921538558025218E20    2.2230320033765098E15    3.523385587964134        27.612490476017484       1056.596132629353        1.3922013757720237E20    9.982496772746948E14     3.5360508835923383       9.54960905974473         531.999816975687         6.46782741346383E19
0.022726315789473685      0.017357142857142852     2.0293656032134798E15    3.5085915609586844       28.525477119627443       813.2571276407084        1.2046023978344725E20    2.053564661989723E15     3.505808708352868        27.984583876158307       808.6254083522465        1.2068664451060475E20    2.0814790967847895E15    3.502560087723874        27.38005615164785        803.5555071060248        1.209090621573206E20     9.273935307958816E14     3.5366929073760747       9.320027030636203        435.153647153427         6.024747251535711E19
0.019384210526315792      0.018734693877551015     1.8236747572713748E15    3.489306884169926        28.15161144734112        595.2366402300961        1.0162919818110774E20    1.848366522330235E15     3.486761882765699        27.616373533012712       593.6475437894866        1.0206081572987075E20    1.8764999476224512E15    3.4837901282963086       27.017566464895793       591.9390651825033        1.0250346992305709E20    8.288196325311202E14     3.5439034257085043       8.960869960786741        326.0039603145102        5.543920679775092E19
0.0158638596491228        0.020020408163265307     1.5740839853312852E15    3.4718937273605794       27.640676759033944       423.2461380864295        8.335778820348502E19     1.5990425334932902E15    3.4696399289221214       27.113519219204594       424.5323203330564        8.3972814547368E19       1.6272156958661658E15    3.4670012618947297       26.523095791420296       425.9815780332267        8.46158727853076E19      7.115922353307832E14     3.5568899668870255       8.46732204319631         204.8514374317422        5.013721687580648E19
0.012165263157894736      0.02121428571428571      1.2978584504443122E15    3.456289995448697        26.975218384900646       301.17833927394827       6.603695140681673E19     1.3227527742852162E15    3.4543909882661916       26.45954599147008        304.9238007172554        6.680243512327845E19     1.3507956837662002E15    3.4521488586031306       25.881496661472422       309.09893560151346       6.761858158624531E19     5.888809717704885E14     3.574033214160589        7.85080644366166         66.72224357833467        4.442659666302629E19
0.008288421052631577      0.02231632653061224      1.0027828665936969E15    3.4423826430772877       26.090229872391966       244.45986324429808       4.9462345049593815E19    1.0272974012679184E15    3.4409203658156535       25.592531254151883       249.8904619437752        5.035246498237031E19     1.0550512971004176E15    3.4391557104048585       25.034306511641574       255.80780201323336       5.1320912004048175E19    4.674413463427028E14     3.5926131170800018       7.093059119340198        -74.3094325248882        3.801128134493442E19
0.048928421052631565      0.0011938775510204065    3.156920616492661E13     18.67447708272377        -38.74087410322384       622.5055019422225        2.8187513982230108E18    3.395634755457353E13     18.360287075102224       -38.01236051724208       751.522031752519         3.037149925477057E18     3.677298799084458E13     18.013531955444748       -37.18076575150631       902.728997008457         3.3136692827891758E18    1.0334916543438373E14    3.8183437364354487       -2.2115856106372895      1155.588572399285        1.325587433504542E19
0.047725263157894736      0.0019285714285714247    5.138425183305043E13     16.2743912167618         -24.889729060434412      1257.863918586538        4.4726091902921856E18    5.376072000786133E13     15.912643691103801       -24.30997342953171       1377.908964836823        4.7454316600923802E18    5.652739353553859E13     15.502753098384764       -23.647112389668504      1518.1626364800227       5.0761282924603351E18    1.2833311258970553E14    3.7839809361999337       0.40726217336550596      724.6888421619674        1.5472151937124442E19
0.046343859649122784      0.0027551020408163227    7.775000202610219E13     12.220528698490778       -10.77746253005505       2140.151088816333        7.3975169312593828E18    8.05659927041866E13      11.861075476739819       -10.346790344891517      2260.9142234662486       7.8033711675456451E18    8.386803686436362E13     11.450687990787797       -9.853695342496973       2401.8629775256013       8.2908377870216202E18    1.822214095925044E14     3.74462339535022         2.757899040420241        968.1965964587212        2.264023779753004E19
0.044784210526315774      0.0036734693877551014    1.2126208452567566E14    6.425867691978616        2.61819726784519         3165.3265755423718       1.3235267076482396E19    1.2564305747165664E14    6.063446998078413        2.878497794720117        3282.894594243226        1.3907920175044989E19    1.3096837112604428E14    5.687030914191837        3.179582620094273        3419.815558497169        1.4732192478247305E19    2.8516058848176525E14    3.708877486004278        4.7979914358906965       1384.3600560336745       3.676619049285558E19
0.04304631578947367       0.00468367346938775      2.1066217057310628E14    3.8546231633116914       14.136824275359704       4208.665562526486        2.706217330394818E19     2.196198202455141E14     3.8237218794889927       14.174994494983762       4306.269895363113        2.861320051830918E19     2.3046924302840303E14    3.7950259082379674       14.212940126810462       4417.081052932022        3.0482399348591256E19    4.244916514386478E14     3.6784855442245337       6.342603298356455        1581.9446741186825       5.31085576526868E19
0.04113017543859646       0.005785714285714281     4.351208131247131E14     3.700278071969617        22.06006758779181        4775.912657047108        6.1557710114044084E19    4.580346803877462E14     3.6966922735530243       21.806827471189596       4807.386472696753        6.480094450303725E19     4.85180456511309E14      3.6926505825735703       21.505075180104082       4838.801845007296        6.856392846414644E19     5.792951525696942E14     3.6523990889086977       7.493212590613329        1494.9709505369708       6.625564252614671E19
0.03903578947368421       0.006979591836734689     9.441319611040948E14     3.674241718851685        25.741234448644946       4243.7248775877415       1.2700095141715195E20    9.777219016767424E14     3.6711051523475167       25.289233340890124       4205.26330404769         1.302752783659215E20     1.0175243080538439E15    3.6674329006703617       24.785380109602436       4159.217395965537        1.3402691851592765E20    7.2418100251039E14       3.6298562552955413       8.311567400498731        1278.0151737671597       7.401374922952596E19
0.03676315789473682       0.008265306122448975     1.4379438561691745E15    3.6506946423919575       27.28303695054834        3147.6444654140096       1.692438060672927E20     1.467144644450409E15     3.647415381495438        26.772426716328464       3102.972436553498        1.7053215519728094E20    1.501787078971291E15     3.6435946544738522       26.204136221559466       3052.655812404903        1.7203760918885984E20    8.480419628248795E14     3.6098717861571172       8.888982881160581        1065.9637435399789       7.769885931911851E19
0.03431228070175438       0.009642857142857142     1.8059156748765352E15    3.6257805859967926       28.105867646008484       2376.4070004423793       1.833313736213969E20     1.832381816744258E15     3.622392841779976        27.574173620353413       2350.9742583314496       1.8364238292726753E20    1.8638470332994675E15    3.6184585934858955       26.981967376660073       2322.4439883504588       1.8403347983800458E20    9.450003877282712E14     3.59141194063562         9.285046910677952        907.9470539706218        7.854868178219563E19
0.03168315789473682       0.011112244897959183     2.0531997533252705E15    3.5997092760548375       28.565231800151953       1908.5838657929326       1.8104768426276766E20    2.0787541110874965E15    3.5962842632040712       28.02504733438273        1891.7280048888797       1.8096544471977227E20    2.1089997088435355E15    3.5923144273707583       27.422845784297213       1872.8683065557739       1.8089316398134945E20    1.0123985718290431E15    3.5739600837270173       9.53971869203879         790.8027238319221        7.728556167945339E19
0.0288757894736842        0.012673469387755099     2.185765699378642E15     3.573100784948405        28.786528757062797       1541.0862993627716       1.69214531040586E20      2.211156428968292E15     3.569708449699568        28.243001903135198       1528.1968516568809       1.6905248147955964E20    2.2410056224961592E15    3.5657828626768016       27.636652211985155       1513.8722964645458       1.688738747638092E20     1.0477775506736588E15    3.5581509064579633       9.67347889257271         694.441273848139         7.442491148747714E19
0.025890175438596487      0.01432653061224489      2.2074157031167002E15    3.5465949931880774       28.81947602202457        1217.1907865628543       1.519474023870375E20     2.2330741458326272E15    3.5433043004348823       28.275737519699458       1207.585908651931        1.518840662120887E20     2.2629725354998055E15    3.539503826909085        27.668754135067406       1197.001384470021        1.51803864260916E20      1.0453519626704092E15    3.546054737851666        9.682845988092334        605.9633354872785        7.0420598376636785E19
0.02272631578947367       0.015887755102040806     2.1305275933300535E15    3.522673950316481        28.69279787902004        933.1123610126108        1.3326401309620586E20    2.156637165191494E15     3.519537777946974        28.151165058402913       926.6689118821987        1.333785164957054E20     2.1867414756031262E15    3.515924459802459        27.546080446009046       919.6240986650289        1.3348679227629452E20    1.0030914884951828E15    3.5412378835903113       9.561286927531901        516.3369771538568        6.615197910813163E19
0.01938421052631579       0.017357142857142856     1.9770312595583012E15    3.501200972454108        28.429637055487376       691.908990758385         1.1439695383191344E20    2.0035442663107532E15    3.4982672917850643       27.892018791423858       688.5291287891032        1.1471091554421473E20    2.033756982688873E15     3.4948955973014426       27.290844575234328       684.8774288319331        1.1503135983035425E20    9.252160205327512E14     3.5437994243259476       9.30678621193791         420.35158017718055       6.160667010140536E19
0.0158638596491228        0.01873469387755101      1.7682423710501212E15    3.4820776421633046       28.04038137154575        496.4985370874812        9.61260074817512E19      1.794971657614656E15     3.4793952212662287       27.50872353807185        495.9946712417657        9.662962422140477E19     1.8251286989295342E15    3.476316758273524        26.913583187157645       495.5080629926598        9.715389775762586E19     8.20723256142401E14      3.553208172755112        8.921640281289365        309.53815150177275       5.673997996202536E19
0.01216526315789474       0.0200204081632653       1.5237861587451552E15    3.465263519629907        27.52528096328357        350.03223404899376       7.892282081489388E19     1.550379674658673E15     3.4628849263986656       27.001748865074894       352.1244105121981        7.958647359352362E19     1.580249723610368E15     3.460151546298762        26.415195442619538       354.4900323457703        8.028889402027816E19     7.00651824256746E14      3.567975405607721        8.408165621444796        186.92713545624719       5.138107083949773E19
0.008288421052631577      0.021214285714285713     1.2593556764299945E15    3.450754192145236        26.869459695400828       254.7688976480846        6.294531849970008E19     1.2854302679011822E15    3.4487378559525035       26.357129663463436       258.9442553476795        6.373509648277464E19     1.3147750416617005E15    3.446405311802678        25.782841000409796       263.59878541584345       6.45858978589004E19      5.780721741002742E14     3.5854659404160807       7.78080117772169         44.076787568984656       4.546950201733101E19
0.04772526315789472       0.0011938775510204063    3.006149296109181E13     16.0459321165184         -43.56377595971356       284.7865688962827        2.7381867725716388E18    3.2251014797390812E13    15.856824380255688       -42.78569382228125       401.020077988596         2.9471422056378604E18    3.484133745314777E13     15.622589531759653       -41.89576171720653       536.8877033790465        3.2131077720418176E18    9.982462028834602E13     3.892050165430356        -2.785995485878842       862.2094833128339        1.3492129339806106E19
0.04634385964912279       0.0019285714285714242    4.832504375101835E13     15.796226627702032       -27.797242935850043      1114.406568256854        4.3637468699139553E18    5.05848315721038E13      15.516082564579273       -27.166246889674575      1230.361341917304        4.6326614716872827E18    5.321911011629677E13     15.17983388093463        -26.44470797237785       1366.4441161557065       4.9596068989700465E18    1.2510367244884677E14    3.822571311007676        0.18360448760321055      553.1149002145279        1.5873694904797571E19
0.04478421052631579       0.002755102040816323     7.469694033593475E13     12.449764270833239       -12.465919164359363      2078.27144046582         7.4172536332975391E18    7.746934045811333E13     12.09087601302436        -11.98715299186785       2201.2343267170927       7.8405897878229309E18    8.07673158893883E13      11.679961690344745       -11.437239131640927      2345.426078425088        8.3540135104533821E18    1.834980562906718E14     3.7640990544786743       2.757968557441343        858.2097515063261        2.431951592231988E19
0.043046315789473676      0.0036734693877551036    1.1921098884181617E14    6.774464879959402        1.8409780537281253       3185.36254569365         1.370817938422231E19     1.2356699253892681E14    6.37814841268627         2.1385300615322937       3308.4385751807545       1.4435924659471761E19    1.2880297617835903E14    5.961662172200162        2.4772049871868393       3451.4094661986837       1.5317133558828962E19    2.936190216089327E14     3.7192335320257977       4.9092081735716055       1416.614196774585        4.0173029637251965E19
0.04113017543859648       0.00468367346938775      2.1121424973636766E14    3.875461803621663        13.961605619973456       4297.310489997692        2.8266516895820493E19    2.2045772350467525E14    3.8416546041098565       14.026661328253695       4399.684031018137        2.994890444783626E19     2.31598031661631E14      3.810535409015082        14.090202081915034       4515.359150064601        3.1967180511060922E19    4.4177432057570206E14    3.684690352997683        6.501237825130549        1616.1558137237455       5.759690262316751E19
0.0390357894736842        0.005785714285714283     4.4480694394566106E14    3.704780623168235        22.143254372016713       4853.477831014774        6.4729249701199905E19    4.687764037718443E14     3.7012140794093797       21.897834832052947       4882.655842801478        6.824853393088968E19     4.9728410001048056E14    3.6971610716447425       21.603934478446554       4911.74357829495         7.234540712045512E19     5.991632301028166E14     3.6573772861095146       7.632678347459633        1494.2073743738065       7.038497764598887E19
0.036763157894736824      0.006979591836734687     9.682077776914579E14     3.675074732837685        25.829661523462764       4225.849278932836        1.3220143795883242E20    1.0029412284353248E15    3.6720157050155597       25.380215222201418       4181.828170801041        1.3565589404623525E20    1.0440918716176901E15    3.668391022600348        24.878918774222655       4129.895750968593        1.3960033719164951E20    7.429295600961912E14     3.6348145714718605       8.42164455863133         1249.2397610271203       7.747263622575689E19
0.03431228070175437       0.008265306122448975     1.4607069217059318E15    3.6488795070073583       27.33823359099093        3046.999883190834        1.72248373369897E20      1.4905537218613718E15    3.6457061703157927       26.829702951853225       2999.587133828388        1.7359876658420603E20    1.5260480958271562E15    3.6419663686809685       26.263657202898774       2946.3602451745173       1.7516910565207448E20    8.631332287838746E14     3.6149999618597324       8.969122493693984        1032.965265104459        8.055321838394293E19
0.03168315789473684       0.00964285714285714      1.816743288547854E15     3.6220162119680666       28.126500965206336       2241.964643235667        1.8310510086832862E20    1.8435734517398725E15    3.6187567637294706       27.59685176456563        2216.0282203484153       1.8347686713470642E20    1.8756117055897058E15    3.614931386612235        27.00692398540004        2186.9927894983275       1.8393073681033665E20    9.562593338196026E14     3.5963753666966167       9.342745390760014        879.88873717143          8.09147004059629E19
0.0288757894736842        0.011112244897959183     2.0461610135759435E15    3.5945637120162695       28.552253771145097       1760.99006925217         1.779531717902785E20     2.0719319669305862E15    3.591284242491917        28.014261256329977       1744.6542753741012       1.7795583666027807E20    2.1025908930420618E15    3.5874474278862767       27.41450812248896        1726.4288202055473       1.7797425169885617E20    1.0210573559459361E15    3.578497441267048        9.58426801495371         767.9931603222933        7.924601339796175E19
0.025890175438596476      0.012673469387755102     2.1589388073163478E15    3.567021389436156        28.741922242897125       1392.142652830245        1.6404938220024136E20    2.1845015225257732E15    3.5637872366580137       28.20087523908066        1380.2472483771821       1.639961235264022E20     2.214679979414937E15     3.560016417049168        27.59724151673679        1367.0995041939361       1.6393703676295204E20    1.0538833503925156E15    3.5623669447590656       9.707571622992443        676.4586482649871        7.599815774465003E19
0.02272631578947367       0.014326530612244894     2.1627772226410628E15    3.539937410064931        28.746610991083486       1075.3423895449887       1.4563516864656836E20    2.1886380446081575E15    3.536815911604319        28.205754596383425       1066.980181937367        1.4569471029908193E20    2.2188200858752828E15    3.5331909191624047       27.601811400149312       1057.827585107286        1.4574990922965624E20    1.0475527637288825E15    3.550651799866807        9.703711996231984        591.6383203911371        7.16974543032311E19
0.019384210526315778      0.01588775510204081      2.0734364254202168E15    3.5157892042364587       28.59687491393784        805.3880984767843        1.2666758496723873E20    2.0997831222424175E15    3.5128327118140494       28.058549041895358       800.2566033427037        1.2690524045090983E20    2.1301199695175325E15    3.5094130460052346       27.45682317943718        794.695998858196         1.2714745115436651E20    9.998154700265161E14     3.547111928220049        9.563604241542466        504.1312112286064        6.727499599550626E19
0.0158638596491228        0.017357142857142852     1.9155142870853825E15    3.4944559968256015       28.319100210526088       583.9857851648774        1.0828129186781716E20    1.9422426638261035E15    3.4917136012066723       27.785109350206586       581.8302024906208        1.0870537485358237E20    1.972631405094741E15     3.488551192885765        27.187566904987506       579.5565603009209        1.0914493974898904E20    9.164412625999345E14     3.5514691865474552       9.287373482173606        408.6761645111911        6.267681391261614E19
0.01216526315789474       0.01873469387755101      1.711090906893258E15     3.475890057826905        27.926722916681584       412.82658499373724       9.107835892763109E19     1.7379166844481215E15    3.473410513099105        27.398749286930716       413.32198415833057       9.16682577909329E19      1.7681681126415782E15    3.470552853495399        26.80736662413243        413.96825363116017       9.228773945299249E19     8.081893941635501E14     3.5625914665562837       8.881688459853967        296.6863598046773        5.777368978843433E19
0.008288421052631577      0.020020408163265307     1.4786352881040848E15    3.460119081728411        27.42256060408798        293.32014895497554       7.530060359248062E19     1.5051398092498135E15    3.457950749310677        26.90239534520302        296.08328304531705       7.602214108746737E19     1.5349705873706592E15    3.4554423029990327       26.319399157483918       299.20957117126716       7.679106197902606E19     6.876518409228361E14     3.578067845436421        8.356341722678005        171.47195768851327       5.229885242118733E19
0.04634385964912279       0.0011938775510204063    2.81349758164868E13      17.40260521907208        -45.766080996223515      187.81355699641037       2.51314775339966E18      3.0240423673919668E13    17.160790592348896       -44.95234999407045       295.7898417359561        2.7202629828780042E18    3.273288766833848E13     16.886537199706485       -44.02171138318353       422.63282663787805       2.9852310543473608E18    9.805159812072448E13     3.9318274132408457       -2.9781830510398213      714.0583677842724        1.3411491506035395E19
0.04478421052631577       0.001928571428571425     4.635304324941201E13     16.396721572433623       -29.32840364728          1045.307866871124        4.1894238535993866E18    4.862410923265535E13     16.090013332657392       -28.658271053619295      1159.3173005378578       4.4623363833855928E18    5.1295483224444195E13    15.742956920334143       -27.890291966266314      1293.582560058843        4.7977474739471606E18    1.2465476061676206E14    3.840401975231949        0.11684880538717321      388.84554998307146       1.6145162381554815E19
0.043046315789473676      0.002755102040816323     7.350418877924936E13     12.72742089897849        -13.29398866779487       2054.03472694813         7.4147476813990195E18    7.634200653506095E13     12.344520094903949       -12.781112062974437      2178.836333330465        7.8585497046049853E18    7.969406403852602E13     11.91678059111314        -12.195151514355805      2325.1179972501236       8.3970613794624236E18    1.894564822859733E14     3.7712757561870482       2.857873435375407        816.3292965237229        2.6069948625951236E19
0.04113017543859646       0.0036734693877551014    1.1954403474422483E14    6.86224172246432         1.5757734738889453       3220.3109075346265       1.4100417407540144E19    1.241227533074239E14     6.4514079911382325       1.9016431044090423       3347.7954962347817       1.4879563057302616E19    1.2958172550426931E14    6.022396659720958        2.267854971518674        3495.302386210487        1.5818763175520684E19    3.049180105269261E14     3.7221771609885126       5.036419197337332        1459.759316763228        4.306955964651853E19
0.0390357894736842        0.004683673469387751     2.148192872809999E14     3.8762245369463186       14.023893547773005       4375.020752865736        2.936184279442858E19     2.2461556826545622E14    3.8421593317608083       14.10443297286088        4479.607353731719        3.1140901221611938E19    2.3639602819626794E14    3.8109789121447974       14.182868242829205       4597.65989601204         3.327351963395801E19     4.6073472041901475E14    3.686667488761243        6.6472950172720635       1636.2658082377538       6.121670621996173E19
0.03676315789473683       0.005785714285714284     4.574298967137378E14     3.7049551725563554       22.272746259741616       4899.298919944588        6.733156997721805E19     4.829591088358966E14     3.7010652896063334       22.029832316697565       4925.0643772996145       7.105125047880582E19     5.131770348662228E14     3.6966760681686157       21.73685725922802        4950.500109775078        7.5362515357315E19       6.176010497771889E14     3.660111263950565        7.73729370481603         1470.2855863731002       7.344858706262133E19
0.03431228070175437       0.006979591836734691     9.88143125196285E14      3.6728634157835347       25.89813035852057        4184.292145671012        1.3522808401574558E20    1.0248022852587366E15    3.6695098468062857       25.45074230542273        4135.343787948085        1.3875386687347661E20    1.0680681655175981E15    3.6655780116852075       24.95142833196555        4078.222198567063        1.427607498304775E20     7.594245512211682E14     3.6385801701853744       8.49561066319471         1209.7016441656083       8.014328682502257E19
0.03168315789473683       0.008265306122448975     1.4720963354003135E15    3.644879164417973        27.361121957388814       2946.6924598241812       1.724179546432752E20     1.5038878891434185E15    3.6414445828578503       26.85463482800889        2896.9227696796997       1.737652403239587E20     1.541524306234144E15     3.6374347920984005       26.290860080837614       2841.1467841089207       1.7532736988734806E20    8.764045559476622E14     3.619275839060338        9.017530118704054        998.0498896826166        8.292808858249149E19
0.028875789473684202      0.00964285714285714      1.8120438929298762E15    3.616768818130923        28.112334251754984       2115.9046984119195       1.802883705038713E20     1.840911694116555E15     3.613272742087436        27.58477176626901        2089.3938415320026       1.8067217284576058E20    1.8751637307497595E15    3.6092082421143474       26.997218897093          2059.766891195744        1.8113818149723416E20    9.672894507660039E14     3.6004707841595107       9.376386175881365        853.5853698221986        8.303062501849981E19
0.025890175438596487      0.011112244897959183     2.022250794864539E15     3.5885020706862667       28.505468446481345       1623.5774926434372       1.7284031052504026E20    2.0501833952572608E15    3.585003549880547        27.96978760240773        1607.6657681308016       1.728859374160272E20     2.083135254313078E15     3.580954455514957        27.372616239249375       1589.9885558679034       1.7295433450829775E20    1.0311488478061754E15    3.5820326779102807       9.611241972287122        748.2110353095273        8.10687848033669E19
0.02272631578947368       0.012673469387755097     2.1167385390222655E15    3.560477289797959        28.66705234697393        1254.2927748422865       1.5754521470610122E20    2.1445898724920115E15    3.557037482662009        28.12868950728742        1243.3347410783194       1.5756243385163537E20    2.1770938209046055E15    3.5530789922543087       27.527899506165667       1231.2998291686622       1.575841600359162E20     1.0626269152912708E15    3.565423047303255        9.728474104649163        661.8997497813497        7.74637250344847E19
0.019384210526315785      0.014326530612244894     2.106866978340729E15     3.5331857066040113       28.649515978308386       945.755022948423         1.3867011243375449E20    2.135087581980009E15     3.529872735627467        28.111778463521425       938.584746288661         1.3881604743492018E20    2.1675659898949462E15    3.5260835157283283       27.51097725987576        930.7941255210019        1.3896720195688515E20    1.0532005142190036E15    3.553986530053828        9.7145466824266          580.8997871632446        7.289135932873608E19
0.015863859649122798      0.015887755102040813     2.0113514239125708E15    3.509157737048477        28.48583923334618        691.4617123381566        1.2006153597115628E20    2.0399859014456485E15    3.5060251217811946       27.95095888274797        687.5640551747136        1.203851145084047E20     2.0724929868309292E15    3.5024614410821187       27.352611057461385       683.4039191820461        1.2072051979241046E20    1.0006729690006519E15    3.551600931214303        9.559007829156414        495.0273622444157        6.83563578144908E19
0.012165263157894743      0.017357142857142856     1.8563430658657535E15    3.488333306200343        28.205742861934084       492.0405291545435        1.0270413087189492E20    1.8851136953838865E15    3.485430831289086        27.675246226569932       490.98582540975974       1.0319889116388794E20    1.9174524756468925E15    3.482140465935344        27.081149764608636       489.9676706044574        1.0371559347520091E20    9.12820627177144E14      3.557407329388813        9.266083033954061        399.76756710914924       6.374158115877559E19
0.00828842105263158       0.018734693877551015     1.663285383888293E15     3.470745878601798        27.82516600524574        347.5030794479511        8.697498448315431E19     1.691763777471273E15     3.4681189553503953       27.300327577889817       348.82487077177336       8.761110977767095E19     1.723641413019875E15     3.4651421501751574       26.712125768797122       350.4135861857952        8.828313008433524E19     8.017469443125254E14     3.569456103781035        8.846162116760599        286.6915609918742        5.875796368020761E19
0.044784210526315774      0.001193877551020407     2.6469802250063793E13    15.807248830997757       -46.89880551669654       152.44753693273978       2.4486010787318784E18    2.8511777460373938E13    15.637596715863086       -46.05806520190901       255.05501902548653       2.6379121419473971E18    3.0946642062784605E13    15.428568122529345       -45.09526480569394       375.8548609393653        2.8809196958092462E18    9.602466201692042E13     3.939784768162082        -3.036021180237221       557.5696243538441        1.2617824246746847E19
0.04304631578947366       0.0019285714285714258    4.508301150864451E13     15.820392098655176       -30.058383138269548      1013.3521763136793       4.1325666410236052E18    4.73448487366722E13      15.544202472078059       -29.360298446257552      1125.7649713219587       4.3960031247803643E18    5.000420200205694E13     15.220264383864661       -28.56215189896616       1258.2209594562332       4.7192779337493821E18    1.2629884788640075E14    3.840861706949049        0.19555409858785877      259.9862847935102        1.6193924046247041E19
0.04113017543859647       0.002755102040816323     7.323725215075178E13     12.653889257014514       -13.58274762515459       2052.642646827868        7.4699595005229138E18    7.613148711276411E13     12.276024518301744       -13.043636464020313      2179.0140491373218       7.9251744945719839E18    7.953773394452545E13     11.847538025341875       -12.431669305071427      2326.77344066889         8.4756552593942477E18    1.9542002579574197E14    3.7696694589992497       2.997701482479409        825.0480496270882        2.735271573553512E19
0.0390357894736842        0.0036734693877551036    1.2083521174203972E14    6.835695311755514        1.6100709863365692       3258.066518619204        1.4413116152882948E19    1.2554865079985417E14    6.419815393183716        1.9548079065825434       3388.0328796628983       1.5226246700967494E19    1.3115513047885312E14    5.986248772193561        2.339269323019415        3538.3456236367615       1.6204430450030551E19    3.1487880532969056E14    3.721185211880188        5.171434065513845        1490.7702961212594       4.5206819698226455E19
0.03676315789473682       0.004683673469387751     2.1898963930497028E14    3.868861838871688        14.187582601589108       4429.918177709894        3.0125481150651097E19    2.291177291656422E14     3.835964118900718        14.276136602190824       4534.57911346095         3.1975346320248738E19    2.4134909278862075E14    3.8059608853138243       14.362689911082784       4652.707456818098        3.419736744999709E19     4.7126025504109294E14    3.68789180130663         6.745452067619517        1632.3836603403247       6.330311415938865E19
0.03431228070175437       0.005785714285714282     4.674730077234461E14     3.702578539125968        22.38609586030814        4911.631041342428        6.882234139094408E19     4.939708825245454E14     3.6987436336506625       22.14500121122282        4933.985019906419        7.2698146742335996E19    5.2522981864974175E14    3.6943800083385114       21.85240045000727        4955.5753753370645       7.717101201976585E19     6.273996163701422E14     3.663565424789147        7.810293058730506        1425.3842588731923       7.545767354238873E19
0.03168315789473684       0.006979591836734691     9.962832967547666E14     3.6690255505281586       25.92843164208191        4130.178877330726        1.3567632503768028E20    1.0336218405936221E15    3.665748431182521        25.483931063135493       4077.636892673032        1.3926985245226598E20    1.0776617277970455E15    3.6618665464785565       24.98742986404055        4016.425917050572        1.4333253016616505E20    7.644316278278245E14     3.6436596224071627       8.534109177364053        1162.7118278302805       8.192835849294093E19
0.02887578947368419       0.008265306122448978     1.4656017590104418E15    3.6399734939481023       27.34541939703599        2854.7342258162585       1.6989286276860956E20    1.497631822513226E15     3.6366435415123783       26.84148737832418        2803.166132226836        1.712791324911429E20     1.53566694767004E15      3.632716259429419        26.28056409620468        2745.236118473831        1.7287771078309095E20    8.780306546231011E14     3.6249062728068866       9.037533779600075        963.470795630681         8.467161926734206E19
0.025890175438596487      0.00964285714285714      1.7869630556880552E15    3.611189830916549        28.06241460523319        2001.7851021147983       1.7528530733044135E20    1.8158471906581852E15    3.6078153168650133       27.537352983538398       1974.830838487438        1.7573303776269055E20    1.8502674355787888E15    3.603859801392706        26.952621493083452       1944.7300290409587       1.7626666537712976E20    9.676906597034894E14     3.605763438214712        9.390156279720047        830.4354244523104        8.469081422968388E19
0.02272631578947368       0.011112244897959178     1.9785681842139558E15    3.582552461668507        28.427507585467204       1498.4699456133683       1.662277518560562E20     2.0065008851669365E15    3.5791843191492845       27.894606551876723       1483.052911732936        1.6636688604079813E20    2.039513680924316E15     3.5752672552113          27.300397086658798       1466.0238182338528       1.6653720382145987E20    1.0315778929275646E15    3.586527091447167        9.624342233584105        732.6754686962603        8.24915048352724E19
0.01938421052631578       0.0126734693877551       2.0583501353444792E15    3.554390341440243        28.567723785054955       1129.5246879705578       1.5026087313848323E20    2.0863042855977438E15    3.5510894430471134       28.032574006307183       1119.560152691094        1.503934769190935E20     2.1188360711632392E15    3.547283620849037        27.434967747305308       1108.6834061148038       1.5053858995855973E20    1.0627479836701208E15    3.569228348783215        9.740169382954747        651.9480659587143        7.855280145684431E19
0.015863859649122798      0.0143265306122449       2.040910322071887E15     3.527189122565218        28.537340657945304       830.7189862194272        1.3161478354492691E20    2.0693078893871935E15    3.524028237963108        28.0031644623652         824.7336001602636        1.3188155954186266E20    2.1018052338271628E15    3.5204113586460646       27.40575626460357        818.3072364662755        1.3215906852867355E20    1.0514090302362969E15    3.5579151600906416       9.720097638954483        574.1756347444161        7.374784770004311E19
0.012165263157894736      0.015887755102040806     1.9470527691823172E15    3.5035976630899706       28.372182614287482       594.7329063605099        1.1397852700241787E20    1.9758220301968448E15    3.5006328994530502       27.840936772651755       591.985768308823         1.1441040928187254E20    2.0083138229036348E15    3.497257847362454        27.24604541904468        589.1588351945902        1.1485863341563296E20    9.954935320793295E14     3.556434118835604        9.55278558908267         489.7129950470007        6.912973184580759E19
0.00828842105263158       0.017357142857142852     1.802956286096738E15     3.483654472745878        28.104708993216363       420.4707664469621        9.81308875650956E19      1.8316869407903425E15    3.4809341692064697       27.57749073997566        420.34856271385536       9.870802810924568E19     1.8639027136757698E15    3.477842621390997        26.986582770122844       420.41012746557436       9.931189574394846E19     9.049147447056765E14     3.5631011766042087       9.247656327242597        393.9396348196898        6.4466604735948866E19
0.04304631578947366       0.0011938775510204067    2.5647217245355375E13    16.815425515646037       -47.42216357892958       141.800679880798         2.29582132673815654E18   2.7676909360992035E13    16.603327077240227       -46.561945765597514      239.64359762438897       2.4751794293619666E18    3.0097738359254324E13    16.361921998291745       -45.57791312508142       354.9663733070371        2.7048106005300255E18    9.670025290217503E13     3.927749836325907        -2.977542803238161       395.86403529146907       1.188318572493484E19
0.04113017543859647       0.001928571428571425     4.4781994439895586E13    16.275584326459374       -30.31257965815671       1002.5075706152338       4.0057706992087772E18    4.710831103318085E13     15.971091472533995       -29.593006663378855      1113.5377503577222       4.2664793552639237E18    4.983373569906866E13     15.626818218912353       -28.773261508041877      1244.2484538441115       4.5858553266739671E18    1.297437189731437E14     3.8306520611082835       0.32194046193855574      189.21310557414125       1.6249110785753244E19
0.0390357894736842        0.002755102040816324     7.387932721068339E13     12.720689914133779       -13.567493555980818      2061.6256065538964       7.4433432312797409E18    7.690576885244323E13     12.328247768071916       -13.010139002226989      2188.698966093768        7.9065843025714811E18    8.045262171662239E13     11.890566544316417       -12.38020663020609       2337.188486532386        8.4662531764968714E18    2.0045922505289E14       3.7629161758492637       3.0990918297933367       868.8914923268256        2.803830207927601E19
0.03676315789473683       0.0036734693877551027    1.2275836329152903E14    6.72952508256498         1.7746357918157414       3287.7636312588834       1.4524414650202364E19    1.2768651002964969E14    6.315563209879286        2.130076358454546        3418.507306623657        1.534637324270402E19     1.3355703477056423E14    5.888450695377685        2.5260018997122238       3569.795563077817        1.63377411002121E19      3.261679275196972E14     3.7181545699889598       5.297660093837664        1518.220683787026        4.680572892818735E19
0.03431228070175437       0.004683673469387751     2.2270669717960472E14    3.857993563995922        14.344347834856494       4456.093869540546        3.0402910050271797E19    2.333025127278436E14     3.8261008966734766       14.437795336375432       4560.0510271589665       3.2270911337547338E19    2.4611569037052434E14    3.797093196300856        14.529290839188938       4677.04383446803         3.4515716226966323E19    4.8076024514265844E14    3.6887124775772904       6.812255728036392        1590.7573791535735       6.468805829414276E19
0.03168315789473684       0.005785714285714284     4.7240800945907844E14    3.6982539800132606       22.438073650245762       4896.736267491773        6.890546355234256E19     4.9985308373561025E14    3.694091128639199        22.199204234055625       4916.8266513294275       7.280895175664582E19     5.3232910518707E14       3.689385740802826        21.909339031183258       4935.464618533561        7.732295770465113E19     6.334066469511066E14     3.6673305634211495       7.838375281630293        1364.0209356775372       7.678351531002706E19
0.028875789473684202      0.006979591836734689     9.915847455359572E14     3.6639567142187532       25.908022797275734       4074.765971854256        1.336278348725529E20     1.0301828669164376E15    3.6603887966764503       25.466619503761912       4019.7912281357167       1.3720093135619418E20    1.0757006048542041E15    3.656203375948719        24.97366272901662        3955.563562583283        1.4123497437779475E20    7.665924123904064E14     3.64898091112862         8.536616960823428        1112.2796676055168       8.339313110592951E19
0.025890175438596476      0.008265306122448976     1.4439827149411952E15    3.63441016844014         27.288436712520852       2776.0503779752817       1.6525014985724006E20    1.4774375605526885E15    3.630817797080471        26.787105583984733       2722.805973833423        1.6661890343532026E20    1.5170814912852775E15    3.6266241274673074       26.229265646430502       2662.7398248202094       1.6819701812586332E20    8.789162196927619E14     3.6304551997964745       9.032327126637094        930.6742047472244        8.636101688100997E19
0.022726315789473674      0.009642857142857139     1.7475678918739622E15    3.6053912185124717       27.97878848403252        1900.7478993001473       1.688491751535016E20     1.7780947794246585E15    3.6017672182198734       27.45634540576569        1873.1769097586107       1.6931129939434734E20    1.814229461080577E15     3.597574854717596        26.87451917494002        1842.4616863873403       1.69864726630194E20      9.691491306913152E14     3.610554718792245        9.385860311029372        810.8531911268512        8.636736624385222E19
0.01938421052631579       0.011112244897959181     1.9239443067449948E15    3.5767084303823005       28.323851164219533       1386.002654313255        1.5889834989550964E20    1.9538652823068515E15    3.5731000033012217       27.794052304843998       1370.9545211974114       1.5909134351247452E20    1.988723148547109E15     3.56897107405883         27.202857005522738       1354.4761446397565       1.5931930561236016E20    1.0347231758788166E15    3.5901000394525284       9.625163407764134        721.2658258329632        8.391018196072035E19
0.015863859649122798      0.012673469387755102     1.994826697052891E15     3.5486725441388933       28.452736845885166       1018.7862881282938       1.4295297431740827E20    2.025000194020853E15     3.545145569271475        27.92109261720076        1009.6898800660565       1.431638399031084E20     2.0594791616947272E15    3.5411504628049935       27.326682694180263       999.884114643136         1.4338839361476764E20    1.067121892470858E15     3.571802769334052        9.744706733598425        646.0212620332857        7.962600666471396E19
0.01216526315789474       0.014326530612244894     1.9773606681168298E15    3.5218305809391          28.42214036703558        732.7960552791556        1.2516772021549028E20    2.0079711238775262E15    3.5184651872210155       27.89154997667848        727.8231479324676        1.2551496724778225E20    2.0424197370175702E15    3.5146809882224037       27.29740897237575        722.631738148841         1.2587385461266329E20    1.0547032058806991E15    3.56037494120753         9.721640195644634        570.9292486958997        7.45814390529756E19
0.00828842105263158       0.015887755102040806     1.893214468720779E15     3.4990088693112256       28.270534951517103       519.015252120138         1.0902667641741553E20    1.9239440810673552E15    3.495861584822977        27.74249053662738        517.1880003360228        1.0952122806757438E20    1.9582235437428395E15    3.492336030028117        27.150592124812842       515.4660537109188        1.1003426820518167E20    9.96211417603083E14      3.559402773705578        9.546356159786257        486.5447394461994        6.987234067069179E19
0.041130175438596484      0.0011938775510204067    2.4968842785043383E13    15.769550325847252       -47.60266049346437       143.97391711178415       2.26534483888737843E18   2.697845556530503E13     15.596865950139062       -46.7272797896667        237.75410355684946       2.4253937272691251E18    2.937576160680035E13     15.387339719080789       -45.7278954593146        348.2857533487743        2.6285237550667305E18    9.722459196230853E13     3.9041318936897045       -2.8620942934296747      261.6512649978379        1.0976722269464504E19
0.0390357894736842        0.001928571428571425     4.46446231822817E13      15.807321340670093       -30.304576029323535      1002.1498619064374       3.9793984471703491E18    4.699843530574011E13     15.526340407223264       -29.56957386108488       1111.6176052644182       4.2283377135699814E18    4.975445723696545E13     15.198334338715927       -28.734443990445044      1240.4363675329985       4.531703722044308E18     1.3235664131319022E14    3.815256724015062        0.46313393813345766      182.68716210548848       1.6097653283532405E19
0.03676315789473683       0.002755102040816324     7.450323846499305E13     12.572994336465811       -13.418788236961875      2069.5245844014626       7.4385922034497628E18    7.75733732759445E13      12.18903187822165        -12.850258138910199      2196.146976519665        7.8969989227471995E18    8.118416432447527E13     11.754385789065802       -12.208178899192395      2344.1617651977767       8.4502883146606234E18    2.053894749061589E14     3.7550385809740514       3.2258425544189495       904.0109698908018        2.8556139716303315E19
0.034312280701754384      0.0036734693877551027    1.2407577448655595E14    6.649989770718195        1.9430140624920633       3299.0154891483808       1.4490223863104571E19    1.2907549532357961E14    6.238267275571629        2.3057218393104226       3429.4368509791193       1.530598087964269E19     1.350560376571696E14     5.814366997618804        2.709712920001281        3580.2128363474144       1.6291048308420889E19    3.288069607621726E14     3.7167195681261957       5.347372288050193        1507.8022173826625       4.717235493702443E19
0.03168315789473684       0.004683673469387752     2.240858842712041E14     3.850767383739453        14.421454736922708       4449.66474339392         3.016483898878087E19     2.348498235198391E14     3.819297989233971        14.521187422988207       4552.621756887775        3.2032106135014703E19    2.4788075686830206E14    3.7906975345749347       14.618862255538042       4668.055465539474        3.427519697328252E19     4.827033201782512E14     3.691856189666748        6.8439624299162345       1515.5001084479309       6.5367478640432914E19
0.02887578947368419       0.005785714285714284     4.6909283302800044E14    3.6935712945558454       22.4054705460021         4859.0882039013395       6.756100668394676E19     4.967050929205281E14     3.689438932891043        22.174018695971952       4878.14855473975         7.146394572362493E19     5.29375121159822E14      3.6847321903563417       21.891218923370072       4895.2062238940525       7.596966822842574E19     6.281400791882729E14     3.673565696156371        7.822998977793445        1288.9418852685476       7.73903919855947E19
0.025890175438596487      0.006979591836734691     9.71119553963395E14      3.6589082142623885       25.834257282185234       4024.277174344642        1.294507598665864E20     1.0095881998906914E15    3.6554235602618763       25.39724992024634        3968.3822814910254       1.3303264352148198E20    1.0551906342896182E15    3.6512937536750703       24.909538894220994       3902.4332937259596       1.3708560132143266E20    7.584993454013802E14     3.6564561804255566       8.511460088029686        1059.4245061235574       8.449707389328608E19
0.022726315789473678      0.008265306122448975     1.4056723799622135E15    3.6292545814536084       27.19353441891619        2713.0208012513062       1.590929071262096E20     1.4388337491003482E15    3.6257597950131046       26.695382227962757       2658.5925800215437       1.6049404439946786E20    1.4783181397444668E15    3.6216551001424224       26.14128092645982        2596.68492906172         1.621130919370961E20     8.698430609550536E14     3.637730363289113        9.006529378393363        899.7694243213634        8.776552501973462E19
0.01938421052631579       0.009642857142857144     1.6937297335323888E15    3.6002906059287474       27.868087305665394       1814.156478050103        1.6160716540116484E20    1.7241334323851048E15    3.5967636730411945       27.34906354650883        1785.8914408632354       1.6214591708663995E20    1.7599613484733682E15    3.5926842346376997       26.77048819387521        1754.6915083204133       1.6277362789883426E20    9.615440337239989E14     3.6165657879066795       9.3680909197128          795.131542929835         8.775182738579893E19
0.015863859649122798      0.011112244897959181     1.8598600232139902E15    3.571777858136853        28.204256338145946       1288.0878859360766       1.5146382697906215E20    1.8899068996862888E15    3.568273075943212        27.67831793115249        1273.3755395778567       1.5176665950386366E20    1.9244965218002178E15    3.564275396756443        27.090409139075412       1257.4953340842858       1.5209745301096858E20    1.030084536881733E15     3.5944905121583437       9.619270151351166        714.5272534522223        8.502531966149802E19
0.01216526315789474       0.012673469387755099     1.9290637130886712E15    3.544073077229114        28.334938252468763       925.4076953979246        1.3620566284392923E20    1.959417760703943E15     3.54066730070665         27.80718352982161        917.0592547462124        1.3653340451383488E20    1.9937129060811268E15    3.5368217071451418       27.216123767945835       908.3131045773248        1.3687064145649328E20    1.0647578051108075E15    3.5749585464174625       9.747087811273971        644.2821444170502        8.039980887413858E19
0.00828842105263158       0.0143265306122449       1.919903703313643E15     3.517854741990845        28.319295539336252       656.5646050029973        1.1986177528147096E20    1.950545478706575E15     3.5146352989596257       27.792148443678048       652.4298073854529        1.2030917831291255E20    1.9847882808883498E15    3.5110188119978427       27.201097855212833       648.3301921610478        1.2076785266125572E20    1.0521356108502308E15    3.5631935654569378       9.723750866820973        570.3358375119591        7.512006008741313E19
0.0390357894736842        0.0011938775510204067    2.4725681442467145E13    16.601522530291632       -47.59591450761193       154.2378122841692        2.16083105569651302E18   2.6752116792324074E13    16.39941749377791        -46.709473165573854      244.35161470587943       2.3103366081116145E18    2.916814042435271E13     16.167121633690943       -45.69897158673989       350.51545368953265       2.4986209111541709E18    9.893845549694322E13     3.873841159988752        -2.7281908609778562      160.5682611585251        1.032022455146531E19
0.03676315789473682       0.0019285714285714253    4.4866030703741766E13    16.1772091260277         -30.182318438811194      1004.9411999470813       3.8651287652366915E18    4.728020525006937E13     15.874462290772966       -29.43758449636523       1112.4384032930377       4.1061180496108989E18    5.010948548596038E13     15.530710615016087       -28.591766034947614      1238.9425260615253       4.399513168553387E18     1.3486659638209662E14    3.798046570130188        0.5730427650119869       173.62898319642827       1.5910645168701186E19
0.034312280701754384      0.002755102040816324     7.516933588332316E13     12.60021010603071        -13.26151402382176       2069.0035918115127       7.3071988319155784E18    7.833562945470412E13     12.205767675941058       -12.685353946226739      2194.4502190182106       7.755374249148587E18     8.20634346225644E13      11.764589916863725       -12.034617305083346      2341.0296474792767       8.2964246450632755E18    2.0904327659952162E14    3.747594462836201        3.3013680787983266       908.7631666783138        2.8655460842661544E19
0.03168315789473684       0.0036734693877551027    1.2473264469746264E14    6.588787147335768        2.0283834177238536       3287.8124375579273       1.4224927101007204E19    1.2989593344438627E14    6.177654302646063        2.3988941698892834       3417.4013000548684       1.5018297339188306E19    1.3605121236811431E14    5.757316454157372        2.8105557984689344       3566.955304410741        1.5974517623521612E19    3.31058786659926E14      3.7165265338495344       5.369891476324042        1442.343558107304        4.7260854567246635E19
0.02887578947368419       0.004683673469387752     2.2302742904575256E14    3.8470274916953158       14.375791708567643       4413.753531118658        2.9427270381980504E19    2.3401211885203672E14    3.8146130016097906       14.48485056888666        4516.235099516739        3.1249302604524618E19    2.4730387469259328E14    3.785219562383038        14.59229307324092        4630.754055268941        3.3435028655882306E19    4.7964048881026475E14    3.6965789076647515       6.81520365436531         1413.7942597121164       6.54191927808684E19
0.025890175438596476      0.005785714285714281     4.5809645390683944E14    3.6887300240158654       22.27638887319688        4807.121443595569        6.498359586171056E19     4.8577988092123575E14    3.6842266876034437       22.056312892289785       4826.959398769137        6.878192073416074E19     5.1863748005147156E14    3.679134347775269        21.78578741054944        4844.232448704501        7.3174951386489725E19    6.203815805920962E14     3.6808588940602576       7.770658440015593        1204.4618738288043       7.788597481163648E19
0.022726315789473674      0.006979591836734691     9.387462844246442E14     3.6539498192992768       25.70853354093396        3982.9188425913235       1.2374963359388384E20    9.776139404581854E14     3.650175402870944        25.276403368287625       3927.5800598034957       1.2727563498467244E20    1.0239219023181968E15    3.6457518808043226       24.79489095422865        3860.812715409152        1.3128946593385133E20    7.494025061032466E14     3.6644193288213596       8.458929326955987        1004.9263469102532       8.568943675765834E19
0.01938421052631578       0.008265306122448978     1.357713916346054E15     3.624448290112346        27.066764298058587       2666.050550984542        1.5217250372895087E20    1.3920170575521842E15    3.6206644265753094       26.572525991094324       2610.1529454708952       1.5357505109910946E20    1.432481765352623E15     3.6163043445950445       26.022229895208252       2546.5126740232326       1.5518589722685968E20    8.613726347872458E14     3.644797468562428        8.960778412170542        871.0193253202488        8.927326811808195E19
0.015863859649122798      0.00964285714285714      1.6351753696033765E15    3.595713388621867        27.739737135234666       1742.4351422020777       1.543331938429714E20     1.6674117909236878E15    3.591903988003491        27.224976497018783       1712.5828906933511       1.549229791206165E20     1.704459896470429E15     3.587590975409411        26.649596049809755       1680.7186538815347       1.555771899610882E20     9.570947156399128E14     3.6217047815125794       9.340293750003193        783.2938511647782        8.923194416476622E19
0.01216526315789474       0.011112244897959185     1.798132931670073E15     3.567520182024418        28.081366209024793       1206.105887732879        1.4467171249147655E20    1.8302945567126082E15    3.5637527082923866       27.559589867453635       1191.3260084248034       1.4504845334121175E20    1.8664481282959638E15    3.5595413795982207       26.974941760974303       1175.8674754594444       1.4543771088765945E20    1.0307242713983305E15    3.597573999838226        9.610503749224655        711.4723930170487        8.620522229544904E19
0.008288421052631582      0.0126734693877551       1.8739407160794345E15    3.5403469408969523       28.22944440076902        852.5265717818572        1.307075105687393E20     1.90634981226979E15      3.5367101603319138       27.70526125619003        844.632184822893         1.3110457175268391E20    1.942348057094403E15     3.532673595640973        27.11723070275546        836.7178618222243        1.315053237687123E20     1.0684770646322024E15    3.5765993005949315       9.74891495059498         644.9861081184804        8.119637948158704E19
0.03676315789473682       0.001193877551020407     2.4372373461530984E13    15.828653805952861       -47.507999530859244      167.2569887828717        2.1518610376287488E18    2.638344989146947E13     15.653074379291649       -46.61438872150502       253.87148121173556       2.28514775782786381E18   2.878611951789294E13     15.44084709312689        -45.59593719477575       355.84650898083953       2.451371966637502E18     9.890531092453864E13     3.844359960507642        -2.6258794484369963      90.2842952008481         9.622856742937016E18
0.034312280701754384      0.0019285714285714258    4.47909452188985E13      15.789493741414995       -30.05075925709595       1004.3394936438041       3.8314729301177953E18    4.72121284238175E13      15.505755157403076       -29.299173910902855      1109.4857611496363       4.0584486941914388E18    5.005708020915811E13     15.174660603878307       -28.44549887287191       1233.181728703718        4.3335363580121293E18    1.3460760291596131E14    3.7831471853179006       0.6300622992574323       161.60191055783824       1.549047618929448E19
0.03168315789473683       0.002755102040816324     7.514570650710005E13     12.491358497882391       -13.17930450626855       2054.3560570269533       7.1887726120586619E18    7.832932815768572E13     12.104528943776796       -12.595228054685677      2178.1059307626147       7.6214533265682012E18    8.207572198615975E13     11.666324896085918       -11.936513210339156      2322.538244964977        8.1414202735076332E18    2.0946722344526762E14    3.743475365585086        3.3415713260840683       857.8445817105926        2.846394761970253E19
0.028875789473684202      0.0036734693877551027    1.2393130965000098E14    6.612713707522837        1.9812273421059217       3252.153314995725        1.3863813011587117E19    1.2909365145321427E14    6.195716987967749        2.3619159551760847       3380.613697920767        1.4632086844976914E19    1.352619689575707E14     5.768252227715166        2.7845368336401006       3528.6531990947456       1.5556123228173533E19    3.2748215692974044E14    3.7198207377182295       5.35033761245745         1320.2844821240503       4.694496250392822E19
0.025890175438596487      0.004683673469387753     2.1873948047315225E14    3.8513139361788626       14.191126889464886       4351.289205653939        2.8336054089761403E19    2.296073640541518E14     3.816681597038414        14.314817795042211       4453.9439788468235       3.0112270722350924E19    2.4276447213965903E14    3.7853286276031417       14.4377757661753         4568.183238475465        3.2239301689827725E19    4.671256876334418E14     3.704527141300988        6.735363390623095        1291.7461052439169       6.492363726640818E19
0.022726315789473674      0.005785714285714284     4.3961219336615944E14    3.684943760661056        22.054761684065763       4743.934741816506        6.157539052468331E19     4.6638705153670875E14    3.680417182607873        21.850774530573148       4766.297759529205        6.5243996207165686E19    4.986699539637532E14     3.675268795947039        21.600455374775123       4785.231778209012        6.954488168514365E19     6.036823464178474E14     3.690762548719945        7.685692973988075        1111.875915057801        7.81104523845986E19
0.01938421052631579       0.006979591836734691     8.961500167556322E14     3.6500079190735946       25.541524242985105       3950.8540194270768       1.1723635038729298E20    9.341090871439954E14     3.646292150313599        25.11549602547076        3896.8911739395976       1.2073262285176178E20    9.797196255253774E14     3.6419406994820394       24.6415346063488         3830.672775719999        1.2476518809832382E20    7.309055604219582E14     3.674334735135166        8.380217879982624        950.0672408096829        8.658611538587278E19
0.015863859649122805      0.008265306122448978     1.3019174824870355E15    3.620748141798681        26.919097205408875       2635.9310597855783       1.4509326997189578E20    1.3366175483955652E15    3.6170144358516096       26.431497226462053       2576.223557569029        1.4662649664039448E20    1.3764212749540988E15    3.612753163358141        25.88535155832556        2511.5253753321726       1.4828814151760006E20    8.45695831267531E14      3.6530034039513355       8.904528061693302        844.6251013683836        9.056195067852579E19
0.01216526315789474       0.00964285714285714      1.5749415187640065E15    3.5923148681945385       27.60797254724446        1686.7330155382215       1.4761418120852213E20    1.6075621830977818E15    3.5885701968743122       27.098473169861954       1654.538386247381        1.483266752672989E20     1.6441815873975062E15    3.584368276193887        26.526738658703675       1621.8940473080727       1.490658602071574E20     9.472666005775674E14     3.6273922649107617       9.312780991269861        775.4232078631055        9.04800178267955E19
0.008288421052631582      0.011112244897959181     1.7424628432915198E15    3.5645563167493455       27.971474476867435       1143.7642133244697       1.3907122426270887E20    1.774846823121831E15     3.560885569437844        27.453917786872022       1128.6007897312309       1.3956196676757155E20    1.8107559624018598E15    3.5568037067093883       26.87264507087832        1113.5056995492057       1.4005024107233703E20    1.0257940098704822E15    3.6009709564866363       9.603236505396657        711.7576744616408        8.704473901008655E19
0.034312280701754384      0.0011938775510204067    2.4166483334267188E13    16.521810572326167       -47.41385206434643       180.1222423320239        2.06776512912891546E18   2.6186514671287777E13    16.325127755163724       -46.51513648131114       263.34506280007093       2.19268122732764186E18   2.860256977181778E13     16.097379430474955       -45.490775532985744      361.2403510142538        2.3475934421089997E18    9.909819693891697E13     3.8154224832100354       -2.5560258211866467      40.059757648758406       9.1418114812533012E18
0.03168315789473683       0.001928571428571426     4.467025154752286E13     16.114361457725764       -29.98108583758878       997.2937439389177        3.6993203843941187E18    4.713590366721344E13     15.812699567362182       -29.222657887198803      1099.900495326498        3.9165670703143578E18    5.002834393281258E13     15.468889438634232       -28.36198480039056       1220.5069146507524       4.1790039463868303E18    1.3474941473615505E14    3.7702538961851766       0.6608329643617705       115.54224915812628       1.5147943769328951E19
0.028875789473684202      0.0027551020408163244    7.47005644899863E13      12.563446886588572       -13.221503451693193      2024.9748318854417       6.9473427273993083E18    7.795018181286952E13     12.165723770212356       -12.627918857814256      2146.831477605821        7.3623623909576346E18    8.177214323754102E13     11.720697477371587       -11.958948909435167      2288.9355048909197       7.8604572570430351E18    2.080395777190176E14     3.7416857554911047       3.3186677245459695       743.7133616911909        2.799259376138144E19
0.025890175438596476      0.0036734693877551027    1.2207322066119845E14    6.685037178873201        1.780974523059328        3195.5585735102436       1.3348625585288049E19    1.2731725349662047E14    6.256908548644825        2.1762091847211824       3323.142612745094        1.4084311842862594E19    1.3357055661211475E14    5.818043952000905        2.614141553803674        3469.8453456942916       1.496580175757533E19     3.216416762305006E14     3.7252950550764723       5.279809479791628        1156.6802400369436       4.638837693049011E19
0.022726315789473674      0.004683673469387752     2.1219257807384703E14    3.862122485948761        13.870516033093669       4269.445206531927        2.6986040919314436E19    2.2303485409621884E14    3.8234422707113045       14.014390611688516       4373.457970419542        2.869161118280548E19     2.3611372754379678E14    3.7884627942166844       14.158655539408539       4488.634988448938        3.072762878119289E19     4.53439959479281E14      3.7139427843908335       6.620124778078448        1150.55516592219         6.4458979433241534E19
0.01938421052631578       0.005785714285714284     4.167664971518946E14     3.6819683958761065       21.750363093991098       4676.349760020413        5.7740047314980995E19    4.428335803496361E14     3.676975518769909        21.567720185093926       4702.13532228915         6.122518125079736E19     4.746387854600232E14     3.6713806154532964       21.3428987369077         4724.2898135839205       6.53675408389619E19      5.86456547975443E14      3.7014191850738247       7.571910082986186        1013.7225505886335       7.845016747857256E19
0.015863859649122798      0.006979591836734691     8.479952437471131E14     3.6468036062830627       25.336781406039545       3928.0695754847793       1.103088085463107E20     8.880699483927798E14     3.642705765656631        24.927417850924343       3874.5939648123467       1.1401018613691282E20    9.334212916210094E14     3.6380820042680284       24.460594024227117       3810.20771904105         1.1798019630999952E20    7.138112654743134E14     3.683956303392739        8.283612038869352        893.8626455144347        8.761649240679196E19
0.01216526315789474       0.008265306122448978     1.2479021610783772E15    3.61776857338789         26.765835979552815       2619.8707740694927       1.3855307737190983E20    1.2846057713945772E15    3.6136995531263207       26.286011845890204       2554.6270242359724       1.4020217968898423E20    1.3252250297026652E15    3.6091798276092626       25.74446407238906        2488.410691385542        1.4189217416936697E20    8.348605888407935E14     3.659961433163544        8.846217604880147        822.4659611687413        9.201757026147552E19
0.008288421052631584      0.009642857142857144     1.5242078089744372E15    3.5896752825579448       27.489224930089872       1647.0582960867819       1.4211802857628857E20    1.5588535142835295E15    3.585638281570118        26.98489791821893        1612.2522938919706       1.4291561895368386E20    1.5968745853732052E15    3.5811989786142657       26.416985206772836       1578.044116211616        1.4370589392864313E20    9.439066933938555E14     3.6313004750727327       9.288562276207367        770.8300705717809        9.175695589160793E19
0.03168315789473684       0.0011938775510204071    2.370401901496871E13     15.87893774656651        -47.363494095378876      189.69095297170452       2.06151887482270771E18   2.5699833901344844E13    15.701343819781485       -46.45968187659211       269.5383782253261        2.17456711812574541E18   2.8088420551335652E13    15.487095339414058       -45.43006378541101       363.39234753659565       2.31319015508606E18      9.719643381746277E13     3.791579683219407        -2.5405564951242074      -15.778269554404162      8.6421165143069727E18
0.0288757894736842        0.0019285714285714258    4.403088240649985E13     15.784859595872412       -30.01422711279469       981.4557943207686        3.6413182909075717E18    4.64850024943342E13      15.499152691123111       -29.247751820705226      1081.3580972219886       3.8458548091327703E18    4.936800967353986E13     15.166167065361504       -28.378395673463125      1198.7358896545304       4.0915470470737352E18    1.3219154515646927E14    3.7620942552218724       0.6340896212679921       31.34984906538577        1.4678028528384956E19
0.025890175438596476      0.0027551020408163244    7.337770014944784E13     12.531237429257066       -13.407303121932275      1980.9130603857311       6.746913187266816E18     7.661332809455748E13     12.137862419808824       -12.800412557556644      2100.816579275416        7.1448989509452278E18    8.041989154491136E13     11.693837050596303       -12.11761079739969       2240.49578102505         7.6205365710198272E18    2.0194441332488962E14    3.7442074243955608       3.2302843178610754       583.04709563854          2.7231505544651084E19
0.022726315789473678      0.0036734693877551014    1.1882644569077256E14    6.850030506533913        1.4324858049048665       3121.0770585819682       1.2837996790457647E19    1.2402976096297384E14    6.4038170206714975       1.8483212241324851       3248.205643261146        1.3551441673000243E19    1.3019851123382273E14    5.942185556282051        2.306372288098651        3393.8444776021634       1.4398123827289299E19    3.075153498039324E14     3.7343972907251906       5.1303842500769905       958.4315481013041        4.521302855147124E19
0.01938421052631578       0.004683673469387752     2.0349189773497703E14    3.88345102944307         13.436218616420069       4173.840239168862        2.5563503027082514E19    2.1409146282838178E14    3.8390236568959          13.606156196221614       4279.560794468812        2.7217687763243565E19    2.268019905478883E14     3.79884733420822         13.778068142187234       4396.437834004268        2.918468326732013E19     4.326161286531884E14     3.7260598703587338       6.462997131206164        992.0796025331422        6.36436926952552E19
0.015863859649122798      0.005785714285714284     3.922318994774624E14     3.6806605195803312       21.39740418606532        4605.350367611401        5.401317183446445E19     4.1660004866385625E14    3.675436579779353        21.234412599840418       4635.547622926733        5.727759750177074E19     4.472906907725423E14     3.6697376680965657       21.03986734717917        4661.977767374031        6.130061712776377E19     5.614948308926111E14     3.7138601336452526       7.425270430036343        912.2120425098047        7.83575581925772E19
0.01216526315789474       0.006979591836734693     7.98858330777736E14      3.6448962891816916       25.119010702086197       3911.3434172415623       1.0374667581652191E20    8.413022247474079E14     3.6407443651617495       24.733824030467183       3858.55624589549         1.0784470514908383E20    8.856308675921009E14     3.6361885952479724       24.27594727696875        3796.823108291124        1.1183857022248252E20    6.936180811676215E14     3.694113933715262        8.18949223423636         842.8476497669977        8.854686376971208E19
0.008288421052631582      0.008265306122448982     1.1989700781587022E15    3.615991780612438        26.625713506783065       2612.1671998187917       1.3305210037824746E20    1.2368075211107848E15    3.6119499084298297       26.15520290957558        2544.894284360955        1.3493016475240989E20    1.2775399191816882E15    3.6075159429786696       25.61996928006188        2475.070062272529        1.3675694964416286E20    8.216702541286285E14     3.666659234969158        8.798152667467082        804.7581311831427        9.317029552057662E19
0.02887578947368419       0.0011938775510204071    2.3252801195476277E13    16.46091998647516        -47.38641805756087       195.06791997205727       1.9779839264317376E18    2.52444595793064E13      16.26778541080791        -46.4767969279295        271.66305269766667       2.08568640903975962E18   2.762960626537426E13     16.043182061139934       -45.440887472637435      361.65032778280795       2.21720455440924109E18   9.500503289506234E13     3.7699004725273553       -2.5846620134067484      -76.51750217442618       8.2694553796430551E18
0.025890175438596487      0.001928571428571426     4.322269690441953E13     16.08803374207958        -30.1670650902606        957.7915370414005        3.4890849824839859E18    4.570137524263183E13     15.78633057613924        -29.389699945803603      1055.070852532547        3.6850651808939607E18    4.86101590889582E13      15.442834609741677       -28.509118778091228      1169.3066293142588       3.9199168263177692E18    1.2958914231824002E14    3.7563945155925147       0.5644932554821227       -83.29652601892826       1.4264815349733159E19
0.022726315789473678      0.0027551020408163244    7.164707010847206E13     12.670233643104455       -13.732979983047269      1925.784873180312        6.4526603947557878E18    7.49379007799303E13      12.26288040443019        -13.107615283549677      2044.150073595861        6.8352606676513812E18    7.877966222644342E13     11.809802813386078       -12.407421504323585      2181.648371101938        7.2899327909371791E18    1.938373724685436E14     3.7493394057916274       3.0676179696221495       390.83350546044704       2.6251044070970778E19
0.019384210526315778      0.0036734693877551027    1.1493903238891773E14    7.05010670480435         0.961555394729248        3035.91195381989         1.2257406451967769E19    1.2021155520900619E14    6.58392271845916         1.4021857572986127       3163.078154723232        1.294863591817625E19     1.2639119456485966E14    6.097795791646247        1.8854768109034512       3308.2396591662173       1.375862017335965E19     2.9181353144298794E14    3.745304033842129        4.925497599857678        731.7306850543802        4.38670632571224E19
0.015863859649122798      0.004683673469387753     1.9459080185569866E14    3.9117117039403384       12.939621559653903       4074.0757914724436       2.4188248563376546E19    2.0477541055590647E14    3.859952899752897        13.126909377671437       4181.507948090931        2.573956203015412E19     2.1728937683716978E14    3.812832125061398        13.330519007986071       4301.088123850015        2.7627543303410897E19    4.115131808380425E14     3.7390472107325126       6.269541290260345        837.7705990640242        6.278822273841811E19
0.01216526315789474       0.005785714285714284     3.6952090105899194E14    3.680259573370713        21.029322135531466       4537.199122734417        5.06797848872076E19      3.92436653194706E14      3.674320259185314        20.883809107927945       4573.359875146177        5.370600427569896E19     4.219270948728015E14     3.66811624016188         20.715650800179308       4604.724234495995        5.7511130465168835E19    5.422247538225268E14     3.7253926584457804       7.286755675094634        817.4735329163891        7.87207488468629E19
0.008288421052631584      0.006979591836734693     7.587312560518758E14     3.643601381219323        24.925060040567583       3897.991914512208        9.84484115650956E19      8.008144864251258E14     3.6390611899621987       24.548245717000356       3848.263993618301        1.024727402153833E20     8.472838479235191E14     3.634172164376167        24.10875552195467        3787.979157140465        1.067088155422803E20     6.807703694706185E14     3.7020320470553276       8.109794062182743        797.3621269052298        8.96662595048463E19
0.025890175438596487      0.0011938775510204071    2.2528165336610617E13    15.875963058612285       -47.49410723266961       195.4120333353632        1.96287687976216166E18   2.4482365096543598E13    15.698068721143185       -46.57672664751695       268.85044969904715       2.06243273090605184E18   2.682496243343384E13     15.484033462478784       -45.532835404678         355.1146928417568        2.18275833709847066E18   9.105776813210292E13     3.754276874183045        -2.6824600461581953      -147.10800666833995      7.8849854231054684E18
0.022726315789473678      0.0019285714285714264    4.1935567751436125E13    15.798022785009264       -30.435712360198014      926.8443359689097        3.4137243589249725E18    4.439521080209447E13     15.509866892959979       -29.64326644514307       1021.689750885884        3.6007306493263007E18    4.727109925078275E13     15.1760369339272         -28.748784593999616      1132.8932051546972       3.8226323922692337E18    1.2463717635616208E14    3.755863432217046        0.44029639179036806      -209.5555764156382       1.3790383196090943E19
0.019384210526315778      0.002755102040816325     6.9275830061099945E13    12.704219630455194       -14.17217817155263       1862.8119401444385       6.2308114171893873E18    7.255666681835875E13     12.298226786064786       -13.525053276234361      1979.8030391795944       6.6024927402929736E18    7.635566676370633E13     11.842788560525218       -12.803145979604434      2115.3332180822285       7.0394155253121372E18    1.8194372514736412E14    3.758403655103405        2.836726948830301        127.0844991679971        2.5065461053161685E19
0.0158638596491228        0.0036734693877551014    1.10562265926899E14      7.3068410416792835       0.4252755267431487       2946.9245210290615       1.1773984312284223E19    1.156430865565562E14     6.8249240987378315       0.8815808143324985       3073.2467362430916       1.2441207736660838E19    1.2171808536558662E14    6.308652044954772        1.3942256565214013       3218.5022441525516       1.323123761915714E19     2.7482041548746156E14    3.7589912713239877       4.714611336365284        497.1486923045809        4.268476133329646E19
0.012165263157894743      0.004683673469387753     1.8587486871283678E14    3.9480493351334083       12.434511372032787       3977.149540529719        2.3008014635919045E19    1.9533008208477888E14    3.8881919745990983       12.633119179154981       4086.703587956001        2.446706889759311E19     2.0745493479547406E14    3.833183197348408        12.867491464572103       4208.736208670966        2.630098453126944E19     3.9047097305393475E14    3.7528634262838767       6.088221716817017        667.8062327002445        6.213997816998337E19
0.008288421052631582      0.005785714285714284     3.505889947807066E14     3.681003685375827        20.699553053565857       4477.271305788475        4.807529385540175E19     3.722241400743397E14     3.674815973481233        20.572681881686652       4518.143992469952        5.095178741812969E19     3.998342661815422E14     3.6683914266791193       20.42231758529989        4554.815100977339        5.4558720690156995E19    5.227512206565787E14     3.736101729902481        7.163304389000299        727.1555555391594        7.888514881746467E19
0.022726315789473678      0.0011938775510204071    2.1813179660931793E13    16.372757454218924       -47.684064905254075      191.53525284563912       1.87441578935120947E18   2.3754126244561117E13    16.183292565918542       -46.75608143884383       262.09301731081666       1.97145091929941325E18   2.6076293762628824E13    15.962630807623658       -45.702540521813056      344.9482172404948        2.08802150400084173E18   8.779582166773284E13     3.740108879691719        -2.803203948831077       -197.92852411871328      7.6734733273508495E18
0.019384210526315778      0.001928571428571427     4.059014877784136E13     16.089984079802125       -30.79839839468006       891.8858773081333        3.256424775920041E18     4.307140835760243E13     15.786917217481832       -29.988568488785504      984.5330746729226        3.438372738411884E18     4.595412364379442E13     15.44320918162184        -29.077021858312577      1093.0133991570806       3.6524641438056166E18    1.1612360541307398E14    3.758220135311063        0.1502341235399034       -365.5050273799158       1.2993754146890619E19
0.015863859649122798      0.002755102040816325     6.694049232931276E13     12.885755982238319       -14.672379299582417      1798.735511907485        5.9519612246482084E18    7.0199157039301516E13    12.467264481807483       -14.012116608297028      1913.79258551753         6.3074770655632189E18    7.402538312438319E13     11.999429372483558       -13.265101767384328      2047.9632667363135       6.7302488912830812E18    1.710993942291576E14     3.7691610477837143       2.5847951856953015       -128.49894641814737      2.3998206290389443E19
0.012165263157894741      0.0036734693877551036    1.0656623371015173E14    7.540460215537093        -0.11686053677810548     2862.888649303654        1.1296429226108178E19    1.114817425245698E14     7.050136831266892        0.3478289528809828       2988.4798989683577       1.1932207092695196E19    1.1758705099114612E14    6.5116675072005075       0.8894411475197672       3134.0074282611176       1.2703852140068559E19    2.5823403299709678E14    3.7726788323545577       4.468537946863293        252.17086038262323       4.139504385318649E19
0.008288421052631584      0.004683673469387754     1.7881269234930003E14    3.983467673585388        11.98529868535041        3895.12735118974         2.2045946712632984E19    1.880738670770897E14     3.9154448429300337       12.201313192538272       4006.910510653224        2.344754677964824E19     1.996896123865072E14     3.8528655839112926       12.449845731774085       4130.894663439643        2.518293849469338E19     3.7397234225489644E14    3.7645223712242095       5.916962928284014        517.9310134965656        6.1615401983827706E19
0.019384210526315785      0.0011938775510204073    2.090996640426149E13     15.816085036244289       -47.94023493406372       184.08295249209982       1.85094203528771994E18   2.2809649627781656E13    15.639830501518166       -47.00008125983935       251.93177573139377       1.94323379566441062E18   2.50781526772542E13      15.428114004939099       -45.93476333840572       331.6314126984004        2.05228002427703603E18   8.210666218599331E13     3.733767006678349        -3.027883396966099       -222.80172905539126      7.3540047038865838E18
0.0158638596491228        0.001928571428571427     3.903549571082131E13     15.823003505674325       -31.210854302538436      855.4887324651561        3.1848203375913559E18    4.1456685658544234E13    15.53274005257091        -30.390749285616543      945.6402758478173        3.3587413118412237E18    4.430205335427835E13     15.19708834909804        -29.459386773055993      1051.7753457258557       3.5647442999771699E18    1.0825927570002495E14    3.7651807740407093       -0.1128879183960746      -510.3602160073016       1.2374131448432198E19
0.012165263157894745      0.0027551020408163257    6.453196678618232E13     12.936937173480414       -15.176019573976635      1738.1538097646953       5.7777801409484298E18    6.766299679864153E13     12.524245695923819       -14.50934275430798       1851.1704952384318       6.1189067550354493E18    7.146224704132967E13     12.053118413467542       -13.737374185088873      1984.0722013881382       6.532628140383401E18     1.586785073671478E14     3.7826756429751525       2.3024983432687662       -366.1243497783054       2.288103100978336E19
0.008288421052631587      0.003673469387755102     1.029940875818724E14     7.76806735930204         -0.5959298248864952      2791.3824973194164       1.0966926355171203E19    1.0778823775229069E14    7.271040934913781        -0.11649101173218745     2917.0807728354057       1.1595531353313882E19    1.1366469386555383E14    6.717305986963639        0.4380172800542853       3061.8464362615          1.2347854289874926E19    2.430442695328782E14     3.786144423301925        4.25060673537521         36.05160096959864        4.029920814135139E19
0.0158638596491228        0.0011938775510204076    2.012258246860526E13     16.259567364710485       -48.23141307497063       174.8857956954907        1.76515912704104038E18   2.1988649671248273E13    16.073387956153663       -47.28429551094463       240.213948320026         1.85558085195941862E18   2.423274482286318E13     15.857160776526486       -46.205379737020756      317.23241384993867       1.96364306945470157E18   7.749953926924583E13     3.729235088066574        -3.2560794033239766      -251.36493014720162      7.1842434644210504E18
0.012165263157894745      0.0019285714285714277    3.771194649595604E13     16.1058676613688         -31.625664594010725      821.7171063619513        3.0504651086365312E18    4.009065742382933E13     15.802407816218373       -30.801003284657895      909.5845281764532        3.217892063720023E18     4.294829870277358E13     15.456915313670489       -29.85003536752082       1013.705219984442        3.4203974081457111E18    1.0102509079599058E14    3.7738766575886644       -0.4061363385548682      -631.9820726821022       1.1824139876992823E19
0.008288421052631584      0.0027551020408163266    6.2642751893270875E13    13.104033747488472       -15.620279175880292      1687.824869687424        5.5731668883963453E18    6.577543800353957E13     12.682450612750426       -14.94184197511712       1799.8480030906353       5.90550657622033E18      6.9533301114647414E13    12.202885985278288       -14.15918728172037       1931.0448490152871       6.3060558654955223E18    1.4889809698411428E14    3.7953239654503803       2.037856944612671        -559.4012288581575       2.1976587114024817E19
0.012165263157894743      0.0011938775510204073    1.9304023982739582E13    15.728940090205858       -48.52363415707342       165.09603260330732       1.74663116637892915E18   2.1104715742042367E13    15.553687231891136       -47.573648131275         228.20293957914714       1.83216411518483405E18   2.3301801472105664E13    15.345030909934453       -46.48119989306492       302.8400097743108        1.93599623177996979E18   7.229519774558812E13     3.732826872836622        -3.503009076631496       -262.0980906414547       6.9975899810632069E18
0.008288421052631584      0.0019285714285714277    3.647070371035748E13     15.846388996286022       -31.990682290402212      793.1782190416428        3.0088231740557128E18    3.880424344457303E13     15.55661057367375        -31.15708305597489       879.4489717498755        3.1719825426552038E18    4.159244604627756E13     15.219083923084685       -30.19790468391527       981.5011485215578        3.3678009731122831E18    9.437805480125836E13     3.7859225654240056       -0.665559316401516       -694.1552488434195       1.1383887393628824E19
0.008288421052631584      0.001193877551020408     1.872050321028761E13     16.15587929875854        -48.780597886536206      156.58875855671366       1.67748169970172109E18   2.0499796988255684E13    15.972155671022982       -47.824607210850814      218.05856957589737       1.76291691817580954E18   2.26647615662354E13      15.758734212850547       -46.726734760986965      290.76232398506653       1.86631370463589504E18   6.9373761791515164E13    3.7374406126969126       -3.6768948931639183      -230.8128013045441       7.034505411795199E18
